// Demo songs built into the firmware (PROGMEM). GENERATED by tools/build_demos.ps1 from
// songs/demos/*.stepper - don't edit by hand. SongLibrary copies them into LittleFS on the
// first start and again on "Restore demo songs"; playback always reads the LittleFS copies.
#include "EmbeddedSongs.h"

// Eine kleine Nachtmusik (43132 bytes)
static const uint8_t song_Eine_kleine_Nachtmusik[] PROGMEM = {
  0x53,0x54,0x50,0x4D,0x01,0x00,0x00,0x00,0x0E,0x15,0x00,0x00,0x00,0x00,0x00,0x00,0x00,0x37,0xA0,0x01,0x00,0x00,0x00,0x00,
  0x02,0x3E,0xA0,0x01,0x00,0x00,0x00,0x00,0x03,0x3E,0xA0,0x01,0x00,0x00,0x00,0x00,0x04,0x43,0xA0,0x01,0x00,0x00,0x00,0x00,
  0x01,0x47,0xA0,0x01,0x00,0x00,0x00,0x00,0x00,0x47,0xA0,0x01,0x00,0x00,0x00,0x00,0x00,0x4F,0xA0,0x01,0x00,0x00,0x00,0x00,
  0x00,0x4F,0xA0,0x01,0x70,0x02,0x00,0x00,0x00,0x32,0xD1,0x00,0x70,0x02,0x00,0x00,0x02,0x3E,0xD1,0x00,0x70,0x02,0x00,0x00,
  0x04,0x4A,0xD1,0x00,0x70,0x02,0x00,0x00,0x01,0x4A,0xD1,0x00,0x41,0x03,0x00,0x00,0x00,0x37,0xA0,0x01,0x41,0x03,0x00,0x00,
  0x02,0x43,0xA0,0x01,0x41,0x03,0x00,0x00,0x04,0x4F,0xA0,0x01,0x41,0x03,0x00,0x00,0x01,0x4F,0xA0,0x01,0xB2,0x05,0x00,0x00,
  0x00,0x32,0xD0,0x00,0xB2,0x05,0x00,0x00,0x02,0x3E,0xD0,0x00,0xB2,0x05,0x00,0x00,0x04,0x4A,0xD0,0x00,0xB2,0x05,0x00,0x00,
  0x01,0x4A,0xD0,0x00,0x82,0x06,0x00,0x00,0x00,0x37,0xD0,0x00,0x82,0x06,0x00,0x00,0x02,0x43,0xD0,0x00,0x82,0x06,0x00,0x00,
  0x04,0x4F,0xD0,0x00,0x82,0x06,0x00,0x00,0x01,0x4F,0xD0,0x00,0x52,0x07,0x00,0x00,0x00,0x32,0xD1,0x00,0x52,0x07,0x00,0x00,
  0x02,0x3E,0xD1,0x00,0x52,0x07,0x00,0x00,0x04,0x4A,0xD1,0x00,0x52,0x07,0x00,0x00,0x01,0x4A,0xD1,0x00,0x23,0x08,0x00,0x00,
  0x00,0x37,0xD0,0x00,0x23,0x08,0x00,0x00,0x02,0x43,0xD0,0x00,0x23,0x08,0x00,0x00,0x04,0x4F,0xD0,0x00,0x23,0x08,0x00,0x00,
  0x01,0x4F,0xD0,0x00,0xF3,0x08,0x00,0x00,0x04,0x3B,0xD0,0x00,0xF3,0x08,0x00,0x00,0x01,0x47,0xD0,0x00,0xF3,0x08,0x00,0x00,
  0x03,0x53,0xD0,0x00,0xF3,0x08,0x00,0x00,0x00,0x53,0xD0,0x00,0xC3,0x09,0x00,0x00,0x02,0x3E,0xA1,0x01,0xC3,0x09,0x00,0x00,
  0x04,0x4A,0xA1,0x01,0xC3,0x09,0x00,0x00,0x01,0x56,0xA1,0x01,0xC3,0x09,0x00,0x00,0x03,0x56,0xA1,0x01,0x05,0x0D,0x00,0x00,
  0x00,0x3C,0xA0,0x01,0x05,0x0D,0x00,0x00,0x02,0x48,0xA0,0x01,0x05,0x0D,0x00,0x00,0x04,0x54,0xA0,0x01,0x05,0x0D,0x00,0x00,
  0x01,0x54,0xA0,0x01,0x76,0x0F,0x00,0x00,0x02,0x39,0xD0,0x00,0x76,0x0F,0x00,0x00,0x04,0x45,0xD0,0x00,0x76,0x0F,0x00,0x00,
  0x01,0x51,0xD0,0x00,0x76,0x0F,0x00,0x00,0x03,0x51,0xD0,0x00,0x46,0x10,0x00,0x00,0x00,0x3C,0xA1,0x01,0x46,0x10,0x00,0x00,
  0x02,0x48,0xA1,0x01,0x46,0x10,0x00,0x00,0x04,0x54,0xA1,0x01,0x46,0x10,0x00,0x00,0x01,0x54,0xA1,0x01,0xB7,0x12,0x00,0x00,
  0x02,0x39,0xD0,0x00,0xB7,0x12,0x00,0x00,0x04,0x45,0xD0,0x00,0xB7,0x12,0x00,0x00,0x01,0x51,0xD0,0x00,0xB7,0x12,0x00,0x00,
  0x03,0x51,0xD0,0x00,0x87,0x13,0x00,0x00,0x00,0x3C,0xD1,0x00,0x87,0x13,0x00,0x00,0x02,0x48,0xD1,0x00,0x87,0x13,0x00,0x00,
  0x04,0x54,0xD1,0x00,0x87,0x13,0x00,0x00,0x01,0x54,0xD1,0x00,0x58,0x14,0x00,0x00,0x02,0x39,0xD0,0x00,0x58,0x14,0x00,0x00,
  0x04,0x45,0xD0,0x00,0x58,0x14,0x00,0x00,0x01,0x51,0xD0,0x00,0x58,0x14,0x00,0x00,0x03,0x51,0xD0,0x00,0x28,0x15,0x00,0x00,
  0x04,0x36,0xD0,0x00,0x28,0x15,0x00,0x00,0x01,0x42,0xD0,0x00,0x28,0x15,0x00,0x00,0x03,0x4E,0xD0,0x00,0x28,0x15,0x00,0x00,
  0x00,0x4E,0xD0,0x00,0xF8,0x15,0x00,0x00,0x02,0x39,0xD1,0x00,0xF8,0x15,0x00,0x00,0x04,0x45,0xD1,0x00,0xF8,0x15,0x00,0x00,
  0x01,0x51,0xD1,0x00,0xF8,0x15,0x00,0x00,0x03,0x51,0xD1,0x00,0xC9,0x16,0x00,0x00,0x00,0x32,0xA0,0x01,0xC9,0x16,0x00,0x00,
  0x02,0x3E,0xA0,0x01,0xC9,0x16,0x00,0x00,0x04,0x4A,0xA0,0x01,0xC9,0x16,0x00,0x00,0x01,0x4A,0xA0,0x01,0x0A,0x1A,0x00,0x00,
  0x00,0x37,0xD0,0x00,0x0A,0x1A,0x00,0x00,0x04,0x3B,0x68,0x00,0x0A,0x1A,0x00,0x00,0x02,0x3E,0x68,0x00,0x0A,0x1A,0x00,0x00,
  0x03,0x3E,0xD0,0x00,0x0A,0x1A,0x00,0x00,0x01,0x43,0xD0,0x00,0x0A,0x1A,0x00,0x00,0x04,0x47,0xD0,0x00,0x0A,0x1A,0x00,0x00,
  0x02,0x4F,0xD0,0x00,0x72,0x1A,0x00,0x00,0x00,0x3B,0x68,0x00,0x72,0x1A,0x00,0x00,0x00,0x3E,0x68,0x00,0xDA,0x1A,0x00,0x00,
  0x00,0x37,0xD1,0x00,0xDA,0x1A,0x00,0x00,0x04,0x3B,0x69,0x00,0xDA,0x1A,0x00,0x00,0x02,0x3E,0x69,0x00,0xDA,0x1A,0x00,0x00,
  0x03,0x43,0xD1,0x00,0x43,0x1B,0x00,0x00,0x04,0x3B,0x68,0x00,0x43,0x1B,0x00,0x00,0x02,0x3E,0x68,0x00,0xAB,0x1B,0x00,0x00,
  0x00,0x37,0xD0,0x00,0xAB,0x1B,0x00,0x00,0x04,0x3B,0x68,0x00,0xAB,0x1B,0x00,0x00,0x02,0x3E,0x68,0x00,0xAB,0x1B,0x00,0x00,
  0x03,0x43,0xD0,0x00,0xAB,0x1B,0x00,0x00,0x01,0x4F,0x71,0x02,0x13,0x1C,0x00,0x00,0x04,0x3B,0x68,0x00,0x13,0x1C,0x00,0x00,
  0x02,0x3E,0x68,0x00,0x7B,0x1C,0x00,0x00,0x00,0x37,0xD0,0x00,0x7B,0x1C,0x00,0x00,0x04,0x3B,0x68,0x00,0x7B,0x1C,0x00,0x00,
  0x02,0x3E,0x68,0x00,0x7B,0x1C,0x00,0x00,0x03,0x43,0xD0,0x00,0xE3,0x1C,0x00,0x00,0x04,0x3B,0x68,0x00,0xE3,0x1C,0x00,0x00,
  0x02,0x3E,0x68,0x00,0x4B,0x1D,0x00,0x00,0x00,0x37,0xD1,0x00,0x4B,0x1D,0x00,0x00,0x04,0x3B,0x69,0x00,0x4B,0x1D,0x00,0x00,
  0x02,0x3E,0x69,0x00,0x4B,0x1D,0x00,0x00,0x03,0x43,0xD1,0x00,0xB4,0x1D,0x00,0x00,0x04,0x3B,0x68,0x00,0xB4,0x1D,0x00,0x00,
  0x02,0x3E,0x68,0x00,0x1C,0x1E,0x00,0x00,0x00,0x37,0xD0,0x00,0x1C,0x1E,0x00,0x00,0x04,0x3B,0x68,0x00,0x1C,0x1E,0x00,0x00,
  0x02,0x3E,0x68,0x00,0x1C,0x1E,0x00,0x00,0x03,0x43,0xD0,0x00,0x1C,0x1E,0x00,0x00,0x01,0x53,0xD0,0x00,0x84,0x1E,0x00,0x00,
  0x04,0x3B,0x68,0x00,0x84,0x1E,0x00,0x00,0x02,0x3E,0x68,0x00,0xEC,0x1E,0x00,0x00,0x00,0x37,0xD0,0x00,0xEC,0x1E,0x00,0x00,
  0x04,0x3B,0x68,0x00,0xEC,0x1E,0x00,0x00,0x02,0x3E,0x68,0x00,0xEC,0x1E,0x00,0x00,0x03,0x43,0xD0,0x00,0xEC,0x1E,0x00,0x00,
  0x01,0x51,0xD0,0x00,0x54,0x1F,0x00,0x00,0x04,0x3B,0x68,0x00,0x54,0x1F,0x00,0x00,0x02,0x3E,0x68,0x00,0xBC,0x1F,0x00,0x00,
  0x00,0x37,0xD1,0x00,0xBC,0x1F,0x00,0x00,0x04,0x3B,0x69,0x00,0xBC,0x1F,0x00,0x00,0x02,0x3E,0x69,0x00,0xBC,0x1F,0x00,0x00,
  0x03,0x43,0xD1,0x00,0xBC,0x1F,0x00,0x00,0x01,0x4F,0xD1,0x00,0x25,0x20,0x00,0x00,0x04,0x3B,0x68,0x00,0x25,0x20,0x00,0x00,
  0x02,0x3E,0x68,0x00,0x8D,0x20,0x00,0x00,0x00,0x37,0xD0,0x00,0x8D,0x20,0x00,0x00,0x01,0x3C,0x68,0x00,0x8D,0x20,0x00,0x00,
  0x02,0x3E,0x68,0x00,0x8D,0x20,0x00,0x00,0x04,0x45,0xD0,0x00,0x8D,0x20,0x00,0x00,0x03,0x51,0x34,0x00,0xC1,0x20,0x00,0x00,
  0x03,0x4F,0x34,0x00,0xF5,0x20,0x00,0x00,0x01,0x3C,0x68,0x00,0xF5,0x20,0x00,0x00,0x02,0x3E,0x68,0x00,0xF5,0x20,0x00,0x00,
  0x03,0x51,0x34,0x00,0x29,0x21,0x00,0x00,0x03,0x4F,0x34,0x00,0x5D,0x21,0x00,0x00,0x00,0x37,0xD0,0x00,0x5D,0x21,0x00,0x00,
  0x01,0x3C,0x68,0x00,0x5D,0x21,0x00,0x00,0x02,0x3E,0x68,0x00,0x5D,0x21,0x00,0x00,0x04,0x45,0xD0,0x00,0x5D,0x21,0x00,0x00,
  0x03,0x4E,0xD0,0x00,0xC5,0x21,0x00,0x00,0x01,0x3C,0x68,0x00,0xC5,0x21,0x00,0x00,0x02,0x3E,0x68,0x00,0x2D,0x22,0x00,0x00,
  0x00,0x37,0xD1,0x00,0x2D,0x22,0x00,0x00,0x01,0x3C,0x69,0x00,0x2D,0x22,0x00,0x00,0x02,0x3E,0x69,0x00,0x2D,0x22,0x00,0x00,
  0x04,0x45,0xD1,0x00,0x2D,0x22,0x00,0x00,0x03,0x4E,0x71,0x02,0x96,0x22,0x00,0x00,0x01,0x3C,0x68,0x00,0x96,0x22,0x00,0x00,
  0x02,0x3E,0x68,0x00,0xFE,0x22,0x00,0x00,0x00,0x37,0xD0,0x00,0xFE,0x22,0x00,0x00,0x01,0x3C,0x68,0x00,0xFE,0x22,0x00,0x00,
  0x02,0x3E,0x68,0x00,0xFE,0x22,0x00,0x00,0x04,0x45,0xD0,0x00,0x66,0x23,0x00,0x00,0x01,0x3C,0x68,0x00,0x66,0x23,0x00,0x00,
  0x02,0x3E,0x68,0x00,0xCE,0x23,0x00,0x00,0x00,0x37,0xD0,0x00,0xCE,0x23,0x00,0x00,0x01,0x3C,0x68,0x00,0xCE,0x23,0x00,0x00,
  0x02,0x3E,0x68,0x00,0xCE,0x23,0x00,0x00,0x04,0x45,0xD0,0x00,0x36,0x24,0x00,0x00,0x01,0x3C,0x68,0x00,0x36,0x24,0x00,0x00,
  0x02,0x3E,0x68,0x00,0x9E,0x24,0x00,0x00,0x00,0x37,0xD1,0x00,0x9E,0x24,0x00,0x00,0x01,0x3C,0x69,0x00,0x9E,0x24,0x00,0x00,
  0x02,0x3E,0x69,0x00,0x9E,0x24,0x00,0x00,0x03,0x48,0xD1,0x00,0x9E,0x24,0x00,0x00,0x04,0x51,0xD1,0x00,0x07,0x25,0x00,0x00,
  0x01,0x3C,0x68,0x00,0x07,0x25,0x00,0x00,0x02,0x3E,0x68,0x00,0x6F,0x25,0x00,0x00,0x00,0x37,0xD0,0x00,0x6F,0x25,0x00,0x00,
  0x01,0x3C,0x68,0x00,0x6F,0x25,0x00,0x00,0x02,0x3E,0x68,0x00,0x6F,0x25,0x00,0x00,0x03,0x42,0xD0,0x00,0x6F,0x25,0x00,0x00,
  0x04,0x54,0xD0,0x00,0xD7,0x25,0x00,0x00,0x01,0x3C,0x68,0x00,0xD7,0x25,0x00,0x00,0x02,0x3E,0x68,0x00,0x3F,0x26,0x00,0x00,
  0x00,0x37,0xD0,0x00,0x3F,0x26,0x00,0x00,0x01,0x3C,0x68,0x00,0x3F,0x26,0x00,0x00,0x02,0x3E,0x68,0x00,0x3F,0x26,0x00,0x00,
  0x04,0x45,0xD0,0x00,0x3F,0x26,0x00,0x00,0x03,0x4E,0xD0,0x00,0xA7,0x26,0x00,0x00,0x01,0x3C,0x68,0x00,0xA7,0x26,0x00,0x00,
  0x02,0x3E,0x68,0x00,0x0F,0x27,0x00,0x00,0x00,0x37,0xD1,0x00,0x0F,0x27,0x00,0x00,0x04,0x3B,0x69,0x00,0x0F,0x27,0x00,0x00,
  0x02,0x3E,0x69,0x00,0x0F,0x27,0x00,0x00,0x03,0x43,0xD1,0x00,0x0F,0x27,0x00,0x00,0x01,0x51,0xD1,0x00,0x78,0x27,0x00,0x00,
  0x04,0x3B,0x68,0x00,0x78,0x27,0x00,0x00,0x02,0x3E,0x68,0x00,0xE0,0x27,0x00,0x00,0x00,0x37,0xD0,0x00,0xE0,0x27,0x00,0x00,
  0x04,0x3B,0x68,0x00,0xE0,0x27,0x00,0x00,0x02,0x3E,0x68,0x00,0xE0,0x27,0x00,0x00,0x03,0x43,0xD0,0x00,0xE0,0x27,0x00,0x00,
  0x01,0x4F,0xD0,0x00,0x48,0x28,0x00,0x00,0x04,0x3B,0x68,0x00,0x48,0x28,0x00,0x00,0x02,0x3E,0x68,0x00,0xB0,0x28,0x00,0x00,
  0x00,0x37,0xD0,0x00,0xB0,0x28,0x00,0x00,0x04,0x3B,0x68,0x00,0xB0,0x28,0x00,0x00,0x02,0x3E,0x68,0x00,0xB0,0x28,0x00,0x00,
  0x03,0x43,0xD0,0x00,0xB0,0x28,0x00,0x00,0x01,0x4F,0x71,0x02,0x18,0x29,0x00,0x00,0x04,0x3B,0x68,0x00,0x18,0x29,0x00,0x00,
  0x02,0x3E,0x68,0x00,0x80,0x29,0x00,0x00,0x00,0x37,0xD1,0x00,0x80,0x29,0x00,0x00,0x04,0x3B,0x69,0x00,0x80,0x29,0x00,0x00,
  0x02,0x3E,0x69,0x00,0x80,0x29,0x00,0x00,0x03,0x43,0xD1,0x00,0xE9,0x29,0x00,0x00,0x04,0x3B,0x68,0x00,0xE9,0x29,0x00,0x00,
  0x02,0x3E,0x68,0x00,0x51,0x2A,0x00,0x00,0x00,0x37,0xD0,0x00,0x51,0x2A,0x00,0x00,0x04,0x3B,0x68,0x00,0x51,0x2A,0x00,0x00,
  0x02,0x3E,0x68,0x00,0x51,0x2A,0x00,0x00,0x03,0x43,0xD0,0x00,0xB9,0x2A,0x00,0x00,0x04,0x3B,0x68,0x00,0xB9,0x2A,0x00,0x00,
  0x02,0x3E,0x68,0x00,0x21,0x2B,0x00,0x00,0x00,0x37,0xD0,0x00,0x21,0x2B,0x00,0x00,0x04,0x3B,0x68,0x00,0x21,0x2B,0x00,0x00,
  0x02,0x3E,0x68,0x00,0x21,0x2B,0x00,0x00,0x03,0x43,0xD0,0x00,0x21,0x2B,0x00,0x00,0x01,0x53,0xD0,0x00,0x89,0x2B,0x00,0x00,
  0x04,0x3B,0x68,0x00,0x89,0x2B,0x00,0x00,0x02,0x3E,0x68,0x00,0xF1,0x2B,0x00,0x00,0x00,0x37,0xD1,0x00,0xF1,0x2B,0x00,0x00,
  0x04,0x3B,0x69,0x00,0xF1,0x2B,0x00,0x00,0x02,0x3E,0x69,0x00,0xF1,0x2B,0x00,0x00,0x03,0x43,0xD1,0x00,0xF1,0x2B,0x00,0x00,
  0x01,0x51,0xD1,0x00,0x5A,0x2C,0x00,0x00,0x04,0x3B,0x68,0x00,0x5A,0x2C,0x00,0x00,0x02,0x3E,0x68,0x00,0xC2,0x2C,0x00,0x00,
  0x00,0x37,0xD0,0x00,0xC2,0x2C,0x00,0x00,0x04,0x3B,0x68,0x00,0xC2,0x2C,0x00,0x00,0x02,0x3E,0x68,0x00,0xC2,0x2C,0x00,0x00,
  0x03,0x43,0xD0,0x00,0xC2,0x2C,0x00,0x00,0x01,0x4F,0xD0,0x00,0x2A,0x2D,0x00,0x00,0x04,0x3B,0x68,0x00,0x2A,0x2D,0x00,0x00,
  0x02,0x3E,0x68,0x00,0x92,0x2D,0x00,0x00,0x00,0x37,0xD0,0x00,0x92,0x2D,0x00,0x00,0x01,0x3C,0x68,0x00,0x92,0x2D,0x00,0x00,
  0x02,0x3E,0x68,0x00,0x92,0x2D,0x00,0x00,0x04,0x45,0xD0,0x00,0x92,0x2D,0x00,0x00,0x03,0x51,0x34,0x00,0xC6,0x2D,0x00,0x00,
  0x03,0x4F,0x34,0x00,0xFA,0x2D,0x00,0x00,0x01,0x3C,0x68,0x00,0xFA,0x2D,0x00,0x00,0x02,0x3E,0x68,0x00,0xFA,0x2D,0x00,0x00,
  0x03,0x51,0x34,0x00,0x2E,0x2E,0x00,0x00,0x03,0x4F,0x34,0x00,0x62,0x2E,0x00,0x00,0x00,0x37,0xD1,0x00,0x62,0x2E,0x00,0x00,
  0x01,0x3C,0x69,0x00,0x62,0x2E,0x00,0x00,0x02,0x3E,0x69,0x00,0x62,0x2E,0x00,0x00,0x04,0x45,0xD1,0x00,0x62,0x2E,0x00,0x00,
  0x03,0x4E,0xD1,0x00,0xCB,0x2E,0x00,0x00,0x01,0x3C,0x68,0x00,0xCB,0x2E,0x00,0x00,0x02,0x3E,0x68,0x00,0x33,0x2F,0x00,0x00,
  0x00,0x37,0xD0,0x00,0x33,0x2F,0x00,0x00,0x01,0x3C,0x68,0x00,0x33,0x2F,0x00,0x00,0x02,0x3E,0x68,0x00,0x33,0x2F,0x00,0x00,
  0x04,0x45,0xD0,0x00,0x33,0x2F,0x00,0x00,0x03,0x4E,0x71,0x02,0x9B,0x2F,0x00,0x00,0x01,0x3C,0x68,0x00,0x9B,0x2F,0x00,0x00,
  0x02,0x3E,0x68,0x00,0x03,0x30,0x00,0x00,0x00,0x37,0xD0,0x00,0x03,0x30,0x00,0x00,0x01,0x3C,0x68,0x00,0x03,0x30,0x00,0x00,
  0x02,0x3E,0x68,0x00,0x03,0x30,0x00,0x00,0x04,0x45,0xD0,0x00,0x6B,0x30,0x00,0x00,0x01,0x3C,0x68,0x00,0x6B,0x30,0x00,0x00,
  0x02,0x3E,0x68,0x00,0xD3,0x30,0x00,0x00,0x00,0x37,0xD1,0x00,0xD3,0x30,0x00,0x00,0x01,0x3C,0x69,0x00,0xD3,0x30,0x00,0x00,
  0x02,0x3E,0x69,0x00,0xD3,0x30,0x00,0x00,0x04,0x45,0xD1,0x00,0x3C,0x31,0x00,0x00,0x01,0x3C,0x68,0x00,0x3C,0x31,0x00,0x00,
  0x02,0x3E,0x68,0x00,0xA4,0x31,0x00,0x00,0x00,0x37,0xD0,0x00,0xA4,0x31,0x00,0x00,0x01,0x3C,0x68,0x00,0xA4,0x31,0x00,0x00,
  0x02,0x3E,0x68,0x00,0xA4,0x31,0x00,0x00,0x03,0x48,0xD0,0x00,0xA4,0x31,0x00,0x00,0x04,0x51,0xD0,0x00,0x0C,0x32,0x00,0x00,
  0x01,0x3C,0x68,0x00,0x0C,0x32,0x00,0x00,0x02,0x3E,0x68,0x00,0x74,0x32,0x00,0x00,0x00,0x37,0xD0,0x00,0x74,0x32,0x00,0x00,
  0x01,0x3C,0x68,0x00,0x74,0x32,0x00,0x00,0x02,0x3E,0x68,0x00,0x74,0x32,0x00,0x00,0x03,0x42,0xD0,0x00,0x74,0x32,0x00,0x00,
  0x04,0x54,0xD0,0x00,0xDC,0x32,0x00,0x00,0x01,0x3C,0x68,0x00,0xDC,0x32,0x00,0x00,0x02,0x3E,0x68,0x00,0x44,0x33,0x00,0x00,
  0x00,0x37,0xD1,0x00,0x44,0x33,0x00,0x00,0x01,0x3C,0x69,0x00,0x44,0x33,0x00,0x00,0x02,0x3E,0x69,0x00,0x44,0x33,0x00,0x00,
  0x04,0x45,0xD1,0x00,0x44,0x33,0x00,0x00,0x03,0x4E,0xD1,0x00,0xAD,0x33,0x00,0x00,0x01,0x3C,0x68,0x00,0xAD,0x33,0x00,0x00,
  0x02,0x3E,0x68,0x00,0x15,0x34,0x00,0x00,0x00,0x37,0xD0,0x00,0x15,0x34,0x00,0x00,0x04,0x3B,0xA0,0x01,0x15,0x34,0x00,0x00,
  0x02,0x3E,0x68,0x00,0x15,0x34,0x00,0x00,0x03,0x3E,0xA0,0x01,0x15,0x34,0x00,0x00,0x01,0x4F,0xD0,0x00,0x7D,0x34,0x00,0x00,
  0x02,0x3E,0x68,0x00,0xE5,0x34,0x00,0x00,0x00,0x37,0xD0,0x00,0xE5,0x34,0x00,0x00,0x02,0x3E,0x68,0x00,0xE5,0x34,0x00,0x00,
  0x01,0x4F,0x1E,0x01,0x4D,0x35,0x00,0x00,0x02,0x3E,0x68,0x00,0xB5,0x35,0x00,0x00,0x02,0x39,0xD1,0x00,0xB5,0x35,0x00,0x00,
  0x03,0x3E,0x69,0x00,0xB5,0x35,0x00,0x00,0x04,0x48,0xD1,0x00,0xB5,0x35,0x00,0x00,0x00,0x4E,0xD1,0x00,0x1E,0x36,0x00,0x00,
  0x03,0x3E,0x68,0x00,0x86,0x36,0x00,0x00,0x02,0x39,0xD0,0x00,0x86,0x36,0x00,0x00,0x03,0x3E,0x68,0x00,0x86,0x36,0x00,0x00,
  0x04,0x48,0xD0,0x00,0x86,0x36,0x00,0x00,0x01,0x4C,0x68,0x00,0xEE,0x36,0x00,0x00,0x03,0x3E,0x68,0x00,0xEE,0x36,0x00,0x00,
  0x00,0x4E,0x68,0x00,0x56,0x37,0x00,0x00,0x04,0x3B,0xD0,0x00,0x56,0x37,0x00,0x00,0x02,0x3E,0x68,0x00,0x56,0x37,0x00,0x00,
  0x00,0x4A,0xD0,0x00,0x56,0x37,0x00,0x00,0x01,0x4F,0xD0,0x00,0xBE,0x37,0x00,0x00,0x02,0x3E,0x68,0x00,0x26,0x38,0x00,0x00,
  0x04,0x3B,0xD1,0x00,0x26,0x38,0x00,0x00,0x02,0x3E,0x69,0x00,0x26,0x38,0x00,0x00,0x00,0x4A,0xD1,0x00,0x26,0x38,0x00,0x00,
  0x01,0x4F,0xD1,0x00,0x8F,0x38,0x00,0x00,0x02,0x3E,0x68,0x00,0xDC,0x38,0x00,0x00,0x03,0x53,0x68,0x00,0xF7,0x38,0x00,0x00,
  0x04,0x36,0xD0,0x00,0xF7,0x38,0x00,0x00,0x02,0x3E,0x68,0x00,0xF7,0x38,0x00,0x00,0x00,0x48,0xD0,0x00,0xF7,0x38,0x00,0x00,
  0x01,0x51,0xD0,0x00,0x5F,0x39,0x00,0x00,0x02,0x3E,0x68,0x00,0xC7,0x39,0x00,0x00,0x04,0x36,0xD0,0x00,0xC7,0x39,0x00,0x00,
  0x02,0x3E,0x68,0x00,0xC7,0x39,0x00,0x00,0x01,0x47,0x68,0x00,0xC7,0x39,0x00,0x00,0x00,0x4F,0x68,0x00,0x2F,0x3A,0x00,0x00,
  0x02,0x3E,0x68,0x00,0x2F,0x3A,0x00,0x00,0x00,0x45,0x68,0x00,0x2F,0x3A,0x00,0x00,0x01,0x51,0x68,0x00,0x97,0x3A,0x00,0x00,
  0x00,0x37,0xD1,0x00,0x97,0x3A,0x00,0x00,0x02,0x3E,0x69,0x00,0x97,0x3A,0x00,0x00,0x03,0x43,0xD1,0x00,0x97,0x3A,0x00,0x00,
  0x04,0x53,0xD1,0x00,0x00,0x3B,0x00,0x00,0x02,0x3E,0x68,0x00,0x68,0x3B,0x00,0x00,0x00,0x37,0xD0,0x00,0x68,0x3B,0x00,0x00,
  0x02,0x3E,0x68,0x00,0x68,0x3B,0x00,0x00,0x03,0x43,0xD0,0x00,0x68,0x3B,0x00,0x00,0x04,0x53,0xD0,0x00,0xD0,0x3B,0x00,0x00,
  0x02,0x3E,0x68,0x00,0x1D,0x3C,0x00,0x00,0x01,0x56,0x68,0x00,0x38,0x3C,0x00,0x00,0x02,0x39,0xD0,0x00,0x38,0x3C,0x00,0x00,
  0x03,0x3E,0x68,0x00,0x38,0x3C,0x00,0x00,0x04,0x42,0xD0,0x00,0x38,0x3C,0x00,0x00,0x00,0x54,0xD0,0x00,0xA0,0x3C,0x00,0x00,
  0x03,0x3E,0x68,0x00,0x08,0x3D,0x00,0x00,0x02,0x39,0xD1,0x00,0x08,0x3D,0x00,0x00,0x03,0x3E,0x69,0x00,0x08,0x3D,0x00,0x00,
  0x01,0x42,0xD1,0x00,0x08,0x3D,0x00,0x00,0x04,0x53,0x69,0x00,0x71,0x3D,0x00,0x00,0x03,0x3E,0x68,0x00,0x71,0x3D,0x00,0x00,
  0x04,0x54,0x68,0x00,0xD9,0x3D,0x00,0x00,0x04,0x3B,0xA0,0x01,0xD9,0x3D,0x00,0x00,0x02,0x3E,0xA0,0x01,0xD9,0x3D,0x00,0x00,
  0x03,0x43,0xA0,0x01,0xD9,0x3D,0x00,0x00,0x01,0x56,0xA0,0x01,0x1A,0x41,0x00,0x00,0x01,0x47,0x41,0x03,0x1A,0x41,0x00,0x00,
  0x04,0x4A,0x41,0x03,0x5B,0x44,0x00,0x00,0x02,0x48,0x42,0x03,0x5B,0x44,0x00,0x00,0x01,0x4C,0x42,0x03,0x67,0x47,0x00,0x00,
  0x03,0x47,0xD0,0x00,0x67,0x47,0x00,0x00,0x04,0x4A,0xD0,0x00,0x9D,0x47,0x00,0x00,0x00,0x32,0x41,0x03,0x9D,0x47,0x00,0x00,
  0x01,0x36,0x41,0x03,0x9D,0x47,0x00,0x00,0x02,0x45,0xA0,0x01,0x9D,0x47,0x00,0x00,0x03,0x48,0xA0,0x01,0x3D,0x49,0x00,0x00,
  0x04,0x45,0x3B,0x02,0x3D,0x49,0x00,0x00,0x02,0x48,0x3B,0x02,0xDE,0x4A,0x00,0x00,0x03,0x34,0x41,0x03,0xDE,0x4A,0x00,0x00,
  0x00,0x37,0x41,0x03,0xDE,0x4A,0x00,0x00,0x01,0x43,0xA1,0x01,0xDE,0x4A,0x00,0x00,0x04,0x47,0xA1,0x01,0x7F,0x4C,0x00,0x00,
  0x02,0x43,0xA0,0x01,0x7F,0x4C,0x00,0x00,0x01,0x47,0x3B,0x02,0x1F,0x4E,0x00,0x00,0x03,0x30,0xA1,0x01,0x1F,0x4E,0x00,0x00,
  0x00,0x3C,0xA1,0x01,0x1F,0x4E,0x00,0x00,0x04,0x40,0xA1,0x01,0x1F,0x4E,0x00,0x00,0x02,0x45,0xA1,0x01,0xC0,0x4F,0x00,0x00,
  0x03,0x30,0xA1,0x01,0xC0,0x4F,0x00,0x00,0x00,0x3C,0xA1,0x01,0xC0,0x4F,0x00,0x00,0x04,0x40,0xA1,0x01,0xC0,0x4F,0x00,0x00,
  0x01,0x45,0xA1,0x01,0x61,0x51,0x00,0x00,0x00,0x32,0xA0,0x01,0x61,0x51,0x00,0x00,0x02,0x39,0xA0,0x01,0x61,0x51,0x00,0x00,
  0x01,0x3C,0xA0,0x01,0x61,0x51,0x00,0x00,0x03,0x43,0xD0,0x00,0x31,0x52,0x00,0x00,0x03,0x42,0xD0,0x00,0x01,0x53,0x00,0x00,
  0x00,0x32,0xA1,0x01,0x01,0x53,0x00,0x00,0x01,0x32,0xA1,0x01,0x01,0x53,0x00,0x00,0x02,0x39,0xA1,0x01,0x01,0x53,0x00,0x00,
  0x04,0x40,0xD1,0x00,0xD2,0x53,0x00,0x00,0x03,0x42,0xD0,0x00,0xA2,0x54,0x00,0x00,0x02,0x2F,0xD0,0x00,0xA2,0x54,0x00,0x00,
  0x00,0x32,0xD0,0x00,0xA2,0x54,0x00,0x00,0x03,0x3E,0xD0,0x00,0xA2,0x54,0x00,0x00,0x04,0x43,0xD0,0x00,0x43,0x56,0x00,0x00,
  0x00,0x32,0xD0,0x00,0x43,0x56,0x00,0x00,0x02,0x3E,0xD0,0x00,0x43,0x56,0x00,0x00,0x01,0x42,0xD0,0x00,0x43,0x56,0x00,0x00,
  0x04,0x45,0xD0,0x00,0xE3,0x57,0x00,0x00,0x00,0x37,0xA1,0x01,0xE3,0x57,0x00,0x00,0x02,0x3E,0xA1,0x01,0xE3,0x57,0x00,0x00,
  0x03,0x43,0xD1,0x00,0xE3,0x57,0x00,0x00,0x01,0x47,0xD1,0x00,0x25,0x5B,0x00,0x00,0x01,0x47,0x41,0x03,0x25,0x5B,0x00,0x00,
  0x04,0x4A,0x41,0x03,0x66,0x5E,0x00,0x00,0x02,0x48,0x41,0x03,0x66,0x5E,0x00,0x00,0x01,0x4C,0x41,0x03,0xA7,0x61,0x00,0x00,
  0x00,0x32,0x42,0x03,0xA7,0x61,0x00,0x00,0x01,0x42,0x42,0x03,0xA7,0x61,0x00,0x00,0x02,0x47,0xD1,0x00,0xA7,0x61,0x00,0x00,
  0x04,0x4A,0xD1,0x00,0x78,0x62,0x00,0x00,0x04,0x45,0xD0,0x00,0x78,0x62,0x00,0x00,0x02,0x48,0xD0,0x00,0x48,0x63,0x00,0x00,
  0x04,0x45,0xD0,0x00,0x48,0x63,0x00,0x00,0x02,0x48,0xD0,0x00,0x18,0x64,0x00,0x00,0x04,0x45,0xD1,0x00,0x18,0x64,0x00,0x00,
  0x02,0x48,0xD1,0x00,0xE9,0x64,0x00,0x00,0x02,0x34,0x41,0x03,0xE9,0x64,0x00,0x00,0x03,0x43,0x41,0x03,0xE9,0x64,0x00,0x00,
  0x04,0x45,0xD0,0x00,0xE9,0x64,0x00,0x00,0x00,0x48,0xD0,0x00,0xB9,0x65,0x00,0x00,0x04,0x43,0xD0,0x00,0xB9,0x65,0x00,0x00,
  0x01,0x47,0xD0,0x00,0x89,0x66,0x00,0x00,0x04,0x43,0xD1,0x00,0x89,0x66,0x00,0x00,0x01,0x47,0xD1,0x00,0x5A,0x67,0x00,0x00,
  0x04,0x43,0xD0,0x00,0x5A,0x67,0x00,0x00,0x01,0x47,0xD0,0x00,0x2A,0x68,0x00,0x00,0x03,0x30,0xA1,0x01,0x2A,0x68,0x00,0x00,
  0x00,0x3C,0xA1,0x01,0x2A,0x68,0x00,0x00,0x04,0x40,0xA1,0x01,0x2A,0x68,0x00,0x00,0x01,0x47,0xD0,0x00,0xFA,0x68,0x00,0x00,
  0x01,0x45,0xD1,0x00,0xCB,0x69,0x00,0x00,0x03,0x30,0xA0,0x01,0xCB,0x69,0x00,0x00,0x00,0x3C,0xD0,0x00,0xCB,0x69,0x00,0x00,
  0x04,0x40,0xD0,0x00,0xCB,0x69,0x00,0x00,0x01,0x45,0xD0,0x00,0x9B,0x6A,0x00,0x00,0x00,0x3C,0xD0,0x00,0x9B,0x6A,0x00,0x00,
  0x04,0x40,0xD0,0x00,0x9B,0x6A,0x00,0x00,0x01,0x45,0xD0,0x00,0x6B,0x6B,0x00,0x00,0x00,0x32,0xA1,0x01,0x6B,0x6B,0x00,0x00,
  0x02,0x39,0xA1,0x01,0x6B,0x6B,0x00,0x00,0x01,0x3C,0xA1,0x01,0x6B,0x6B,0x00,0x00,0x03,0x43,0xD1,0x00,0x3C,0x6C,0x00,0x00,
  0x03,0x42,0xD0,0x00,0x0C,0x6D,0x00,0x00,0x00,0x32,0xA1,0x01,0x0C,0x6D,0x00,0x00,0x02,0x39,0xD0,0x00,0x0C,0x6D,0x00,0x00,
  0x01,0x3C,0xD0,0x00,0x0C,0x6D,0x00,0x00,0x04,0x40,0xD0,0x00,0xDC,0x6D,0x00,0x00,0x02,0x39,0xD1,0x00,0xDC,0x6D,0x00,0x00,
  0x01,0x3C,0xD1,0x00,0xDC,0x6D,0x00,0x00,0x03,0x42,0xD1,0x00,0xAD,0x6E,0x00,0x00,0x00,0x37,0xD0,0x00,0xAD,0x6E,0x00,0x00,
  0x01,0x37,0xD0,0x00,0xAD,0x6E,0x00,0x00,0x02,0x37,0x11,0x04,0xAD,0x6E,0x00,0x00,0x04,0x3B,0x11,0x04,0xAD,0x6E,0x00,0x00,
  0x03,0x43,0x11,0x04,0x7D,0x6F,0x00,0x00,0x00,0x37,0xD0,0x00,0x7D,0x6F,0x00,0x00,0x01,0x37,0xD0,0x00,0x4D,0x70,0x00,0x00,
  0x00,0x37,0xD1,0x00,0x4D,0x70,0x00,0x00,0x01,0x37,0xD1,0x00,0x1E,0x71,0x00,0x00,0x00,0x37,0xD0,0x00,0x1E,0x71,0x00,0x00,
  0x01,0x37,0xD0,0x00,0xEE,0x71,0x00,0x00,0x00,0x37,0xD0,0x00,0xEE,0x71,0x00,0x00,0x01,0x37,0xD0,0x00,0xBE,0x72,0x00,0x00,
  0x00,0x37,0xD1,0x00,0xBE,0x72,0x00,0x00,0x01,0x37,0xD1,0x00,0xBE,0x72,0x00,0x00,0x02,0x3C,0x35,0x00,0xBE,0x72,0x00,0x00,
  0x04,0x45,0x35,0x00,0xF3,0x72,0x00,0x00,0x04,0x3B,0x34,0x00,0xF3,0x72,0x00,0x00,0x02,0x43,0x34,0x00,0x27,0x73,0x00,0x00,
  0x02,0x39,0x34,0x00,0x27,0x73,0x00,0x00,0x03,0x42,0x34,0x00,0x5B,0x73,0x00,0x00,0x04,0x3B,0x34,0x00,0x5B,0x73,0x00,0x00,
  0x02,0x43,0x34,0x00,0x8F,0x73,0x00,0x00,0x00,0x37,0xD0,0x00,0x8F,0x73,0x00,0x00,0x01,0x37,0xD0,0x00,0x8F,0x73,0x00,0x00,
  0x02,0x3C,0xD0,0x00,0x8F,0x73,0x00,0x00,0x04,0x45,0xD0,0x00,0x5F,0x74,0x00,0x00,0x00,0x37,0xD0,0x00,0x5F,0x74,0x00,0x00,
  0x01,0x37,0xD0,0x00,0x5F,0x74,0x00,0x00,0x02,0x39,0xD0,0x00,0x5F,0x74,0x00,0x00,0x03,0x42,0xD0,0x00,0x2F,0x75,0x00,0x00,
  0x00,0x37,0xD1,0x00,0x2F,0x75,0x00,0x00,0x01,0x37,0xD1,0x00,0x2F,0x75,0x00,0x00,0x02,0x43,0x12,0x04,0x2F,0x75,0x00,0x00,
  0x03,0x47,0x12,0x04,0x00,0x76,0x00,0x00,0x00,0x37,0xD0,0x00,0x00,0x76,0x00,0x00,0x01,0x37,0xD0,0x00,0xD0,0x76,0x00,0x00,
  0x00,0x37,0xD0,0x00,0xD0,0x76,0x00,0x00,0x01,0x37,0xD0,0x00,0xA0,0x77,0x00,0x00,0x00,0x37,0xD1,0x00,0xA0,0x77,0x00,0x00,
  0x01,0x37,0xD1,0x00,0x71,0x78,0x00,0x00,0x00,0x37,0xD0,0x00,0x71,0x78,0x00,0x00,0x01,0x37,0xD0,0x00,0x41,0x79,0x00,0x00,
  0x00,0x37,0xD0,0x00,0x41,0x79,0x00,0x00,0x01,0x37,0xD0,0x00,0x41,0x79,0x00,0x00,0x04,0x45,0x34,0x00,0x41,0x79,0x00,0x00,
  0x02,0x48,0x34,0x00,0x75,0x79,0x00,0x00,0x02,0x43,0x34,0x00,0x75,0x79,0x00,0x00,0x03,0x47,0x34,0x00,0xA9,0x79,0x00,0x00,
  0x02,0x42,0x34,0x00,0xA9,0x79,0x00,0x00,0x04,0x45,0x34,0x00,0xDD,0x79,0x00,0x00,0x02,0x43,0x34,0x00,0xDD,0x79,0x00,0x00,
  0x03,0x47,0x34,0x00,0x11,0x7A,0x00,0x00,0x00,0x37,0xD1,0x00,0x11,0x7A,0x00,0x00,0x01,0x37,0xD1,0x00,0x11,0x7A,0x00,0x00,
  0x04,0x45,0xD1,0x00,0x11,0x7A,0x00,0x00,0x02,0x48,0xD1,0x00,0xE2,0x7A,0x00,0x00,0x00,0x37,0xD0,0x00,0xE2,0x7A,0x00,0x00,
  0x01,0x37,0xD0,0x00,0xE2,0x7A,0x00,0x00,0x02,0x42,0xD0,0x00,0xE2,0x7A,0x00,0x00,0x04,0x45,0xD0,0x00,0xB2,0x7B,0x00,0x00,
  0x00,0x37,0xD0,0x00,0xB2,0x7B,0x00,0x00,0x01,0x37,0xD0,0x00,0xB2,0x7B,0x00,0x00,0x02,0x47,0x68,0x00,0xB2,0x7B,0x00,0x00,
  0x04,0x4A,0x68,0x00,0x1A,0x7C,0x00,0x00,0x02,0x47,0x68,0x00,0x1A,0x7C,0x00,0x00,0x04,0x4A,0x68,0x00,0x82,0x7C,0x00,0x00,
  0x00,0x37,0xD1,0x00,0x82,0x7C,0x00,0x00,0x02,0x43,0xD1,0x00,0x82,0x7C,0x00,0x00,0x01,0x47,0x69,0x00,0x82,0x7C,0x00,0x00,
  0x04,0x4A,0x69,0x00,0xEB,0x7C,0x00,0x00,0x01,0x47,0x68,0x00,0xEB,0x7C,0x00,0x00,0x04,0x4A,0x68,0x00,0x53,0x7D,0x00,0x00,
  0x00,0x37,0xD0,0x00,0x53,0x7D,0x00,0x00,0x02,0x43,0xD0,0x00,0x53,0x7D,0x00,0x00,0x01,0x47,0x68,0x00,0x53,0x7D,0x00,0x00,
  0x04,0x4A,0x68,0x00,0xBB,0x7D,0x00,0x00,0x01,0x47,0x68,0x00,0xBB,0x7D,0x00,0x00,0x04,0x4A,0x68,0x00,0x23,0x7E,0x00,0x00,
  0x00,0x37,0xD0,0x00,0x23,0x7E,0x00,0x00,0x02,0x43,0xD0,0x00,0x23,0x7E,0x00,0x00,0x01,0x47,0x68,0x00,0x23,0x7E,0x00,0x00,
  0x04,0x4A,0x68,0x00,0x8B,0x7E,0x00,0x00,0x01,0x47,0x68,0x00,0x8B,0x7E,0x00,0x00,0x04,0x4A,0x68,0x00,0xF3,0x7E,0x00,0x00,
  0x00,0x37,0xD1,0x00,0xF3,0x7E,0x00,0x00,0x02,0x43,0xD1,0x00,0xF3,0x7E,0x00,0x00,0x03,0x48,0x69,0x00,0xF3,0x7E,0x00,0x00,
  0x01,0x4C,0x69,0x00,0x5C,0x7F,0x00,0x00,0x03,0x48,0x68,0x00,0x5C,0x7F,0x00,0x00,0x01,0x4C,0x68,0x00,0xC4,0x7F,0x00,0x00,
  0x00,0x37,0xD0,0x00,0xC4,0x7F,0x00,0x00,0x02,0x43,0xD0,0x00,0xC4,0x7F,0x00,0x00,0x03,0x48,0x68,0x00,0xC4,0x7F,0x00,0x00,
  0x01,0x4C,0x68,0x00,0x2C,0x80,0x00,0x00,0x03,0x48,0x68,0x00,0x2C,0x80,0x00,0x00,0x01,0x4C,0x68,0x00,0x94,0x80,0x00,0x00,
  0x00,0x37,0xD0,0x00,0x94,0x80,0x00,0x00,0x04,0x45,0xD0,0x00,0x94,0x80,0x00,0x00,0x02,0x48,0x68,0x00,0x94,0x80,0x00,0x00,
  0x03,0x4E,0x68,0x00,0xFC,0x80,0x00,0x00,0x02,0x48,0x68,0x00,0xFC,0x80,0x00,0x00,0x03,0x4E,0x68,0x00,0x64,0x81,0x00,0x00,
  0x00,0x37,0xD1,0x00,0x64,0x81,0x00,0x00,0x04,0x45,0xD1,0x00,0x64,0x81,0x00,0x00,0x02,0x48,0x69,0x00,0x64,0x81,0x00,0x00,
  0x03,0x4E,0x69,0x00,0xCD,0x81,0x00,0x00,0x02,0x48,0x68,0x00,0xCD,0x81,0x00,0x00,0x03,0x4E,0x68,0x00,0x35,0x82,0x00,0x00,
  0x00,0x37,0xD0,0x00,0x35,0x82,0x00,0x00,0x02,0x43,0xD0,0x00,0x35,0x82,0x00,0x00,0x01,0x47,0x68,0x00,0x35,0x82,0x00,0x00,
  0x04,0x4F,0x68,0x00,0x9D,0x82,0x00,0x00,0x01,0x47,0x68,0x00,0x9D,0x82,0x00,0x00,0x04,0x4F,0x68,0x00,0x05,0x83,0x00,0x00,
  0x00,0x37,0xD0,0x00,0x05,0x83,0x00,0x00,0x02,0x43,0xD0,0x00,0x05,0x83,0x00,0x00,0x01,0x47,0x68,0x00,0x05,0x83,0x00,0x00,
  0x04,0x4F,0x68,0x00,0x6D,0x83,0x00,0x00,0x01,0x47,0x68,0x00,0x6D,0x83,0x00,0x00,0x04,0x4F,0x68,0x00,0xD5,0x83,0x00,0x00,
  0x04,0x36,0xD1,0x00,0xD5,0x83,0x00,0x00,0x01,0x42,0xD1,0x00,0xD5,0x83,0x00,0x00,0x00,0x4A,0x69,0x00,0xD5,0x83,0x00,0x00,
  0x02,0x51,0x69,0x00,0x3E,0x84,0x00,0x00,0x00,0x4A,0x68,0x00,0x3E,0x84,0x00,0x00,0x02,0x51,0x68,0x00,0xA6,0x84,0x00,0x00,
  0x04,0x36,0xD0,0x00,0xA6,0x84,0x00,0x00,0x01,0x42,0xD0,0x00,0xA6,0x84,0x00,0x00,0x00,0x4A,0x68,0x00,0xA6,0x84,0x00,0x00,
  0x02,0x51,0x68,0x00,0x0E,0x85,0x00,0x00,0x00,0x4A,0x68,0x00,0x0E,0x85,0x00,0x00,0x02,0x51,0x68,0x00,0x76,0x85,0x00,0x00,
  0x00,0x37,0xD0,0x00,0x76,0x85,0x00,0x00,0x02,0x43,0xD0,0x00,0x76,0x85,0x00,0x00,0x04,0x4A,0x68,0x00,0x76,0x85,0x00,0x00,
  0x03,0x53,0x68,0x00,0xDE,0x85,0x00,0x00,0x04,0x4A,0x68,0x00,0xDE,0x85,0x00,0x00,0x03,0x53,0x68,0x00,0x46,0x86,0x00,0x00,
  0x00,0x37,0xD1,0x00,0x46,0x86,0x00,0x00,0x02,0x43,0xD1,0x00,0x46,0x86,0x00,0x00,0x04,0x4A,0x69,0x00,0x46,0x86,0x00,0x00,
  0x03,0x53,0x69,0x00,0xAF,0x86,0x00,0x00,0x04,0x4A,0x68,0x00,0xAF,0x86,0x00,0x00,0x03,0x53,0x68,0x00,0x17,0x87,0x00,0x00,
  0x02,0x34,0xD0,0x00,0x17,0x87,0x00,0x00,0x04,0x40,0xD0,0x00,0x17,0x87,0x00,0x00,0x00,0x4F,0x68,0x00,0x17,0x87,0x00,0x00,
  0x01,0x55,0x68,0x00,0x7F,0x87,0x00,0x00,0x00,0x4F,0x68,0x00,0x7F,0x87,0x00,0x00,0x01,0x55,0x68,0x00,0xE7,0x87,0x00,0x00,
  0x02,0x34,0xD0,0x00,0xE7,0x87,0x00,0x00,0x04,0x40,0xD0,0x00,0xE7,0x87,0x00,0x00,0x00,0x4F,0x68,0x00,0xE7,0x87,0x00,0x00,
  0x01,0x55,0x68,0x00,0x4F,0x88,0x00,0x00,0x00,0x4F,0x68,0x00,0x4F,0x88,0x00,0x00,0x01,0x55,0x68,0x00,0xB7,0x88,0x00,0x00,
  0x00,0x32,0x83,0x06,0xB7,0x88,0x00,0x00,0x02,0x3E,0x69,0x00,0xB7,0x88,0x00,0x00,0x04,0x45,0x69,0x00,0xB7,0x88,0x00,0x00,
  0x03,0x4E,0x69,0x00,0xB7,0x88,0x00,0x00,0x01,0x56,0x71,0x02,0x20,0x89,0x00,0x00,0x02,0x3E,0x68,0x00,0x20,0x89,0x00,0x00,
  0x04,0x45,0x68,0x00,0x20,0x89,0x00,0x00,0x03,0x4E,0x68,0x00,0x88,0x89,0x00,0x00,0x02,0x3E,0x68,0x00,0x88,0x89,0x00,0x00,
  0x04,0x45,0x68,0x00,0x88,0x89,0x00,0x00,0x03,0x4E,0x68,0x00,0xF0,0x89,0x00,0x00,0x02,0x3E,0x68,0x00,0xF0,0x89,0x00,0x00,
  0x04,0x45,0x68,0x00,0xF0,0x89,0x00,0x00,0x03,0x4E,0x68,0x00,0x58,0x8A,0x00,0x00,0x02,0x3E,0x68,0x00,0x58,0x8A,0x00,0x00,
  0x04,0x45,0x68,0x00,0x58,0x8A,0x00,0x00,0x03,0x4E,0x68,0x00,0xC0,0x8A,0x00,0x00,0x02,0x3E,0x68,0x00,0xC0,0x8A,0x00,0x00,
  0x04,0x45,0x68,0x00,0xC0,0x8A,0x00,0x00,0x03,0x4E,0x68,0x00,0x28,0x8B,0x00,0x00,0x02,0x3E,0x69,0x00,0x28,0x8B,0x00,0x00,
  0x04,0x45,0x69,0x00,0x28,0x8B,0x00,0x00,0x03,0x4E,0x69,0x00,0x28,0x8B,0x00,0x00,0x01,0x51,0xD1,0x00,0x91,0x8B,0x00,0x00,
  0x02,0x3E,0x68,0x00,0x91,0x8B,0x00,0x00,0x04,0x45,0x68,0x00,0x91,0x8B,0x00,0x00,0x03,0x4E,0x68,0x00,0xF9,0x8B,0x00,0x00,
  0x04,0x40,0x68,0x00,0xF9,0x8B,0x00,0x00,0x01,0x45,0x68,0x00,0xF9,0x8B,0x00,0x00,0x02,0x4F,0x68,0x00,0xF9,0x8B,0x00,0x00,
  0x03,0x55,0x38,0x01,0x61,0x8C,0x00,0x00,0x04,0x40,0x68,0x00,0x61,0x8C,0x00,0x00,0x01,0x45,0x68,0x00,0x61,0x8C,0x00,0x00,
  0x02,0x4F,0x68,0x00,0xC9,0x8C,0x00,0x00,0x04,0x40,0x68,0x00,0xC9,0x8C,0x00,0x00,0x01,0x45,0x68,0x00,0xC9,0x8C,0x00,0x00,
  0x02,0x4F,0x68,0x00,0x31,0x8D,0x00,0x00,0x04,0x40,0x68,0x00,0x31,0x8D,0x00,0x00,0x01,0x45,0x68,0x00,0x31,0x8D,0x00,0x00,
  0x02,0x4F,0x68,0x00,0x31,0x8D,0x00,0x00,0x03,0x51,0x68,0x00,0x99,0x8D,0x00,0x00,0x04,0x40,0x69,0x00,0x99,0x8D,0x00,0x00,
  0x01,0x45,0x69,0x00,0x99,0x8D,0x00,0x00,0x02,0x4F,0x69,0x00,0x99,0x8D,0x00,0x00,0x03,0x55,0x39,0x01,0x02,0x8E,0x00,0x00,
  0x04,0x40,0x68,0x00,0x02,0x8E,0x00,0x00,0x01,0x45,0x68,0x00,0x02,0x8E,0x00,0x00,0x02,0x4F,0x68,0x00,0x6A,0x8E,0x00,0x00,
  0x04,0x40,0x68,0x00,0x6A,0x8E,0x00,0x00,0x01,0x45,0x68,0x00,0x6A,0x8E,0x00,0x00,0x02,0x4F,0x68,0x00,0xD2,0x8E,0x00,0x00,
  0x04,0x40,0x68,0x00,0xD2,0x8E,0x00,0x00,0x01,0x45,0x68,0x00,0xD2,0x8E,0x00,0x00,0x02,0x4F,0x68,0x00,0xD2,0x8E,0x00,0x00,
  0x03,0x51,0x68,0x00,0x3A,0x8F,0x00,0x00,0x00,0x32,0x83,0x06,0x3A,0x8F,0x00,0x00,0x02,0x3E,0x68,0x00,0x3A,0x8F,0x00,0x00,
  0x04,0x45,0x68,0x00,0x3A,0x8F,0x00,0x00,0x03,0x4E,0x68,0x00,0x3A,0x8F,0x00,0x00,0x01,0x56,0x71,0x02,0xA2,0x8F,0x00,0x00,
  0x02,0x3E,0x68,0x00,0xA2,0x8F,0x00,0x00,0x04,0x45,0x68,0x00,0xA2,0x8F,0x00,0x00,0x03,0x4E,0x68,0x00,0x0A,0x90,0x00,0x00,
  0x02,0x3E,0x69,0x00,0x0A,0x90,0x00,0x00,0x04,0x45,0x69,0x00,0x0A,0x90,0x00,0x00,0x03,0x4E,0x69,0x00,0x73,0x90,0x00,0x00,
  0x02,0x3E,0x68,0x00,0x73,0x90,0x00,0x00,0x04,0x45,0x68,0x00,0x73,0x90,0x00,0x00,0x03,0x4E,0x68,0x00,0xDB,0x90,0x00,0x00,
  0x02,0x3E,0x68,0x00,0xDB,0x90,0x00,0x00,0x04,0x45,0x68,0x00,0xDB,0x90,0x00,0x00,0x03,0x4E,0x68,0x00,0x43,0x91,0x00,0x00,
  0x02,0x3E,0x68,0x00,0x43,0x91,0x00,0x00,0x04,0x45,0x68,0x00,0x43,0x91,0x00,0x00,0x03,0x4E,0x68,0x00,0xAB,0x91,0x00,0x00,
  0x02,0x3E,0x68,0x00,0xAB,0x91,0x00,0x00,0x04,0x45,0x68,0x00,0xAB,0x91,0x00,0x00,0x03,0x4E,0x68,0x00,0xAB,0x91,0x00,0x00,
  0x01,0x51,0xD0,0x00,0x13,0x92,0x00,0x00,0x02,0x3E,0x68,0x00,0x13,0x92,0x00,0x00,0x04,0x45,0x68,0x00,0x13,0x92,0x00,0x00,
  0x03,0x4E,0x68,0x00,0x7B,0x92,0x00,0x00,0x04,0x40,0x69,0x00,0x7B,0x92,0x00,0x00,0x01,0x45,0x69,0x00,0x7B,0x92,0x00,0x00,
  0x02,0x4F,0x69,0x00,0x7B,0x92,0x00,0x00,0x03,0x55,0x39,0x01,0xE4,0x92,0x00,0x00,0x04,0x40,0x68,0x00,0xE4,0x92,0x00,0x00,
  0x01,0x45,0x68,0x00,0xE4,0x92,0x00,0x00,0x02,0x4F,0x68,0x00,0x4C,0x93,0x00,0x00,0x04,0x40,0x68,0x00,0x4C,0x93,0x00,0x00,
  0x01,0x45,0x68,0x00,0x4C,0x93,0x00,0x00,0x02,0x4F,0x68,0x00,0xB4,0x93,0x00,0x00,0x04,0x40,0x68,0x00,0xB4,0x93,0x00,0x00,
  0x01,0x45,0x68,0x00,0xB4,0x93,0x00,0x00,0x02,0x4F,0x68,0x00,0xB4,0x93,0x00,0x00,0x03,0x51,0x68,0x00,0x1C,0x94,0x00,0x00,
  0x04,0x40,0x68,0x00,0x1C,0x94,0x00,0x00,0x01,0x45,0x68,0x00,0x1C,0x94,0x00,0x00,0x02,0x4F,0x68,0x00,0x1C,0x94,0x00,0x00,
  0x03,0x55,0x39,0x01,0x84,0x94,0x00,0x00,0x04,0x40,0x68,0x00,0x84,0x94,0x00,0x00,0x01,0x45,0x68,0x00,0x84,0x94,0x00,0x00,
  0x02,0x4F,0x68,0x00,0xEC,0x94,0x00,0x00,0x04,0x40,0x69,0x00,0xEC,0x94,0x00,0x00,0x01,0x45,0x69,0x00,0xEC,0x94,0x00,0x00,
  0x02,0x4F,0x69,0x00,0x55,0x95,0x00,0x00,0x04,0x40,0x68,0x00,0x55,0x95,0x00,0x00,0x01,0x45,0x68,0x00,0x55,0x95,0x00,0x00,
  0x02,0x4F,0x68,0x00,0x55,0x95,0x00,0x00,0x03,0x51,0x68,0x00,0xBD,0x95,0x00,0x00,0x00,0x32,0xD0,0x00,0xBD,0x95,0x00,0x00,
  0x01,0x42,0xD0,0x00,0xBD,0x95,0x00,0x00,0x04,0x4A,0xD0,0x00,0xBD,0x95,0x00,0x00,0x03,0x4E,0xD0,0x00,0xBD,0x95,0x00,0x00,
  0x02,0x56,0xD0,0x00,0x8D,0x96,0x00,0x00,0x02,0x34,0xD0,0x00,0x8D,0x96,0x00,0x00,0x03,0x43,0xD0,0x00,0x8D,0x96,0x00,0x00,
  0x04,0x4A,0xA1,0x01,0x8D,0x96,0x00,0x00,0x00,0x4E,0xA1,0x01,0x8D,0x96,0x00,0x00,0x01,0x4E,0xA1,0x01,0x8D,0x96,0x00,0x00,
  0x02,0x56,0xA1,0x01,0x5D,0x97,0x00,0x00,0x03,0x36,0xD1,0x00,0x5D,0x97,0x00,0x00,0x04,0x45,0xD1,0x00,0x2E,0x98,0x00,0x00,
  0x02,0x34,0xD0,0x00,0x2E,0x98,0x00,0x00,0x03,0x43,0xD0,0x00,0x2E,0x98,0x00,0x00,0x04,0x4A,0xA0,0x01,0x2E,0x98,0x00,0x00,
  0x00,0x4E,0xA0,0x01,0x2E,0x98,0x00,0x00,0x01,0x4E,0xA0,0x01,0x2E,0x98,0x00,0x00,0x02,0x56,0xA0,0x01,0xFE,0x98,0x00,0x00,
  0x03,0x32,0xD0,0x00,0xFE,0x98,0x00,0x00,0x04,0x42,0xD0,0x00,0xCE,0x99,0x00,0x00,0x02,0x34,0xD1,0x00,0xCE,0x99,0x00,0x00,
  0x03,0x43,0xD1,0x00,0xCE,0x99,0x00,0x00,0x04,0x4A,0xA1,0x01,0xCE,0x99,0x00,0x00,0x00,0x4E,0xA1,0x01,0xCE,0x99,0x00,0x00,
  0x01,0x4E,0xA1,0x01,0xCE,0x99,0x00,0x00,0x02,0x56,0xA1,0x01,0x9F,0x9A,0x00,0x00,0x03,0x36,0xD0,0x00,0x9F,0x9A,0x00,0x00,
  0x04,0x45,0xD0,0x00,0x6F,0x9B,0x00,0x00,0x00,0x32,0xD0,0x00,0x6F,0x9B,0x00,0x00,0x01,0x42,0xD0,0x00,0x6F,0x9B,0x00,0x00,
  0x04,0x4A,0xA1,0x01,0x6F,0x9B,0x00,0x00,0x03,0x4E,0xD0,0x00,0x6F,0x9B,0x00,0x00,0x02,0x4E,0xD0,0x00,0x6F,0x9B,0x00,0x00,
  0x00,0x56,0xA1,0x01,0x3F,0x9C,0x00,0x00,0x01,0x37,0xD1,0x00,0x3F,0x9C,0x00,0x00,0x02,0x47,0xD1,0x00,0x3F,0x9C,0x00,0x00,
  0x03,0x4C,0xD1,0x00,0x3F,0x9C,0x00,0x00,0x04,0x4C,0xD1,0x00,0x10,0x9D,0x00,0x00,0x02,0x39,0xD0,0x00,0x10,0x9D,0x00,0x00,
  0x04,0x45,0xD0,0x00,0x10,0x9D,0x00,0x00,0x00,0x4A,0xA0,0x01,0x10,0x9D,0x00,0x00,0x01,0x4C,0xA0,0x01,0x10,0x9D,0x00,0x00,
  0x03,0x4C,0xA0,0x01,0x10,0x9D,0x00,0x00,0x02,0x56,0xA0,0x01,0xE0,0x9D,0x00,0x00,0x04,0x3B,0xD0,0x00,0xE0,0x9D,0x00,0x00,
  0x00,0x43,0xD0,0x00,0xB0,0x9E,0x00,0x00,0x02,0x39,0xD1,0x00,0xB0,0x9E,0x00,0x00,0x04,0x45,0xD1,0x00,0xB0,0x9E,0x00,0x00,
  0x00,0x4A,0xA1,0x01,0xB0,0x9E,0x00,0x00,0x01,0x4C,0xA1,0x01,0xB0,0x9E,0x00,0x00,0x03,0x4C,0xA1,0x01,0xB0,0x9E,0x00,0x00,
  0x02,0x56,0xA1,0x01,0x81,0x9F,0x00,0x00,0x04,0x37,0xD0,0x00,0x81,0x9F,0x00,0x00,0x00,0x47,0xD0,0x00,0x51,0xA0,0x00,0x00,
  0x02,0x39,0xD0,0x00,0x51,0xA0,0x00,0x00,0x04,0x45,0xD0,0x00,0x51,0xA0,0x00,0x00,0x00,0x4A,0xA1,0x01,0x51,0xA0,0x00,0x00,
  0x01,0x4C,0xA1,0x01,0x51,0xA0,0x00,0x00,0x03,0x4C,0xA1,0x01,0x51,0xA0,0x00,0x00,0x02,0x56,0xA1,0x01,0x21,0xA1,0x00,0x00,
  0x04,0x3B,0xD1,0x00,0x21,0xA1,0x00,0x00,0x00,0x44,0xD1,0x00,0xF2,0xA1,0x00,0x00,0x01,0x38,0xD0,0x00,0xF2,0xA1,0x00,0x00,
  0x02,0x47,0xD0,0x00,0xF2,0xA1,0x00,0x00,0x04,0x4A,0xD0,0x00,0xF2,0xA1,0x00,0x00,0x03,0x4C,0xD0,0x00,0xF2,0xA1,0x00,0x00,
  0x00,0x4C,0xD0,0x00,0xF2,0xA1,0x00,0x00,0x01,0x56,0xD0,0x00,0xC2,0xA2,0x00,0x00,0x02,0x39,0xD0,0x00,0xC2,0xA2,0x00,0x00,
  0x04,0x45,0xD0,0x00,0xC2,0xA2,0x00,0x00,0x03,0x49,0x68,0x00,0xC2,0xA2,0x00,0x00,0x01,0x4C,0x68,0x00,0xC2,0xA2,0x00,0x00,
  0x00,0x4C,0xD0,0x00,0xC2,0xA2,0x00,0x00,0x03,0x55,0xD0,0x00,0x2A,0xA3,0x00,0x00,0x01,0x49,0x68,0x00,0x2A,0xA3,0x00,0x00,
  0x02,0x4C,0x68,0x00,0x92,0xA3,0x00,0x00,0x02,0x39,0xD1,0x00,0x92,0xA3,0x00,0x00,0x04,0x45,0xD1,0x00,0x92,0xA3,0x00,0x00,
  0x03,0x49,0x69,0x00,0x92,0xA3,0x00,0x00,0x01,0x4C,0x69,0x00,0x92,0xA3,0x00,0x00,0x00,0x51,0xD1,0x00,0xFB,0xA3,0x00,0x00,
  0x03,0x49,0x68,0x00,0xFB,0xA3,0x00,0x00,0x01,0x4C,0x68,0x00,0x63,0xA4,0x00,0x00,0x02,0x39,0xD0,0x00,0x63,0xA4,0x00,0x00,
  0x04,0x45,0xD0,0x00,0x63,0xA4,0x00,0x00,0x00,0x4A,0x68,0x00,0x63,0xA4,0x00,0x00,0x03,0x4E,0x68,0x00,0x63,0xA4,0x00,0x00,
  0x01,0x56,0xD0,0x00,0xCB,0xA4,0x00,0x00,0x00,0x4A,0x68,0x00,0xCB,0xA4,0x00,0x00,0x03,0x4E,0x68,0x00,0x33,0xA5,0x00,0x00,
  0x02,0x39,0xD0,0x00,0x33,0xA5,0x00,0x00,0x04,0x45,0xD0,0x00,0x33,0xA5,0x00,0x00,0x00,0x4A,0x68,0x00,0x33,0xA5,0x00,0x00,
  0x03,0x4E,0x68,0x00,0x33,0xA5,0x00,0x00,0x01,0x51,0xD0,0x00,0x9B,0xA5,0x00,0x00,0x00,0x4A,0x68,0x00,0x9B,0xA5,0x00,0x00,
  0x03,0x4E,0x68,0x00,0x03,0xA6,0x00,0x00,0x02,0x39,0xD1,0x00,0x03,0xA6,0x00,0x00,0x04,0x45,0xD1,0x00,0x03,0xA6,0x00,0x00,
  0x03,0x49,0x69,0x00,0x03,0xA6,0x00,0x00,0x01,0x4C,0x69,0x00,0x03,0xA6,0x00,0x00,0x00,0x55,0xD1,0x00,0x6C,0xA6,0x00,0x00,
  0x03,0x49,0x68,0x00,0x6C,0xA6,0x00,0x00,0x01,0x4C,0x68,0x00,0xD4,0xA6,0x00,0x00,0x02,0x39,0xD0,0x00,0xD4,0xA6,0x00,0x00,
  0x04,0x45,0xD0,0x00,0xD4,0xA6,0x00,0x00,0x03,0x49,0x68,0x00,0xD4,0xA6,0x00,0x00,0x01,0x4C,0x68,0x00,0xD4,0xA6,0x00,0x00,
  0x00,0x51,0xD0,0x00,0x3C,0xA7,0x00,0x00,0x03,0x49,0x68,0x00,0x3C,0xA7,0x00,0x00,0x01,0x4C,0x68,0x00,0xA4,0xA7,0x00,0x00,
  0x02,0x39,0xD0,0x00,0xA4,0xA7,0x00,0x00,0x04,0x45,0xD0,0x00,0xA4,0xA7,0x00,0x00,0x00,0x4A,0x68,0x00,0xA4,0xA7,0x00,0x00,
  0x03,0x4E,0x68,0x00,0xA4,0xA7,0x00,0x00,0x01,0x56,0xD0,0x00,0x0C,0xA8,0x00,0x00,0x00,0x4A,0x68,0x00,0x0C,0xA8,0x00,0x00,
  0x03,0x4E,0x68,0x00,0x74,0xA8,0x00,0x00,0x02,0x39,0xD1,0x00,0x74,0xA8,0x00,0x00,0x04,0x45,0xD1,0x00,0x74,0xA8,0x00,0x00,
  0x00,0x4A,0x69,0x00,0x74,0xA8,0x00,0x00,0x03,0x4E,0x69,0x00,0x74,0xA8,0x00,0x00,0x01,0x51,0xD1,0x00,0xDD,0xA8,0x00,0x00,
  0x00,0x4A,0x68,0x00,0xDD,0xA8,0x00,0x00,0x03,0x4E,0x68,0x00,0x45,0xA9,0x00,0x00,0x02,0x39,0xD0,0x00,0x45,0xA9,0x00,0x00,
  0x04,0x45,0xD0,0x00,0x45,0xA9,0x00,0x00,0x03,0x49,0xD0,0x00,0x45,0xA9,0x00,0x00,0x01,0x4C,0xD0,0x00,0x45,0xA9,0x00,0x00,
  0x00,0x55,0xD0,0x00,0x15,0xAA,0x00,0x00,0x00,0x2D,0xD0,0x00,0x15,0xAA,0x00,0x00,0x02,0x39,0xD0,0x00,0x15,0xAA,0x00,0x00,
  0x04,0x45,0xD0,0x00,0x15,0xAA,0x00,0x00,0x01,0x45,0xD0,0x00,0xE5,0xAA,0x00,0x00,0x00,0x2D,0xD1,0x00,0xE5,0xAA,0x00,0x00,
  0x02,0x39,0xD1,0x00,0xE5,0xAA,0x00,0x00,0x04,0x45,0xD1,0x00,0xE5,0xAA,0x00,0x00,0x01,0x45,0xD1,0x00,0xB6,0xAB,0x00,0x00,
  0x00,0x2D,0xD0,0x00,0xB6,0xAB,0x00,0x00,0x02,0x39,0xD0,0x00,0xB6,0xAB,0x00,0x00,0x04,0x45,0xD0,0x00,0xB6,0xAB,0x00,0x00,
  0x01,0x45,0xD0,0x00,0x86,0xAC,0x00,0x00,0x00,0x2D,0xA1,0x01,0x86,0xAC,0x00,0x00,0x02,0x39,0xA1,0x01,0x86,0xAC,0x00,0x00,
  0x04,0x45,0xA1,0x01,0x86,0xAC,0x00,0x00,0x01,0x45,0xA1,0x01,0xC7,0xAF,0x00,0x00,0x04,0x45,0x71,0x02,0xC7,0xAF,0x00,0x00,
  0x01,0x51,0x71,0x02,0x38,0xB2,0x00,0x00,0x02,0x43,0x46,0x00,0x38,0xB2,0x00,0x00,0x04,0x4F,0x46,0x00,0x7E,0xB2,0x00,0x00,
  0x01,0x42,0x45,0x00,0x7E,0xB2,0x00,0x00,0x03,0x4E,0x45,0x00,0xC3,0xB2,0x00,0x00,0x04,0x40,0x46,0x00,0xC3,0xB2,0x00,0x00,
  0x01,0x4C,0x46,0x00,0x09,0xB3,0x00,0x00,0x02,0x3E,0xD0,0x00,0x09,0xB3,0x00,0x00,0x04,0x4A,0xD0,0x00,0xA9,0xB4,0x00,0x00,
  0x01,0x33,0xD1,0x00,0xA9,0xB4,0x00,0x00,0x02,0x42,0xD1,0x00,0xA9,0xB4,0x00,0x00,0x03,0x47,0xD1,0x00,0xA9,0xB4,0x00,0x00,
  0x04,0x53,0xD1,0x00,0x4A,0xB6,0x00,0x00,0x02,0x34,0xD0,0x00,0x4A,0xB6,0x00,0x00,0x04,0x3B,0xD0,0x00,0x4A,0xB6,0x00,0x00,
  0x03,0x43,0xD0,0x00,0x4A,0xB6,0x00,0x00,0x00,0x4F,0xD0,0x00,0xEB,0xB7,0x00,0x00,0x00,0x32,0xD0,0x00,0xEB,0xB7,0x00,0x00,
  0x04,0x40,0xD0,0x00,0xEB,0xB7,0x00,0x00,0x02,0x43,0xD0,0x00,0xEB,0xB7,0x00,0x00,0x01,0x4C,0xD0,0x00,0x8B,0xB9,0x00,0x00,
  0x04,0x31,0xD1,0x00,0x8B,0xB9,0x00,0x00,0x00,0x40,0xD1,0x00,0x8B,0xB9,0x00,0x00,0x01,0x45,0xD1,0x00,0x8B,0xB9,0x00,0x00,
  0x02,0x51,0xD1,0x00,0x2C,0xBB,0x00,0x00,0x00,0x2D,0xD0,0x00,0x2C,0xBB,0x00,0x00,0x01,0x3D,0xD0,0x00,0xCD,0xBC,0x00,0x00,
  0x01,0x42,0x71,0x02,0xCD,0xBC,0x00,0x00,0x03,0x4E,0x71,0x02,0x6D,0xBE,0x00,0x00,0x02,0x2E,0xA1,0x01,0x6D,0xBE,0x00,0x00,
  0x04,0x40,0xA1,0x01,0x3E,0xBF,0x00,0x00,0x00,0x40,0x45,0x00,0x3E,0xBF,0x00,0x00,0x01,0x4C,0x45,0x00,0x83,0xBF,0x00,0x00,
  0x03,0x3E,0x46,0x00,0x83,0xBF,0x00,0x00,0x00,0x4A,0x46,0x00,0xC9,0xBF,0x00,0x00,0x01,0x3D,0x45,0x00,0xC9,0xBF,0x00,0x00,
  0x03,0x49,0x45,0x00,0x0E,0xC0,0x00,0x00,0x02,0x2F,0xD0,0x00,0x0E,0xC0,0x00,0x00,0x04,0x3B,0xD0,0x00,0x0E,0xC0,0x00,0x00,
  0x03,0x3E,0xD0,0x00,0x0E,0xC0,0x00,0x00,0x01,0x47,0xD0,0x00,0xAF,0xC1,0x00,0x00,0x03,0x2B,0xD0,0x00,0xAF,0xC1,0x00,0x00,
  0x04,0x40,0xD0,0x00,0xAF,0xC1,0x00,0x00,0x02,0x43,0xD0,0x00,0xAF,0xC1,0x00,0x00,0x00,0x4F,0xD0,0x00,0x4F,0xC3,0x00,0x00,
  0x00,0x2D,0xA1,0x01,0x4F,0xC3,0x00,0x00,0x02,0x3E,0x42,0x03,0x4F,0xC3,0x00,0x00,0x01,0x42,0x42,0x03,0x4F,0xC3,0x00,0x00,
  0x03,0x4E,0x42,0x03,0xF0,0xC4,0x00,0x00,0x04,0x39,0x71,0x02,0x91,0xC6,0x00,0x00,0x01,0x3D,0xA0,0x01,0x91,0xC6,0x00,0x00,
  0x00,0x40,0xA0,0x01,0x91,0xC6,0x00,0x00,0x02,0x4C,0xA0,0x01,0x61,0xC7,0x00,0x00,0x03,0x38,0xD0,0x00,0x31,0xC8,0x00,0x00,
  0x00,0x37,0xD1,0x00,0x02,0xC9,0x00,0x00,0x02,0x34,0xD0,0x00,0xD2,0xC9,0x00,0x00,0x00,0x32,0xD0,0x00,0xD2,0xC9,0x00,0x00,
  0x04,0x45,0x71,0x02,0xA2,0xCA,0x00,0x00,0x01,0x51,0xD1,0x00,0x73,0xCB,0x00,0x00,0x02,0x34,0xD0,0x00,0x73,0xCB,0x00,0x00,
  0x01,0x3D,0xA0,0x01,0x73,0xCB,0x00,0x00,0x03,0x51,0xD0,0x00,0x43,0xCC,0x00,0x00,0x02,0x43,0x46,0x00,0x43,0xCC,0x00,0x00,
  0x03,0x51,0xD0,0x00,0x89,0xCC,0x00,0x00,0x02,0x42,0x45,0x00,0xCE,0xCC,0x00,0x00,0x04,0x40,0x45,0x00,0x13,0xCD,0x00,0x00,
  0x04,0x36,0xD1,0x00,0x13,0xCD,0x00,0x00,0x02,0x3E,0xD1,0x00,0x13,0xCD,0x00,0x00,0x03,0x3E,0xD1,0x00,0x13,0xCD,0x00,0x00,
  0x01,0x51,0xD1,0x00,0xE4,0xCD,0x00,0x00,0x01,0x51,0xD0,0x00,0xB4,0xCE,0x00,0x00,0x01,0x33,0xD0,0x00,0xB4,0xCE,0x00,0x00,
  0x02,0x42,0xD0,0x00,0xB4,0xCE,0x00,0x00,0x03,0x47,0xD0,0x00,0xB4,0xCE,0x00,0x00,0x04,0x51,0xD0,0x00,0x84,0xCF,0x00,0x00,
  0x01,0x51,0xD1,0x00,0x55,0xD0,0x00,0x00,0x02,0x34,0xD0,0x00,0x55,0xD0,0x00,0x00,0x04,0x3B,0xD0,0x00,0x55,0xD0,0x00,0x00,
  0x03,0x43,0xD0,0x00,0x55,0xD0,0x00,0x00,0x01,0x51,0xD0,0x00,0x25,0xD1,0x00,0x00,0x01,0x51,0xD0,0x00,0xF5,0xD1,0x00,0x00,
  0x00,0x32,0xD1,0x00,0xF5,0xD1,0x00,0x00,0x01,0x37,0xD1,0x00,0xF5,0xD1,0x00,0x00,0x04,0x40,0xD1,0x00,0xF5,0xD1,0x00,0x00,
  0x02,0x51,0xD1,0x00,0xC6,0xD2,0x00,0x00,0x01,0x51,0xD0,0x00,0x96,0xD3,0x00,0x00,0x04,0x31,0xD0,0x00,0x96,0xD3,0x00,0x00,
  0x02,0x34,0xD0,0x00,0x96,0xD3,0x00,0x00,0x00,0x45,0xD0,0x00,0x96,0xD3,0x00,0x00,0x01,0x51,0xD0,0x00,0x66,0xD4,0x00,0x00,
  0x01,0x51,0xD1,0x00,0x37,0xD5,0x00,0x00,0x00,0x2D,0xD0,0x00,0x37,0xD5,0x00,0x00,0x04,0x40,0xD0,0x00,0x37,0xD5,0x00,0x00,
  0x02,0x43,0xD0,0x00,0x37,0xD5,0x00,0x00,0x03,0x53,0xD0,0x00,0x07,0xD6,0x00,0x00,0x00,0x55,0xD0,0x00,0xD7,0xD6,0x00,0x00,
  0x02,0x2F,0xD1,0x00,0xD7,0xD6,0x00,0x00,0x04,0x40,0xD1,0x00,0xD7,0xD6,0x00,0x00,0x03,0x43,0xD1,0x00,0xD7,0xD6,0x00,0x00,
  0x00,0x55,0xD1,0x00,0xA8,0xD7,0x00,0x00,0x02,0x3E,0xD0,0x00,0xA8,0xD7,0x00,0x00,0x01,0x42,0xD0,0x00,0xA8,0xD7,0x00,0x00,
  0x03,0x56,0xD0,0x00,0x78,0xD8,0x00,0x00,0x00,0x37,0xD0,0x00,0x48,0xD9,0x00,0x00,0x04,0x4F,0xD1,0x00,0x48,0xD9,0x00,0x00,
  0x03,0x53,0xD1,0x00,0x19,0xDA,0x00,0x00,0x02,0x39,0xD0,0x00,0x19,0xDA,0x00,0x00,0x04,0x4F,0xD0,0x00,0x19,0xDA,0x00,0x00,
  0x03,0x53,0xD0,0x00,0xE9,0xDA,0x00,0x00,0x03,0x4E,0xD0,0x00,0xE9,0xDA,0x00,0x00,0x01,0x51,0xD0,0x00,0xB9,0xDB,0x00,0x00,
  0x00,0x2D,0xD1,0x00,0x8A,0xDC,0x00,0x00,0x02,0x43,0xD0,0x00,0x8A,0xDC,0x00,0x00,0x03,0x49,0xD0,0x00,0x5A,0xDD,0x00,0x00,
  0x00,0x32,0xA1,0x01,0x5A,0xDD,0x00,0x00,0x02,0x3E,0xD0,0x00,0x5A,0xDD,0x00,0x00,0x01,0x42,0xD0,0x00,0x5A,0xDD,0x00,0x00,
  0x04,0x4A,0xA1,0x01,0x2A,0xDE,0x00,0x00,0x02,0x3E,0xD1,0x00,0x2A,0xDE,0x00,0x00,0x01,0x42,0xD1,0x00,0xFB,0xDE,0x00,0x00,
  0x04,0x40,0xD0,0x00,0xFB,0xDE,0x00,0x00,0x02,0x43,0xD0,0x00,0xCB,0xDF,0x00,0x00,0x04,0x40,0xD0,0x00,0xCB,0xDF,0x00,0x00,
  0x02,0x43,0xD0,0x00,0xCB,0xDF,0x00,0x00,0x01,0x51,0xD0,0x00,0x9B,0xE0,0x00,0x00,0x01,0x42,0xD1,0x00,0x9B,0xE0,0x00,0x00,
  0x04,0x45,0xD1,0x00,0x9B,0xE0,0x00,0x00,0x02,0x56,0xD1,0x00,0x6C,0xE1,0x00,0x00,0x01,0x42,0xD0,0x00,0x6C,0xE1,0x00,0x00,
  0x04,0x45,0xD0,0x00,0x6C,0xE1,0x00,0x00,0x00,0x55,0xD0,0x00,0x3C,0xE2,0x00,0x00,0x02,0x3E,0xD0,0x00,0x3C,0xE2,0x00,0x00,
  0x01,0x42,0xD0,0x00,0x3C,0xE2,0x00,0x00,0x03,0x53,0xD0,0x00,0x0C,0xE3,0x00,0x00,0x02,0x3E,0xD1,0x00,0x0C,0xE3,0x00,0x00,
  0x01,0x42,0xD1,0x00,0x0C,0xE3,0x00,0x00,0x03,0x51,0xD1,0x00,0xDD,0xE3,0x00,0x00,0x00,0x2D,0xA0,0x01,0xDD,0xE3,0x00,0x00,
  0x01,0x3D,0xD0,0x00,0xDD,0xE3,0x00,0x00,0x04,0x40,0xD0,0x00,0xDD,0xE3,0x00,0x00,0x03,0x53,0x45,0x00,0x22,0xE4,0x00,0x00,
  0x02,0x55,0x46,0x00,0x68,0xE4,0x00,0x00,0x03,0x53,0x45,0x00,0xAD,0xE4,0x00,0x00,0x01,0x3D,0xD0,0x00,0xAD,0xE4,0x00,0x00,
  0x04,0x40,0xD0,0x00,0xAD,0xE4,0x00,0x00,0x02,0x51,0xD0,0x00,0x7D,0xE5,0x00,0x00,0x02,0x3E,0xD1,0x00,0x7D,0xE5,0x00,0x00,
  0x01,0x42,0xD1,0x00,0x4E,0xE6,0x00,0x00,0x02,0x3E,0xD0,0x00,0x4E,0xE6,0x00,0x00,0x01,0x42,0xD0,0x00,0x4E,0xE6,0x00,0x00,
  0x03,0x51,0xD0,0x00,0x1E,0xE7,0x00,0x00,0x04,0x40,0xD0,0x00,0x1E,0xE7,0x00,0x00,0x02,0x43,0xD0,0x00,0x1E,0xE7,0x00,0x00,
  0x01,0x51,0xD0,0x00,0xEE,0xE7,0x00,0x00,0x04,0x40,0xD1,0x00,0xEE,0xE7,0x00,0x00,0x02,0x43,0xD1,0x00,0xEE,0xE7,0x00,0x00,
  0x01,0x51,0xD1,0x00,0xBF,0xE8,0x00,0x00,0x01,0x3D,0xD0,0x00,0xBF,0xE8,0x00,0x00,0x04,0x40,0xD0,0x00,0xBF,0xE8,0x00,0x00,
  0x02,0x51,0xD0,0x00,0x8F,0xE9,0x00,0x00,0x01,0x3D,0xD0,0x00,0x8F,0xE9,0x00,0x00,0x04,0x40,0xD0,0x00,0x8F,0xE9,0x00,0x00,
  0x02,0x51,0xD0,0x00,0x5F,0xEA,0x00,0x00,0x00,0x32,0xA1,0x01,0x5F,0xEA,0x00,0x00,0x02,0x3E,0xD1,0x00,0x5F,0xEA,0x00,0x00,
  0x01,0x42,0xD1,0x00,0x5F,0xEA,0x00,0x00,0x03,0x53,0x46,0x00,0xA5,0xEA,0x00,0x00,0x03,0x55,0x45,0x00,0xEA,0xEA,0x00,0x00,
  0x03,0x53,0x46,0x00,0x30,0xEB,0x00,0x00,0x02,0x3E,0xD0,0x00,0x30,0xEB,0x00,0x00,0x01,0x42,0xD0,0x00,0x30,0xEB,0x00,0x00,
  0x03,0x51,0xD0,0x00,0x00,0xEC,0x00,0x00,0x04,0x40,0xD0,0x00,0x00,0xEC,0x00,0x00,0x02,0x43,0xD0,0x00,0xD0,0xEC,0x00,0x00,
  0x04,0x40,0xD1,0x00,0xD0,0xEC,0x00,0x00,0x02,0x43,0xD1,0x00,0xD0,0xEC,0x00,0x00,0x01,0x51,0xD1,0x00,0xA1,0xED,0x00,0x00,
  0x01,0x42,0xD0,0x00,0xA1,0xED,0x00,0x00,0x04,0x45,0xD0,0x00,0xA1,0xED,0x00,0x00,0x02,0x56,0xD0,0x00,0x71,0xEE,0x00,0x00,
  0x01,0x42,0xD0,0x00,0x71,0xEE,0x00,0x00,0x04,0x45,0xD0,0x00,0x71,0xEE,0x00,0x00,0x00,0x55,0xD0,0x00,0x41,0xEF,0x00,0x00,
  0x02,0x3E,0xD1,0x00,0x41,0xEF,0x00,0x00,0x01,0x42,0xD1,0x00,0x41,0xEF,0x00,0x00,0x03,0x53,0xD1,0x00,0x12,0xF0,0x00,0x00,
  0x02,0x3E,0xD0,0x00,0x12,0xF0,0x00,0x00,0x01,0x42,0xD0,0x00,0x12,0xF0,0x00,0x00,0x03,0x51,0xD0,0x00,0xE2,0xF0,0x00,0x00,
  0x00,0x2D,0xA1,0x01,0xE2,0xF0,0x00,0x00,0x01,0x3D,0xD0,0x00,0xE2,0xF0,0x00,0x00,0x04,0x40,0xD0,0x00,0xE2,0xF0,0x00,0x00,
  0x03,0x53,0x46,0x00,0x28,0xF1,0x00,0x00,0x02,0x55,0x45,0x00,0x6D,0xF1,0x00,0x00,0x03,0x53,0x45,0x00,0xB2,0xF1,0x00,0x00,
  0x01,0x3D,0xD1,0x00,0xB2,0xF1,0x00,0x00,0x04,0x40,0xD1,0x00,0xB2,0xF1,0x00,0x00,0x02,0x51,0xD1,0x00,0x83,0xF2,0x00,0x00,
  0x02,0x3E,0xD0,0x00,0x83,0xF2,0x00,0x00,0x01,0x42,0xD0,0x00,0x53,0xF3,0x00,0x00,0x02,0x3E,0xD0,0x00,0x53,0xF3,0x00,0x00,
  0x01,0x42,0xD0,0x00,0x53,0xF3,0x00,0x00,0x03,0x51,0xD0,0x00,0x23,0xF4,0x00,0x00,0x04,0x40,0xD1,0x00,0x23,0xF4,0x00,0x00,
  0x02,0x43,0xD1,0x00,0x23,0xF4,0x00,0x00,0x01,0x51,0xD1,0x00,0xF4,0xF4,0x00,0x00,0x04,0x40,0xD0,0x00,0xF4,0xF4,0x00,0x00,
  0x02,0x43,0xD0,0x00,0xF4,0xF4,0x00,0x00,0x01,0x51,0xD0,0x00,0xC4,0xF5,0x00,0x00,0x01,0x3D,0xD0,0x00,0xC4,0xF5,0x00,0x00,
  0x04,0x40,0xD0,0x00,0xC4,0xF5,0x00,0x00,0x02,0x51,0xD0,0x00,0x94,0xF6,0x00,0x00,0x01,0x3D,0xD1,0x00,0x94,0xF6,0x00,0x00,
  0x04,0x40,0xD1,0x00,0x94,0xF6,0x00,0x00,0x02,0x51,0xD1,0x00,0x65,0xF7,0x00,0x00,0x02,0x3E,0xD0,0x00,0x65,0xF7,0x00,0x00,
  0x01,0x42,0xA0,0x01,0x65,0xF7,0x00,0x00,0x03,0x53,0x45,0x00,0xAA,0xF7,0x00,0x00,0x00,0x55,0x46,0x00,0xF0,0xF7,0x00,0x00,
  0x03,0x53,0x45,0x00,0x35,0xF8,0x00,0x00,0x00,0x32,0xD0,0x00,0x35,0xF8,0x00,0x00,0x02,0x3E,0xD0,0x00,0x35,0xF8,0x00,0x00,
  0x03,0x51,0xD0,0x00,0x05,0xF9,0x00,0x00,0x04,0x36,0xD1,0x00,0x05,0xF9,0x00,0x00,0x01,0x42,0xD1,0x00,0xD6,0xF9,0x00,0x00,
  0x02,0x34,0xD0,0x00,0xD6,0xF9,0x00,0x00,0x04,0x40,0xD0,0x00,0xA6,0xFA,0x00,0x00,0x01,0x33,0xD0,0x00,0xA6,0xFA,0x00,0x00,
  0x03,0x3F,0xD0,0x00,0xA6,0xFA,0x00,0x00,0x02,0x47,0x71,0x02,0xA6,0xFA,0x00,0x00,0x04,0x47,0x41,0x03,0xA6,0xFA,0x00,0x00,
  0x00,0x4E,0x41,0x03,0xA6,0xFA,0x00,0x00,0x01,0x53,0x71,0x02,0x76,0xFB,0x00,0x00,0x03,0x2F,0xD1,0x00,0x76,0xFB,0x00,0x00,
  0x03,0x3B,0xD1,0x00,0x47,0xFC,0x00,0x00,0x03,0x31,0xD0,0x00,0x47,0xFC,0x00,0x00,0x02,0x3D,0xD0,0x00,0x17,0xFD,0x00,0x00,
  0x01,0x33,0xD0,0x00,0x17,0xFD,0x00,0x00,0x03,0x3F,0xD0,0x00,0x17,0xFD,0x00,0x00,0x02,0x51,0x46,0x00,0x5D,0xFD,0x00,0x00,
  0x02,0x4F,0x45,0x00,0xA2,0xFD,0x00,0x00,0x02,0x4E,0x45,0x00,0xE7,0xFD,0x00,0x00,0x02,0x34,0xD1,0x00,0xE7,0xFD,0x00,0x00,
  0x04,0x40,0xD1,0x00,0xE7,0xFD,0x00,0x00,0x01,0x4C,0xA1,0x01,0xE7,0xFD,0x00,0x00,0x00,0x4F,0xA1,0x01,0xB8,0xFE,0x00,0x00,
  0x02,0x37,0xD0,0x00,0xB8,0xFE,0x00,0x00,0x03,0x43,0xD0,0x00,0x88,0xFF,0x00,0x00,0x02,0x34,0xD0,0x00,0x88,0xFF,0x00,0x00,
  0x04,0x40,0xD0,0x00,0x58,0x00,0x01,0x00,0x00,0x32,0xD1,0x00,0x58,0x00,0x01,0x00,0x02,0x3E,0xD1,0x00,0x29,0x01,0x01,0x00,
  0x04,0x31,0xD0,0x00,0x29,0x01,0x01,0x00,0x01,0x3D,0xD0,0x00,0x29,0x01,0x01,0x00,0x00,0x45,0x71,0x02,0x29,0x01,0x01,0x00,
  0x02,0x45,0x41,0x03,0x29,0x01,0x01,0x00,0x03,0x4C,0x41,0x03,0x29,0x01,0x01,0x00,0x04,0x51,0x71,0x02,0xF9,0x01,0x01,0x00,
  0x01,0x2D,0xD0,0x00,0xF9,0x01,0x01,0x00,0x01,0x39,0xD0,0x00,0xC9,0x02,0x01,0x00,0x01,0x2F,0xD1,0x00,0xC9,0x02,0x01,0x00,
  0x00,0x3B,0xD1,0x00,0x9A,0x03,0x01,0x00,0x04,0x31,0xD0,0x00,0x9A,0x03,0x01,0x00,0x01,0x3D,0xD0,0x00,0x9A,0x03,0x01,0x00,
  0x00,0x4F,0x45,0x00,0xDF,0x03,0x01,0x00,0x00,0x4E,0x46,0x00,0x25,0x04,0x01,0x00,0x00,0x4C,0x45,0x00,0x6A,0x04,0x01,0x00,
  0x00,0x32,0xD0,0x00,0x6A,0x04,0x01,0x00,0x02,0x3E,0xD0,0x00,0x6A,0x04,0x01,0x00,0x04,0x4A,0xD0,0x00,0x6A,0x04,0x01,0x00,
  0x03,0x4E,0xA1,0x01,0x3A,0x05,0x01,0x00,0x00,0x32,0xD1,0x00,0x3A,0x05,0x01,0x00,0x04,0x4A,0xD1,0x00,0x3A,0x05,0x01,0x00,
  0x01,0x4E,0xD1,0x00,0x0B,0x06,0x01,0x00,0x02,0x34,0xD0,0x00,0x0B,0x06,0x01,0x00,0x04,0x4A,0xD0,0x00,0x0B,0x06,0x01,0x00,
  0x00,0x4F,0xD0,0x00,0xDB,0x06,0x01,0x00,0x04,0x36,0xD0,0x00,0xDB,0x06,0x01,0x00,0x00,0x4A,0xD0,0x00,0xDB,0x06,0x01,0x00,
  0x01,0x51,0xD0,0x00,0xAB,0x07,0x01,0x00,0x00,0x37,0xD1,0x00,0xAB,0x07,0x01,0x00,0x04,0x4A,0xD1,0x00,0xAB,0x07,0x01,0x00,
  0x01,0x4F,0xD1,0x00,0xAB,0x07,0x01,0x00,0x03,0x53,0xD1,0x00,0x7C,0x08,0x01,0x00,0x00,0x37,0xD0,0x00,0x7C,0x08,0x01,0x00,
  0x04,0x4A,0xD0,0x00,0x7C,0x08,0x01,0x00,0x01,0x51,0x68,0x00,0x7C,0x08,0x01,0x00,0x02,0x55,0x68,0x00,0xE4,0x08,0x01,0x00,
  0x03,0x53,0x68,0x00,0xE4,0x08,0x01,0x00,0x01,0x56,0x68,0x00,0x4C,0x09,0x01,0x00,0x00,0x37,0xD0,0x00,0x4C,0x09,0x01,0x00,
  0x04,0x4A,0xD0,0x00,0x4C,0x09,0x01,0x00,0x01,0x51,0xD0,0x00,0x4C,0x09,0x01,0x00,0x02,0x55,0xD0,0x00,0x1C,0x0A,0x01,0x00,
  0x00,0x37,0xD1,0x00,0x1C,0x0A,0x01,0x00,0x04,0x4A,0xD1,0x00,0x1C,0x0A,0x01,0x00,0x01,0x4F,0xD1,0x00,0x1C,0x0A,0x01,0x00,
  0x03,0x53,0xD1,0x00,0xED,0x0A,0x01,0x00,0x02,0x39,0xD0,0x00,0xED,0x0A,0x01,0x00,0x04,0x4A,0xD0,0x00,0xED,0x0A,0x01,0x00,
  0x00,0x4F,0xD0,0x00,0xED,0x0A,0x01,0x00,0x03,0x53,0xD0,0x00,0xBD,0x0B,0x01,0x00,0x02,0x39,0xD0,0x00,0xBD,0x0B,0x01,0x00,
  0x04,0x45,0xD0,0x00,0xBD,0x0B,0x01,0x00,0x03,0x4E,0xD0,0x00,0xBD,0x0B,0x01,0x00,0x01,0x51,0xD0,0x00,0x8D,0x0C,0x01,0x00,
  0x02,0x39,0xD1,0x00,0x8D,0x0C,0x01,0x00,0x04,0x45,0xD1,0x00,0x8D,0x0C,0x01,0x00,0x00,0x4A,0xD1,0x00,0x8D,0x0C,0x01,0x00,
  0x03,0x4E,0xD1,0x00,0x5E,0x0D,0x01,0x00,0x02,0x39,0xD0,0x00,0x5E,0x0D,0x01,0x00,0x04,0x45,0xD0,0x00,0x5E,0x0D,0x01,0x00,
  0x03,0x4E,0xD0,0x00,0x5E,0x0D,0x01,0x00,0x01,0x51,0xD0,0x00,0x2E,0x0E,0x01,0x00,0x00,0x2D,0xD0,0x00,0x2E,0x0E,0x01,0x00,
  0x04,0x45,0xD0,0x00,0x2E,0x0E,0x01,0x00,0x03,0x4E,0xD0,0x00,0x2E,0x0E,0x01,0x00,0x01,0x51,0xD0,0x00,0xFE,0x0E,0x01,0x00,
  0x00,0x2D,0xD1,0x00,0xFE,0x0E,0x01,0x00,0x04,0x45,0xD1,0x00,0xFE,0x0E,0x01,0x00,0x01,0x4C,0xD1,0x00,0xFE,0x0E,0x01,0x00,
  0x02,0x4F,0xD1,0x00,0xCF,0x0F,0x01,0x00,0x00,0x2D,0xD0,0x00,0xCF,0x0F,0x01,0x00,0x04,0x45,0xD0,0x00,0xCF,0x0F,0x01,0x00,
  0x01,0x4A,0xD0,0x00,0xCF,0x0F,0x01,0x00,0x03,0x4E,0xD0,0x00,0x9F,0x10,0x01,0x00,0x00,0x2D,0xD0,0x00,0x9F,0x10,0x01,0x00,
  0x02,0x43,0xD0,0x00,0x9F,0x10,0x01,0x00,0x03,0x49,0xD0,0x00,0x9F,0x10,0x01,0x00,0x01,0x4C,0xD0,0x00,0x6F,0x11,0x01,0x00,
  0x00,0x32,0xA1,0x01,0x6F,0x11,0x01,0x00,0x01,0x42,0xD1,0x00,0x6F,0x11,0x01,0x00,0x04,0x4A,0xD1,0x00,0x6F,0x11,0x01,0x00,
  0x02,0x4A,0xA1,0x01,0x40,0x12,0x01,0x00,0x03,0x3E,0xD0,0x00,0x40,0x12,0x01,0x00,0x01,0x42,0xD0,0x00,0x10,0x13,0x01,0x00,
  0x04,0x40,0xD0,0x00,0x10,0x13,0x01,0x00,0x02,0x43,0xD0,0x00,0xE0,0x13,0x01,0x00,0x04,0x40,0xD1,0x00,0xE0,0x13,0x01,0x00,
  0x02,0x43,0xD1,0x00,0xE0,0x13,0x01,0x00,0x01,0x51,0xD1,0x00,0xB1,0x14,0x01,0x00,0x01,0x42,0xD0,0x00,0xB1,0x14,0x01,0x00,
  0x04,0x45,0xD0,0x00,0xB1,0x14,0x01,0x00,0x02,0x56,0xD0,0x00,0x81,0x15,0x01,0x00,0x01,0x42,0xD0,0x00,0x81,0x15,0x01,0x00,
  0x04,0x45,0xD0,0x00,0x81,0x15,0x01,0x00,0x00,0x55,0xD0,0x00,0x51,0x16,0x01,0x00,0x02,0x3E,0xD1,0x00,0x51,0x16,0x01,0x00,
  0x01,0x42,0xD1,0x00,0x51,0x16,0x01,0x00,0x03,0x53,0xD1,0x00,0x22,0x17,0x01,0x00,0x02,0x3E,0xD0,0x00,0x22,0x17,0x01,0x00,
  0x01,0x42,0xD0,0x00,0x22,0x17,0x01,0x00,0x03,0x51,0xD0,0x00,0xF2,0x17,0x01,0x00,0x00,0x2D,0xA1,0x01,0xF2,0x17,0x01,0x00,
  0x01,0x3D,0xD0,0x00,0xF2,0x17,0x01,0x00,0x04,0x40,0xD0,0x00,0xF2,0x17,0x01,0x00,0x03,0x53,0x45,0x00,0x37,0x18,0x01,0x00,
  0x02,0x55,0x46,0x00,0x7D,0x18,0x01,0x00,0x03,0x53,0x45,0x00,0xC2,0x18,0x01,0x00,0x01,0x3D,0xD1,0x00,0xC2,0x18,0x01,0x00,
  0x04,0x40,0xD1,0x00,0xC2,0x18,0x01,0x00,0x02,0x51,0xD1,0x00,0x93,0x19,0x01,0x00,0x02,0x3E,0xD0,0x00,0x93,0x19,0x01,0x00,
  0x01,0x42,0xD0,0x00,0x63,0x1A,0x01,0x00,0x02,0x3E,0xD0,0x00,0x63,0x1A,0x01,0x00,0x01,0x42,0xD0,0x00,0x63,0x1A,0x01,0x00,
  0x03,0x51,0xD0,0x00,0x33,0x1B,0x01,0x00,0x04,0x40,0xD1,0x00,0x33,0x1B,0x01,0x00,0x02,0x43,0xD1,0x00,0x33,0x1B,0x01,0x00,
  0x01,0x51,0xD1,0x00,0x04,0x1C,0x01,0x00,0x04,0x40,0xD0,0x00,0x04,0x1C,0x01,0x00,0x02,0x43,0xD0,0x00,0x04,0x1C,0x01,0x00,
  0x01,0x51,0xD0,0x00,0xD4,0x1C,0x01,0x00,0x01,0x3D,0xD0,0x00,0xD4,0x1C,0x01,0x00,0x04,0x40,0xD0,0x00,0xD4,0x1C,0x01,0x00,
  0x02,0x51,0xD0,0x00,0xA4,0x1D,0x01,0x00,0x01,0x3D,0xD1,0x00,0xA4,0x1D,0x01,0x00,0x04,0x40,0xD1,0x00,0xA4,0x1D,0x01,0x00,
  0x02,0x51,0xD1,0x00,0x75,0x1E,0x01,0x00,0x00,0x32,0xA0,0x01,0x75,0x1E,0x01,0x00,0x02,0x3E,0xD0,0x00,0x75,0x1E,0x01,0x00,
  0x01,0x42,0xD0,0x00,0x75,0x1E,0x01,0x00,0x03,0x53,0x45,0x00,0xBA,0x1E,0x01,0x00,0x03,0x55,0x46,0x00,0x00,0x1F,0x01,0x00,
  0x03,0x53,0x45,0x00,0x45,0x1F,0x01,0x00,0x02,0x3E,0xD0,0x00,0x45,0x1F,0x01,0x00,0x01,0x42,0xD0,0x00,0x45,0x1F,0x01,0x00,
  0x03,0x51,0xD0,0x00,0x15,0x20,0x01,0x00,0x04,0x40,0xD1,0x00,0x15,0x20,0x01,0x00,0x02,0x43,0xD1,0x00,0xE6,0x20,0x01,0x00,
  0x04,0x40,0xD0,0x00,0xE6,0x20,0x01,0x00,0x02,0x43,0xD0,0x00,0xE6,0x20,0x01,0x00,0x01,0x51,0xD0,0x00,0xB6,0x21,0x01,0x00,
  0x01,0x42,0xD0,0x00,0xB6,0x21,0x01,0x00,0x04,0x45,0xD0,0x00,0xB6,0x21,0x01,0x00,0x02,0x56,0xD0,0x00,0x86,0x22,0x01,0x00,
  0x01,0x42,0xD1,0x00,0x86,0x22,0x01,0x00,0x04,0x45,0xD1,0x00,0x86,0x22,0x01,0x00,0x00,0x55,0xD1,0x00,0x57,0x23,0x01,0x00,
  0x02,0x3E,0xD0,0x00,0x57,0x23,0x01,0x00,0x01,0x42,0xD0,0x00,0x57,0x23,0x01,0x00,0x03,0x53,0xD0,0x00,0x27,0x24,0x01,0x00,
  0x02,0x3E,0xD0,0x00,0x27,0x24,0x01,0x00,0x01,0x42,0xD0,0x00,0x27,0x24,0x01,0x00,0x03,0x51,0xD0,0x00,0xF7,0x24,0x01,0x00,
  0x00,0x2D,0xA1,0x01,0xF7,0x24,0x01,0x00,0x01,0x3D,0xD1,0x00,0xF7,0x24,0x01,0x00,0x04,0x40,0xD1,0x00,0xF7,0x24,0x01,0x00,
  0x03,0x53,0x46,0x00,0x3D,0x25,0x01,0x00,0x02,0x55,0x45,0x00,0x82,0x25,0x01,0x00,0x03,0x53,0x46,0x00,0xC8,0x25,0x01,0x00,
  0x01,0x3D,0xD0,0x00,0xC8,0x25,0x01,0x00,0x04,0x40,0xD0,0x00,0xC8,0x25,0x01,0x00,0x02,0x51,0xD0,0x00,0x98,0x26,0x01,0x00,
  0x02,0x3E,0xD0,0x00,0x98,0x26,0x01,0x00,0x01,0x42,0xD0,0x00,0x68,0x27,0x01,0x00,0x02,0x3E,0xD1,0x00,0x68,0x27,0x01,0x00,
  0x01,0x42,0xD1,0x00,0x68,0x27,0x01,0x00,0x03,0x51,0xD1,0x00,0x39,0x28,0x01,0x00,0x04,0x40,0xD0,0x00,0x39,0x28,0x01,0x00,
  0x02,0x43,0xD0,0x00,0x39,0x28,0x01,0x00,0x01,0x51,0xD0,0x00,0x09,0x29,0x01,0x00,0x04,0x40,0xD0,0x00,0x09,0x29,0x01,0x00,
  0x02,0x43,0xD0,0x00,0x09,0x29,0x01,0x00,0x01,0x51,0xD0,0x00,0xD9,0x29,0x01,0x00,0x01,0x3D,0xD1,0x00,0xD9,0x29,0x01,0x00,
  0x04,0x40,0xD1,0x00,0xD9,0x29,0x01,0x00,0x02,0x51,0xD1,0x00,0xAA,0x2A,0x01,0x00,0x01,0x3D,0xD0,0x00,0xAA,0x2A,0x01,0x00,
  0x04,0x40,0xD0,0x00,0xAA,0x2A,0x01,0x00,0x02,0x51,0xD0,0x00,0x7A,0x2B,0x01,0x00,0x02,0x3E,0xD0,0x00,0x7A,0x2B,0x01,0x00,
  0x01,0x42,0xA1,0x01,0x7A,0x2B,0x01,0x00,0x03,0x53,0x45,0x00,0xBF,0x2B,0x01,0x00,0x00,0x55,0x46,0x00,0x05,0x2C,0x01,0x00,
  0x03,0x53,0x45,0x00,0x4A,0x2C,0x01,0x00,0x00,0x32,0xD1,0x00,0x4A,0x2C,0x01,0x00,0x02,0x3E,0xD1,0x00,0x4A,0x2C,0x01,0x00,
  0x03,0x51,0xD1,0x00,0x1B,0x2D,0x01,0x00,0x04,0x36,0xD0,0x00,0x1B,0x2D,0x01,0x00,0x01,0x42,0xD0,0x00,0xEB,0x2D,0x01,0x00,
  0x02,0x34,0xD0,0x00,0xEB,0x2D,0x01,0x00,0x04,0x40,0xD0,0x00,0xBB,0x2E,0x01,0x00,0x01,0x33,0xD1,0x00,0xBB,0x2E,0x01,0x00,
  0x03,0x3F,0xD1,0x00,0xBB,0x2E,0x01,0x00,0x02,0x47,0x71,0x02,0xBB,0x2E,0x01,0x00,0x04,0x47,0x42,0x03,0xBB,0x2E,0x01,0x00,
  0x00,0x4E,0x42,0x03,0xBB,0x2E,0x01,0x00,0x01,0x53,0x71,0x02,0x8C,0x2F,0x01,0x00,0x03,0x2F,0xD0,0x00,0x8C,0x2F,0x01,0x00,
  0x03,0x3B,0xD0,0x00,0x5C,0x30,0x01,0x00,0x03,0x31,0xD0,0x00,0x5C,0x30,0x01,0x00,0x02,0x3D,0xD0,0x00,0x2C,0x31,0x01,0x00,
  0x01,0x33,0xD1,0x00,0x2C,0x31,0x01,0x00,0x03,0x3F,0xD1,0x00,0x2C,0x31,0x01,0x00,0x02,0x51,0x46,0x00,0x72,0x31,0x01,0x00,
  0x02,0x4F,0x45,0x00,0xB7,0x31,0x01,0x00,0x02,0x4E,0x46,0x00,0xFD,0x31,0x01,0x00,0x02,0x34,0xD0,0x00,0xFD,0x31,0x01,0x00,
  0x04,0x40,0xD0,0x00,0xFD,0x31,0x01,0x00,0x01,0x4C,0xA0,0x01,0xFD,0x31,0x01,0x00,0x00,0x4F,0xA0,0x01,0xCD,0x32,0x01,0x00,
  0x02,0x37,0xD0,0x00,0xCD,0x32,0x01,0x00,0x03,0x43,0xD0,0x00,0x9D,0x33,0x01,0x00,0x02,0x34,0xD1,0x00,0x9D,0x33,0x01,0x00,
  0x04,0x40,0xD1,0x00,0x6E,0x34,0x01,0x00,0x00,0x32,0xD0,0x00,0x6E,0x34,0x01,0x00,0x02,0x3E,0xD0,0x00,0x3E,0x35,0x01,0x00,
  0x04,0x31,0xD0,0x00,0x3E,0x35,0x01,0x00,0x01,0x3D,0xD0,0x00,0x3E,0x35,0x01,0x00,0x00,0x45,0x71,0x02,0x3E,0x35,0x01,0x00,
  0x02,0x45,0x41,0x03,0x3E,0x35,0x01,0x00,0x03,0x4C,0x41,0x03,0x3E,0x35,0x01,0x00,0x04,0x51,0x71,0x02,0x0E,0x36,0x01,0x00,
  0x01,0x2D,0xD1,0x00,0x0E,0x36,0x01,0x00,0x01,0x39,0xD1,0x00,0xDF,0x36,0x01,0x00,0x01,0x2F,0xD0,0x00,0xDF,0x36,0x01,0x00,
  0x00,0x3B,0xD0,0x00,0xAF,0x37,0x01,0x00,0x04,0x31,0xD0,0x00,0xAF,0x37,0x01,0x00,0x01,0x3D,0xD0,0x00,0xAF,0x37,0x01,0x00,
  0x00,0x4F,0x45,0x00,0xF4,0x37,0x01,0x00,0x00,0x4E,0x46,0x00,0x3A,0x38,0x01,0x00,0x00,0x4C,0x45,0x00,0x7F,0x38,0x01,0x00,
  0x00,0x32,0xD1,0x00,0x7F,0x38,0x01,0x00,0x02,0x3E,0xD1,0x00,0x7F,0x38,0x01,0x00,0x04,0x4A,0xD1,0x00,0x7F,0x38,0x01,0x00,
  0x03,0x4E,0xA1,0x01,0x50,0x39,0x01,0x00,0x00,0x32,0xD0,0x00,0x50,0x39,0x01,0x00,0x04,0x4A,0xD0,0x00,0x50,0x39,0x01,0x00,
  0x01,0x4E,0xD0,0x00,0x20,0x3A,0x01,0x00,0x02,0x34,0xD0,0x00,0x20,0x3A,0x01,0x00,0x04,0x4A,0xD0,0x00,0x20,0x3A,0x01,0x00,
  0x00,0x4F,0xD0,0x00,0xF0,0x3A,0x01,0x00,0x04,0x36,0xD1,0x00,0xF0,0x3A,0x01,0x00,0x00,0x4A,0xD1,0x00,0xF0,0x3A,0x01,0x00,
  0x01,0x51,0xD1,0x00,0xC1,0x3B,0x01,0x00,0x00,0x37,0xD0,0x00,0xC1,0x3B,0x01,0x00,0x04,0x4A,0xD0,0x00,0xC1,0x3B,0x01,0x00,
  0x01,0x4F,0xD0,0x00,0xC1,0x3B,0x01,0x00,0x03,0x53,0xD0,0x00,0x91,0x3C,0x01,0x00,0x00,0x37,0xD0,0x00,0x91,0x3C,0x01,0x00,
  0x04,0x4A,0xD0,0x00,0x91,0x3C,0x01,0x00,0x01,0x51,0x68,0x00,0x91,0x3C,0x01,0x00,0x02,0x55,0x68,0x00,0xF9,0x3C,0x01,0x00,
  0x03,0x53,0x68,0x00,0xF9,0x3C,0x01,0x00,0x01,0x56,0x68,0x00,0x61,0x3D,0x01,0x00,0x00,0x37,0xD1,0x00,0x61,0x3D,0x01,0x00,
  0x04,0x4A,0xD1,0x00,0x61,0x3D,0x01,0x00,0x01,0x51,0xD1,0x00,0x61,0x3D,0x01,0x00,0x02,0x55,0xD1,0x00,0x32,0x3E,0x01,0x00,
  0x00,0x37,0xD0,0x00,0x32,0x3E,0x01,0x00,0x04,0x4A,0xD0,0x00,0x32,0x3E,0x01,0x00,0x01,0x4F,0xD0,0x00,0x32,0x3E,0x01,0x00,
  0x03,0x53,0xD0,0x00,0x02,0x3F,0x01,0x00,0x02,0x39,0xD0,0x00,0x02,0x3F,0x01,0x00,0x04,0x4A,0xD0,0x00,0x02,0x3F,0x01,0x00,
  0x00,0x4F,0xD0,0x00,0x02,0x3F,0x01,0x00,0x03,0x53,0xD0,0x00,0xD2,0x3F,0x01,0x00,0x02,0x39,0xD1,0x00,0xD2,0x3F,0x01,0x00,
  0x04,0x45,0xD1,0x00,0xD2,0x3F,0x01,0x00,0x03,0x4E,0xD1,0x00,0xD2,0x3F,0x01,0x00,0x01,0x51,0xD1,0x00,0xA3,0x40,0x01,0x00,
  0x02,0x39,0xD0,0x00,0xA3,0x40,0x01,0x00,0x04,0x45,0xD0,0x00,0xA3,0x40,0x01,0x00,0x00,0x4A,0xD0,0x00,0xA3,0x40,0x01,0x00,
  0x03,0x4E,0xD0,0x00,0x73,0x41,0x01,0x00,0x02,0x39,0xD0,0x00,0x73,0x41,0x01,0x00,0x04,0x45,0xD0,0x00,0x73,0x41,0x01,0x00,
  0x03,0x4E,0xD0,0x00,0x73,0x41,0x01,0x00,0x01,0x51,0xD0,0x00,0x43,0x42,0x01,0x00,0x00,0x2D,0xD1,0x00,0x43,0x42,0x01,0x00,
  0x04,0x45,0xD1,0x00,0x43,0x42,0x01,0x00,0x03,0x4E,0xD1,0x00,0x43,0x42,0x01,0x00,0x01,0x51,0xD1,0x00,0x14,0x43,0x01,0x00,
  0x00,0x2D,0xD0,0x00,0x14,0x43,0x01,0x00,0x04,0x45,0xD0,0x00,0x14,0x43,0x01,0x00,0x01,0x4C,0xD0,0x00,0x14,0x43,0x01,0x00,
  0x02,0x4F,0xD0,0x00,0xE4,0x43,0x01,0x00,0x00,0x2D,0xD0,0x00,0xE4,0x43,0x01,0x00,0x04,0x45,0xD0,0x00,0xE4,0x43,0x01,0x00,
  0x01,0x4A,0xD0,0x00,0xE4,0x43,0x01,0x00,0x03,0x4E,0xD0,0x00,0xB4,0x44,0x01,0x00,0x00,0x2D,0xD1,0x00,0xB4,0x44,0x01,0x00,
  0x02,0x43,0xD1,0x00,0xB4,0x44,0x01,0x00,0x03,0x49,0xD1,0x00,0xB4,0x44,0x01,0x00,0x01,0x4C,0xD1,0x00,0x85,0x45,0x01,0x00,
  0x00,0x32,0xD0,0x00,0x85,0x45,0x01,0x00,0x01,0x42,0xD0,0x00,0x85,0x45,0x01,0x00,0x04,0x4A,0xD0,0x00,0x85,0x45,0x01,0x00,
  0x02,0x4A,0xD0,0x00,0x55,0x46,0x01,0x00,0x00,0x2D,0xD0,0x00,0x55,0x46,0x01,0x00,0x02,0x39,0xD0,0x00,0x55,0x46,0x01,0x00,
  0x04,0x45,0xD0,0x00,0x55,0x46,0x01,0x00,0x01,0x45,0xD0,0x00,0x25,0x47,0x01,0x00,0x02,0x2F,0xD1,0x00,0x25,0x47,0x01,0x00,
  0x04,0x3B,0xD1,0x00,0x25,0x47,0x01,0x00,0x01,0x47,0xD1,0x00,0x25,0x47,0x01,0x00,0x03,0x47,0xD1,0x00,0xF6,0x47,0x01,0x00,
  0x04,0x31,0xD0,0x00,0xF6,0x47,0x01,0x00,0x01,0x3D,0xD0,0x00,0xF6,0x47,0x01,0x00,0x03,0x49,0xD0,0x00,0xF6,0x47,0x01,0x00,
  0x00,0x49,0xD0,0x00,0xC6,0x48,0x01,0x00,0x00,0x32,0xD0,0x00,0xC6,0x48,0x01,0x00,0x02,0x3E,0xD0,0x00,0xC6,0x48,0x01,0x00,
  0x04,0x4A,0xD0,0x00,0xC6,0x48,0x01,0x00,0x01,0x4A,0xD0,0x00,0x96,0x49,0x01,0x00,0x00,0x32,0xD1,0x00,0x96,0x49,0x01,0x00,
  0x02,0x3E,0xD1,0x00,0x96,0x49,0x01,0x00,0x04,0x4A,0xD1,0x00,0x96,0x49,0x01,0x00,0x01,0x4A,0xD1,0x00,0x67,0x4A,0x01,0x00,
  0x02,0x34,0xD0,0x00,0x67,0x4A,0x01,0x00,0x04,0x40,0xD0,0x00,0x67,0x4A,0x01,0x00,0x01,0x4C,0x45,0x00,0x67,0x4A,0x01,0x00,
  0x03,0x4C,0x45,0x00,0xAC,0x4A,0x01,0x00,0x03,0x4E,0x46,0x00,0xAC,0x4A,0x01,0x00,0x00,0x4E,0x46,0x00,0xF2,0x4A,0x01,0x00,
  0x01,0x4C,0x45,0x00,0xF2,0x4A,0x01,0x00,0x03,0x4C,0x45,0x00,0x37,0x4B,0x01,0x00,0x02,0x34,0xD0,0x00,0x37,0x4B,0x01,0x00,
  0x04,0x40,0xD0,0x00,0x37,0x4B,0x01,0x00,0x00,0x4A,0x68,0x00,0x37,0x4B,0x01,0x00,0x01,0x4A,0x68,0x00,0x9F,0x4B,0x01,0x00,
  0x01,0x4C,0x68,0x00,0x9F,0x4B,0x01,0x00,0x03,0x4C,0x68,0x00,0x07,0x4C,0x01,0x00,0x04,0x36,0xD1,0x00,0x07,0x4C,0x01,0x00,
  0x01,0x42,0xD1,0x00,0x07,0x4C,0x01,0x00,0x03,0x4E,0xD1,0x00,0x07,0x4C,0x01,0x00,0x00,0x4E,0xD1,0x00,0xD8,0x4C,0x01,0x00,
  0x04,0x31,0xD0,0x00,0xD8,0x4C,0x01,0x00,0x01,0x3D,0xD0,0x00,0xD8,0x4C,0x01,0x00,0x03,0x49,0xD0,0x00,0xD8,0x4C,0x01,0x00,
  0x00,0x49,0xD0,0x00,0xA8,0x4D,0x01,0x00,0x00,0x32,0xD0,0x00,0xA8,0x4D,0x01,0x00,0x02,0x3E,0xD0,0x00,0xA8,0x4D,0x01,0x00,
  0x04,0x4A,0xD0,0x00,0xA8,0x4D,0x01,0x00,0x01,0x4A,0xD0,0x00,0x78,0x4E,0x01,0x00,0x02,0x34,0xD1,0x00,0x78,0x4E,0x01,0x00,
  0x04,0x40,0xD1,0x00,0x78,0x4E,0x01,0x00,0x01,0x4C,0xD1,0x00,0x78,0x4E,0x01,0x00,0x03,0x4C,0xD1,0x00,0x49,0x4F,0x01,0x00,
  0x04,0x36,0xD0,0x00,0x49,0x4F,0x01,0x00,0x01,0x42,0xD0,0x00,0x49,0x4F,0x01,0x00,0x03,0x4E,0xD0,0x00,0x49,0x4F,0x01,0x00,
  0x00,0x4E,0xD0,0x00,0x19,0x50,0x01,0x00,0x04,0x36,0xD0,0x00,0x19,0x50,0x01,0x00,0x01,0x42,0xD0,0x00,0x19,0x50,0x01,0x00,
  0x03,0x4E,0xD0,0x00,0x19,0x50,0x01,0x00,0x00,0x4E,0xD0,0x00,0xE9,0x50,0x01,0x00,0x00,0x37,0xD1,0x00,0xE9,0x50,0x01,0x00,
  0x02,0x43,0xD1,0x00,0xE9,0x50,0x01,0x00,0x04,0x4F,0x46,0x00,0xE9,0x50,0x01,0x00,0x01,0x4F,0x46,0x00,0x2F,0x51,0x01,0x00,
  0x01,0x51,0x45,0x00,0x2F,0x51,0x01,0x00,0x03,0x51,0x45,0x00,0x74,0x51,0x01,0x00,0x04,0x4F,0x46,0x00,0x74,0x51,0x01,0x00,
  0x01,0x4F,0x46,0x00,0xBA,0x51,0x01,0x00,0x00,0x37,0xD0,0x00,0xBA,0x51,0x01,0x00,0x02,0x43,0xD0,0x00,0xBA,0x51,0x01,0x00,
  0x03,0x4E,0x68,0x00,0xBA,0x51,0x01,0x00,0x04,0x4E,0x68,0x00,0x22,0x52,0x01,0x00,0x04,0x4F,0x68,0x00,0x22,0x52,0x01,0x00,
  0x01,0x4F,0x68,0x00,0x8A,0x52,0x01,0x00,0x02,0x39,0xD0,0x00,0x8A,0x52,0x01,0x00,0x04,0x45,0xD0,0x00,0x8A,0x52,0x01,0x00,
  0x01,0x51,0xD0,0x00,0x8A,0x52,0x01,0x00,0x03,0x51,0xD0,0x00,0x5A,0x53,0x01,0x00,0x02,0x39,0xD1,0x00,0x5A,0x53,0x01,0x00,
  0x04,0x45,0xD1,0x00,0x5A,0x53,0x01,0x00,0x01,0x51,0xD1,0x00,0x5A,0x53,0x01,0x00,0x03,0x51,0xD1,0x00,0x2B,0x54,0x01,0x00,
  0x03,0x3A,0xD0,0x00,0x2B,0x54,0x01,0x00,0x00,0x46,0xD0,0x00,0x2B,0x54,0x01,0x00,0x02,0x52,0x45,0x00,0x2B,0x54,0x01,0x00,
  0x04,0x52,0x45,0x00,0x70,0x54,0x01,0x00,0x04,0x53,0x46,0x00,0x70,0x54,0x01,0x00,0x01,0x53,0x46,0x00,0xB6,0x54,0x01,0x00,
  0x02,0x52,0x45,0x00,0xB6,0x54,0x01,0x00,0x04,0x52,0x45,0x00,0xFB,0x54,0x01,0x00,0x03,0x3A,0xD0,0x00,0xFB,0x54,0x01,0x00,
  0x00,0x46,0xD0,0x00,0xFB,0x54,0x01,0x00,0x01,0x50,0x68,0x00,0xFB,0x54,0x01,0x00,0x02,0x50,0x68,0x00,0x63,0x55,0x01,0x00,
  0x02,0x52,0x68,0x00,0x63,0x55,0x01,0x00,0x04,0x52,0x68,0x00,0xCB,0x55,0x01,0x00,0x04,0x3B,0xA1,0x01,0xCB,0x55,0x01,0x00,
  0x01,0x47,0xA1,0x01,0xCB,0x55,0x01,0x00,0x03,0x53,0xA1,0x01,0xCB,0x55,0x01,0x00,0x00,0x53,0xA1,0x01,0x0D,0x59,0x01,0x00,
  0x00,0x37,0x41,0x03,0x0D,0x59,0x01,0x00,0x04,0x40,0xE2,0x04,0x0D,0x59,0x01,0x00,0x02,0x43,0x82,0x06,0x0D,0x59,0x01,0x00,
  0x01,0x47,0x71,0x02,0x7E,0x5B,0x01,0x00,0x01,0x4C,0xD0,0x00,0x4E,0x5C,0x01,0x00,0x03,0x39,0x41,0x03,0x4E,0x5C,0x01,0x00,
  0x00,0x4A,0xD0,0x00,0x1E,0x5D,0x01,0x00,0x00,0x49,0xD1,0x00,0xEF,0x5D,0x01,0x00,0x04,0x3E,0xD0,0x00,0xEF,0x5D,0x01,0x00,
  0x01,0x47,0xD0,0x00,0xBF,0x5E,0x01,0x00,0x01,0x3D,0xD0,0x00,0xBF,0x5E,0x01,0x00,0x04,0x45,0xD0,0x00,0x8F,0x5F,0x01,0x00,
  0x00,0x32,0xD1,0x00,0x8F,0x5F,0x01,0x00,0x02,0x3E,0xD1,0x00,0x8F,0x5F,0x01,0x00,0x01,0x42,0xD1,0x00,0x8F,0x5F,0x01,0x00,
  0x04,0x4A,0xD1,0x00,0x30,0x61,0x01,0x00,0x00,0x32,0xD0,0x00,0x30,0x61,0x01,0x00,0x02,0x3E,0xD0,0x00,0x30,0x61,0x01,0x00,
  0x04,0x45,0xD0,0x00,0x30,0x61,0x01,0x00,0x03,0x4E,0xD0,0x00,0xD1,0x62,0x01,0x00,0x00,0x32,0xD0,0x00,0xD1,0x62,0x01,0x00,
  0x02,0x3E,0xD0,0x00,0xD1,0x62,0x01,0x00,0x01,0x42,0xD0,0x00,0xD1,0x62,0x01,0x00,0x04,0x4A,0xD0,0x00,0x12,0x66,0x01,0x00,
  0x00,0x37,0xA1,0x01,0x12,0x66,0x01,0x00,0x02,0x3E,0xA1,0x01,0x12,0x66,0x01,0x00,0x03,0x3E,0xA1,0x01,0x12,0x66,0x01,0x00,
  0x04,0x43,0xA1,0x01,0x12,0x66,0x01,0x00,0x01,0x47,0xA1,0x01,0x12,0x66,0x01,0x00,0x00,0x47,0xA1,0x01,0x12,0x66,0x01,0x00,
  0x00,0x4F,0xA1,0x01,0x12,0x66,0x01,0x00,0x00,0x4F,0xA1,0x01,0x83,0x68,0x01,0x00,0x00,0x32,0xD0,0x00,0x83,0x68,0x01,0x00,
  0x02,0x3E,0xD0,0x00,0x83,0x68,0x01,0x00,0x04,0x4A,0xD0,0x00,0x83,0x68,0x01,0x00,0x01,0x4A,0xD0,0x00,0x53,0x69,0x01,0x00,
  0x00,0x37,0xA1,0x01,0x53,0x69,0x01,0x00,0x02,0x43,0xA1,0x01,0x53,0x69,0x01,0x00,0x04,0x4F,0xA1,0x01,0x53,0x69,0x01,0x00,
  0x01,0x4F,0xA1,0x01,0xC4,0x6B,0x01,0x00,0x00,0x32,0xD1,0x00,0xC4,0x6B,0x01,0x00,0x02,0x3E,0xD1,0x00,0xC4,0x6B,0x01,0x00,
  0x04,0x4A,0xD1,0x00,0xC4,0x6B,0x01,0x00,0x01,0x4A,0xD1,0x00,0x95,0x6C,0x01,0x00,0x00,0x37,0xD0,0x00,0x95,0x6C,0x01,0x00,
  0x02,0x43,0xD0,0x00,0x95,0x6C,0x01,0x00,0x04,0x4F,0xD0,0x00,0x95,0x6C,0x01,0x00,0x01,0x4F,0xD0,0x00,0x65,0x6D,0x01,0x00,
  0x00,0x32,0xD0,0x00,0x65,0x6D,0x01,0x00,0x02,0x3E,0xD0,0x00,0x65,0x6D,0x01,0x00,0x04,0x4A,0xD0,0x00,0x65,0x6D,0x01,0x00,
  0x01,0x4A,0xD0,0x00,0x35,0x6E,0x01,0x00,0x00,0x37,0xD1,0x00,0x35,0x6E,0x01,0x00,0x02,0x43,0xD1,0x00,0x35,0x6E,0x01,0x00,
  0x04,0x4F,0xD1,0x00,0x35,0x6E,0x01,0x00,0x01,0x4F,0xD1,0x00,0x06,0x6F,0x01,0x00,0x04,0x3B,0xD0,0x00,0x06,0x6F,0x01,0x00,
  0x01,0x47,0xD0,0x00,0x06,0x6F,0x01,0x00,0x03,0x53,0xD0,0x00,0x06,0x6F,0x01,0x00,0x00,0x53,0xD0,0x00,0xD6,0x6F,0x01,0x00,
  0x02,0x3E,0xA1,0x01,0xD6,0x6F,0x01,0x00,0x04,0x4A,0xA1,0x01,0xD6,0x6F,0x01,0x00,0x01,0x56,0xA1,0x01,0xD6,0x6F,0x01,0x00,
  0x03,0x56,0xA1,0x01,0x17,0x73,0x01,0x00,0x00,0x3C,0xA1,0x01,0x17,0x73,0x01,0x00,0x02,0x48,0xA1,0x01,0x17,0x73,0x01,0x00,
  0x04,0x54,0xA1,0x01,0x17,0x73,0x01,0x00,0x01,0x54,0xA1,0x01,0x88,0x75,0x01,0x00,0x02,0x39,0xD1,0x00,0x88,0x75,0x01,0x00,
  0x04,0x45,0xD1,0x00,0x88,0x75,0x01,0x00,0x01,0x51,0xD1,0x00,0x88,0x75,0x01,0x00,0x03,0x51,0xD1,0x00,0x59,0x76,0x01,0x00,
  0x00,0x3C,0xA0,0x01,0x59,0x76,0x01,0x00,0x02,0x48,0xA0,0x01,0x59,0x76,0x01,0x00,0x04,0x54,0xA0,0x01,0x59,0x76,0x01,0x00,
  0x01,0x54,0xA0,0x01,0xCA,0x78,0x01,0x00,0x02,0x39,0xD0,0x00,0xCA,0x78,0x01,0x00,0x04,0x45,0xD0,0x00,0xCA,0x78,0x01,0x00,
  0x01,0x51,0xD0,0x00,0xCA,0x78,0x01,0x00,0x03,0x51,0xD0,0x00,0x9A,0x79,0x01,0x00,0x00,0x3C,0xD0,0x00,0x9A,0x79,0x01,0x00,
  0x02,0x48,0xD0,0x00,0x9A,0x79,0x01,0x00,0x04,0x54,0xD0,0x00,0x9A,0x79,0x01,0x00,0x01,0x54,0xD0,0x00,0x6A,0x7A,0x01,0x00,
  0x02,0x39,0xD1,0x00,0x6A,0x7A,0x01,0x00,0x04,0x45,0xD1,0x00,0x6A,0x7A,0x01,0x00,0x01,0x51,0xD1,0x00,0x6A,0x7A,0x01,0x00,
  0x03,0x51,0xD1,0x00,0x3B,0x7B,0x01,0x00,0x04,0x36,0xD0,0x00,0x3B,0x7B,0x01,0x00,0x01,0x42,0xD0,0x00,0x3B,0x7B,0x01,0x00,
  0x03,0x4E,0xD0,0x00,0x3B,0x7B,0x01,0x00,0x00,0x4E,0xD0,0x00,0x0B,0x7C,0x01,0x00,0x02,0x39,0xD0,0x00,0x0B,0x7C,0x01,0x00,
  0x04,0x45,0xD0,0x00,0x0B,0x7C,0x01,0x00,0x01,0x51,0xD0,0x00,0x0B,0x7C,0x01,0x00,0x03,0x51,0xD0,0x00,0xDB,0x7C,0x01,0x00,
  0x00,0x32,0xA1,0x01,0xDB,0x7C,0x01,0x00,0x02,0x3E,0xA1,0x01,0xDB,0x7C,0x01,0x00,0x04,0x4A,0xA1,0x01,0xDB,0x7C,0x01,0x00,
  0x01,0x4A,0xA1,0x01,0x1D,0x80,0x01,0x00,0x00,0x37,0xD0,0x00,0x1D,0x80,0x01,0x00,0x04,0x3B,0x68,0x00,0x1D,0x80,0x01,0x00,
  0x02,0x3E,0x68,0x00,0x1D,0x80,0x01,0x00,0x03,0x3E,0xD0,0x00,0x1D,0x80,0x01,0x00,0x01,0x43,0xD0,0x00,0x1D,0x80,0x01,0x00,
  0x04,0x47,0xD0,0x00,0x1D,0x80,0x01,0x00,0x02,0x4F,0xD0,0x00,0x85,0x80,0x01,0x00,0x00,0x3B,0x68,0x00,0x85,0x80,0x01,0x00,
  0x00,0x3E,0x68,0x00,0xED,0x80,0x01,0x00,0x00,0x37,0xD0,0x00,0xED,0x80,0x01,0x00,0x04,0x3B,0x68,0x00,0xED,0x80,0x01,0x00,
  0x02,0x3E,0x68,0x00,0xED,0x80,0x01,0x00,0x03,0x43,0xD0,0x00,0x55,0x81,0x01,0x00,0x04,0x3B,0x68,0x00,0x55,0x81,0x01,0x00,
  0x02,0x3E,0x68,0x00,0xBD,0x81,0x01,0x00,0x00,0x37,0xD1,0x00,0xBD,0x81,0x01,0x00,0x04,0x3B,0x69,0x00,0xBD,0x81,0x01,0x00,
  0x02,0x3E,0x69,0x00,0xBD,0x81,0x01,0x00,0x03,0x43,0xD1,0x00,0xBD,0x81,0x01,0x00,0x01,0x4F,0x71,0x02,0x26,0x82,0x01,0x00,
  0x04,0x3B,0x68,0x00,0x26,0x82,0x01,0x00,0x02,0x3E,0x68,0x00,0x8E,0x82,0x01,0x00,0x00,0x37,0xD0,0x00,0x8E,0x82,0x01,0x00,
  0x04,0x3B,0x68,0x00,0x8E,0x82,0x01,0x00,0x02,0x3E,0x68,0x00,0x8E,0x82,0x01,0x00,0x03,0x43,0xD0,0x00,0xF6,0x82,0x01,0x00,
  0x04,0x3B,0x68,0x00,0xF6,0x82,0x01,0x00,0x02,0x3E,0x68,0x00,0x5E,0x83,0x01,0x00,0x00,0x37,0xD0,0x00,0x5E,0x83,0x01,0x00,
  0x04,0x3B,0x68,0x00,0x5E,0x83,0x01,0x00,0x02,0x3E,0x68,0x00,0x5E,0x83,0x01,0x00,0x03,0x43,0xD0,0x00,0xC6,0x83,0x01,0x00,
  0x04,0x3B,0x68,0x00,0xC6,0x83,0x01,0x00,0x02,0x3E,0x68,0x00,0x2E,0x84,0x01,0x00,0x00,0x37,0xD1,0x00,0x2E,0x84,0x01,0x00,
  0x04,0x3B,0x69,0x00,0x2E,0x84,0x01,0x00,0x02,0x3E,0x69,0x00,0x2E,0x84,0x01,0x00,0x03,0x43,0xD1,0x00,0x2E,0x84,0x01,0x00,
  0x01,0x53,0xD1,0x00,0x97,0x84,0x01,0x00,0x04,0x3B,0x68,0x00,0x97,0x84,0x01,0x00,0x02,0x3E,0x68,0x00,0xFF,0x84,0x01,0x00,
  0x00,0x37,0xD0,0x00,0xFF,0x84,0x01,0x00,0x04,0x3B,0x68,0x00,0xFF,0x84,0x01,0x00,0x02,0x3E,0x68,0x00,0xFF,0x84,0x01,0x00,
  0x03,0x43,0xD0,0x00,0xFF,0x84,0x01,0x00,0x01,0x51,0xD0,0x00,0x67,0x85,0x01,0x00,0x04,0x3B,0x68,0x00,0x67,0x85,0x01,0x00,
  0x02,0x3E,0x68,0x00,0xCF,0x85,0x01,0x00,0x00,0x37,0xD0,0x00,0xCF,0x85,0x01,0x00,0x04,0x3B,0x68,0x00,0xCF,0x85,0x01,0x00,
  0x02,0x3E,0x68,0x00,0xCF,0x85,0x01,0x00,0x03,0x43,0xD0,0x00,0xCF,0x85,0x01,0x00,0x01,0x4F,0xD0,0x00,0x37,0x86,0x01,0x00,
  0x04,0x3B,0x68,0x00,0x37,0x86,0x01,0x00,0x02,0x3E,0x68,0x00,0x9F,0x86,0x01,0x00,0x00,0x37,0xD1,0x00,0x9F,0x86,0x01,0x00,
  0x01,0x3C,0x69,0x00,0x9F,0x86,0x01,0x00,0x02,0x3E,0x69,0x00,0x9F,0x86,0x01,0x00,0x04,0x45,0xD1,0x00,0x9F,0x86,0x01,0x00,
  0x03,0x51,0x34,0x00,0xD3,0x86,0x01,0x00,0x03,0x4F,0x35,0x00,0x08,0x87,0x01,0x00,0x01,0x3C,0x68,0x00,0x08,0x87,0x01,0x00,
  0x02,0x3E,0x68,0x00,0x08,0x87,0x01,0x00,0x03,0x51,0x34,0x00,0x3C,0x87,0x01,0x00,0x03,0x4F,0x34,0x00,0x70,0x87,0x01,0x00,
  0x00,0x37,0xD0,0x00,0x70,0x87,0x01,0x00,0x01,0x3C,0x68,0x00,0x70,0x87,0x01,0x00,0x02,0x3E,0x68,0x00,0x70,0x87,0x01,0x00,
  0x04,0x45,0xD0,0x00,0x70,0x87,0x01,0x00,0x03,0x4E,0xD0,0x00,0xD8,0x87,0x01,0x00,0x01,0x3C,0x68,0x00,0xD8,0x87,0x01,0x00,
  0x02,0x3E,0x68,0x00,0x40,0x88,0x01,0x00,0x00,0x37,0xD0,0x00,0x40,0x88,0x01,0x00,0x01,0x3C,0x68,0x00,0x40,0x88,0x01,0x00,
  0x02,0x3E,0x68,0x00,0x40,0x88,0x01,0x00,0x04,0x45,0xD0,0x00,0x40,0x88,0x01,0x00,0x03,0x4E,0x71,0x02,0xA8,0x88,0x01,0x00,
  0x01,0x3C,0x68,0x00,0xA8,0x88,0x01,0x00,0x02,0x3E,0x68,0x00,0x10,0x89,0x01,0x00,0x00,0x37,0xD1,0x00,0x10,0x89,0x01,0x00,
  0x01,0x3C,0x69,0x00,0x10,0x89,0x01,0x00,0x02,0x3E,0x69,0x00,0x10,0x89,0x01,0x00,0x04,0x45,0xD1,0x00,0x79,0x89,0x01,0x00,
  0x01,0x3C,0x68,0x00,0x79,0x89,0x01,0x00,0x02,0x3E,0x68,0x00,0xE1,0x89,0x01,0x00,0x00,0x37,0xD0,0x00,0xE1,0x89,0x01,0x00,
  0x01,0x3C,0x68,0x00,0xE1,0x89,0x01,0x00,0x02,0x3E,0x68,0x00,0xE1,0x89,0x01,0x00,0x04,0x45,0xD0,0x00,0x49,0x8A,0x01,0x00,
  0x01,0x3C,0x68,0x00,0x49,0x8A,0x01,0x00,0x02,0x3E,0x68,0x00,0xB1,0x8A,0x01,0x00,0x00,0x37,0xD0,0x00,0xB1,0x8A,0x01,0x00,
  0x01,0x3C,0x68,0x00,0xB1,0x8A,0x01,0x00,0x02,0x3E,0x68,0x00,0xB1,0x8A,0x01,0x00,0x03,0x48,0xD0,0x00,0xB1,0x8A,0x01,0x00,
  0x04,0x51,0xD0,0x00,0x19,0x8B,0x01,0x00,0x01,0x3C,0x68,0x00,0x19,0x8B,0x01,0x00,0x02,0x3E,0x68,0x00,0x81,0x8B,0x01,0x00,
  0x00,0x37,0xD1,0x00,0x81,0x8B,0x01,0x00,0x01,0x3C,0x69,0x00,0x81,0x8B,0x01,0x00,0x02,0x3E,0x69,0x00,0x81,0x8B,0x01,0x00,
  0x03,0x42,0xD1,0x00,0x81,0x8B,0x01,0x00,0x04,0x54,0xD1,0x00,0xEA,0x8B,0x01,0x00,0x01,0x3C,0x68,0x00,0xEA,0x8B,0x01,0x00,
  0x02,0x3E,0x68,0x00,0x52,0x8C,0x01,0x00,0x00,0x37,0xD0,0x00,0x52,0x8C,0x01,0x00,0x01,0x3C,0x68,0x00,0x52,0x8C,0x01,0x00,
  0x02,0x3E,0x68,0x00,0x52,0x8C,0x01,0x00,0x04,0x45,0xD0,0x00,0x52,0x8C,0x01,0x00,0x03,0x4E,0xD0,0x00,0xBA,0x8C,0x01,0x00,
  0x01,0x3C,0x68,0x00,0xBA,0x8C,0x01,0x00,0x02,0x3E,0x68,0x00,0x22,0x8D,0x01,0x00,0x00,0x37,0xD0,0x00,0x22,0x8D,0x01,0x00,
  0x04,0x3B,0x68,0x00,0x22,0x8D,0x01,0x00,0x02,0x3E,0x68,0x00,0x22,0x8D,0x01,0x00,0x03,0x43,0xD0,0x00,0x22,0x8D,0x01,0x00,
  0x01,0x51,0xD0,0x00,0x8A,0x8D,0x01,0x00,0x04,0x3B,0x68,0x00,0x8A,0x8D,0x01,0x00,0x02,0x3E,0x68,0x00,0xF2,0x8D,0x01,0x00,
  0x00,0x37,0xD1,0x00,0xF2,0x8D,0x01,0x00,0x04,0x3B,0x69,0x00,0xF2,0x8D,0x01,0x00,0x02,0x3E,0x69,0x00,0xF2,0x8D,0x01,0x00,
  0x03,0x43,0xD1,0x00,0xF2,0x8D,0x01,0x00,0x01,0x4F,0xD1,0x00,0x5B,0x8E,0x01,0x00,0x04,0x3B,0x68,0x00,0x5B,0x8E,0x01,0x00,
  0x02,0x3E,0x68,0x00,0xC3,0x8E,0x01,0x00,0x00,0x37,0xD0,0x00,0xC3,0x8E,0x01,0x00,0x04,0x3B,0x68,0x00,0xC3,0x8E,0x01,0x00,
  0x02,0x3E,0x68,0x00,0xC3,0x8E,0x01,0x00,0x03,0x43,0xD0,0x00,0xC3,0x8E,0x01,0x00,0x01,0x4F,0x71,0x02,0x2B,0x8F,0x01,0x00,
  0x04,0x3B,0x68,0x00,0x2B,0x8F,0x01,0x00,0x02,0x3E,0x68,0x00,0x93,0x8F,0x01,0x00,0x00,0x37,0xD0,0x00,0x93,0x8F,0x01,0x00,
  0x04,0x3B,0x68,0x00,0x93,0x8F,0x01,0x00,0x02,0x3E,0x68,0x00,0x93,0x8F,0x01,0x00,0x03,0x43,0xD0,0x00,0xFB,0x8F,0x01,0x00,
  0x04,0x3B,0x68,0x00,0xFB,0x8F,0x01,0x00,0x02,0x3E,0x68,0x00,0x63,0x90,0x01,0x00,0x00,0x37,0xD1,0x00,0x63,0x90,0x01,0x00,
  0x04,0x3B,0x69,0x00,0x63,0x90,0x01,0x00,0x02,0x3E,0x69,0x00,0x63,0x90,0x01,0x00,0x03,0x43,0xD1,0x00,0xCC,0x90,0x01,0x00,
  0x04,0x3B,0x68,0x00,0xCC,0x90,0x01,0x00,0x02,0x3E,0x68,0x00,0x34,0x91,0x01,0x00,0x00,0x37,0xD0,0x00,0x34,0x91,0x01,0x00,
  0x04,0x3B,0x68,0x00,0x34,0x91,0x01,0x00,0x02,0x3E,0x68,0x00,0x34,0x91,0x01,0x00,0x03,0x43,0xD0,0x00,0x34,0x91,0x01,0x00,
  0x01,0x53,0xD0,0x00,0x9C,0x91,0x01,0x00,0x04,0x3B,0x68,0x00,0x9C,0x91,0x01,0x00,0x02,0x3E,0x68,0x00,0x04,0x92,0x01,0x00,
  0x00,0x37,0xD0,0x00,0x04,0x92,0x01,0x00,0x04,0x3B,0x68,0x00,0x04,0x92,0x01,0x00,0x02,0x3E,0x68,0x00,0x04,0x92,0x01,0x00,
  0x03,0x43,0xD0,0x00,0x04,0x92,0x01,0x00,0x01,0x51,0xD0,0x00,0x6C,0x92,0x01,0x00,0x04,0x3B,0x68,0x00,0x6C,0x92,0x01,0x00,
  0x02,0x3E,0x68,0x00,0xD4,0x92,0x01,0x00,0x00,0x37,0xD1,0x00,0xD4,0x92,0x01,0x00,0x04,0x3B,0x69,0x00,0xD4,0x92,0x01,0x00,
  0x02,0x3E,0x69,0x00,0xD4,0x92,0x01,0x00,0x03,0x43,0xD1,0x00,0xD4,0x92,0x01,0x00,0x01,0x4F,0xD1,0x00,0x3D,0x93,0x01,0x00,
  0x04,0x3B,0x68,0x00,0x3D,0x93,0x01,0x00,0x02,0x3E,0x68,0x00,0xA5,0x93,0x01,0x00,0x00,0x37,0xD0,0x00,0xA5,0x93,0x01,0x00,
  0x01,0x3C,0x68,0x00,0xA5,0x93,0x01,0x00,0x02,0x3E,0x68,0x00,0xA5,0x93,0x01,0x00,0x04,0x45,0xD0,0x00,0xA5,0x93,0x01,0x00,
  0x03,0x51,0x34,0x00,0xD9,0x93,0x01,0x00,0x03,0x4F,0x34,0x00,0x0D,0x94,0x01,0x00,0x01,0x3C,0x68,0x00,0x0D,0x94,0x01,0x00,
  0x02,0x3E,0x68,0x00,0x0D,0x94,0x01,0x00,0x03,0x51,0x34,0x00,0x41,0x94,0x01,0x00,0x03,0x4F,0x34,0x00,0x75,0x94,0x01,0x00,
  0x00,0x37,0xD0,0x00,0x75,0x94,0x01,0x00,0x01,0x3C,0x68,0x00,0x75,0x94,0x01,0x00,0x02,0x3E,0x68,0x00,0x75,0x94,0x01,0x00,
  0x04,0x45,0xD0,0x00,0x75,0x94,0x01,0x00,0x03,0x4E,0xD0,0x00,0xDD,0x94,0x01,0x00,0x01,0x3C,0x68,0x00,0xDD,0x94,0x01,0x00,
  0x02,0x3E,0x68,0x00,0x45,0x95,0x01,0x00,0x00,0x37,0xD1,0x00,0x45,0x95,0x01,0x00,0x01,0x3C,0x69,0x00,0x45,0x95,0x01,0x00,
  0x02,0x3E,0x69,0x00,0x45,0x95,0x01,0x00,0x04,0x45,0xD1,0x00,0x45,0x95,0x01,0x00,0x03,0x4E,0x71,0x02,0xAE,0x95,0x01,0x00,
  0x01,0x3C,0x68,0x00,0xAE,0x95,0x01,0x00,0x02,0x3E,0x68,0x00,0x16,0x96,0x01,0x00,0x00,0x37,0xD0,0x00,0x16,0x96,0x01,0x00,
  0x01,0x3C,0x68,0x00,0x16,0x96,0x01,0x00,0x02,0x3E,0x68,0x00,0x16,0x96,0x01,0x00,0x04,0x45,0xD0,0x00,0x7E,0x96,0x01,0x00,
  0x01,0x3C,0x68,0x00,0x7E,0x96,0x01,0x00,0x02,0x3E,0x68,0x00,0xE6,0x96,0x01,0x00,0x00,0x37,0xD0,0x00,0xE6,0x96,0x01,0x00,
  0x01,0x3C,0x68,0x00,0xE6,0x96,0x01,0x00,0x02,0x3E,0x68,0x00,0xE6,0x96,0x01,0x00,0x04,0x45,0xD0,0x00,0x4E,0x97,0x01,0x00,
  0x01,0x3C,0x68,0x00,0x4E,0x97,0x01,0x00,0x02,0x3E,0x68,0x00,0xB6,0x97,0x01,0x00,0x00,0x37,0xD1,0x00,0xB6,0x97,0x01,0x00,
  0x01,0x3C,0x68,0x00,0xB6,0x97,0x01,0x00,0x02,0x3E,0x68,0x00,0xB6,0x97,0x01,0x00,0x03,0x48,0xD1,0x00,0xB6,0x97,0x01,0x00,
  0x04,0x51,0xD1,0x00,0x1E,0x98,0x01,0x00,0x01,0x3C,0x69,0x00,0x1E,0x98,0x01,0x00,0x02,0x3E,0x69,0x00,0x87,0x98,0x01,0x00,
  0x00,0x37,0xD0,0x00,0x87,0x98,0x01,0x00,0x01,0x3C,0x68,0x00,0x87,0x98,0x01,0x00,0x02,0x3E,0x68,0x00,0x87,0x98,0x01,0x00,
  0x03,0x42,0xD0,0x00,0x87,0x98,0x01,0x00,0x04,0x54,0xD0,0x00,0xEF,0x98,0x01,0x00,0x01,0x3C,0x68,0x00,0xEF,0x98,0x01,0x00,
  0x02,0x3E,0x68,0x00,0x57,0x99,0x01,0x00,0x00,0x37,0xD0,0x00,0x57,0x99,0x01,0x00,0x01,0x3C,0x68,0x00,0x57,0x99,0x01,0x00,
  0x02,0x3E,0x68,0x00,0x57,0x99,0x01,0x00,0x04,0x45,0xD0,0x00,0x57,0x99,0x01,0x00,0x03,0x4E,0xD0,0x00,0xBF,0x99,0x01,0x00,
  0x01,0x3C,0x68,0x00,0xBF,0x99,0x01,0x00,0x02,0x3E,0x68,0x00,0x27,0x9A,0x01,0x00,0x00,0x37,0xD1,0x00,0x27,0x9A,0x01,0x00,
  0x04,0x3B,0xA1,0x01,0x27,0x9A,0x01,0x00,0x02,0x3E,0x68,0x00,0x27,0x9A,0x01,0x00,0x03,0x3E,0xA1,0x01,0x27,0x9A,0x01,0x00,
  0x01,0x4F,0xD1,0x00,0x8F,0x9A,0x01,0x00,0x02,0x3E,0x69,0x00,0xF8,0x9A,0x01,0x00,0x00,0x37,0xD0,0x00,0xF8,0x9A,0x01,0x00,
  0x02,0x3E,0x68,0x00,0xF8,0x9A,0x01,0x00,0x01,0x4F,0x1D,0x01,0x60,0x9B,0x01,0x00,0x02,0x3E,0x68,0x00,0xC8,0x9B,0x01,0x00,
  0x02,0x39,0xD0,0x00,0xC8,0x9B,0x01,0x00,0x03,0x3E,0x68,0x00,0xC8,0x9B,0x01,0x00,0x04,0x48,0xD0,0x00,0xC8,0x9B,0x01,0x00,
  0x00,0x4E,0xD0,0x00,0x30,0x9C,0x01,0x00,0x03,0x3E,0x68,0x00,0x98,0x9C,0x01,0x00,0x02,0x39,0xD1,0x00,0x98,0x9C,0x01,0x00,
  0x03,0x3E,0x68,0x00,0x98,0x9C,0x01,0x00,0x04,0x48,0xD1,0x00,0x98,0x9C,0x01,0x00,0x01,0x4C,0x68,0x00,0x00,0x9D,0x01,0x00,
  0x03,0x3E,0x69,0x00,0x00,0x9D,0x01,0x00,0x00,0x4E,0x69,0x00,0x69,0x9D,0x01,0x00,0x04,0x3B,0xD0,0x00,0x69,0x9D,0x01,0x00,
  0x02,0x3E,0x68,0x00,0x69,0x9D,0x01,0x00,0x00,0x4A,0xD0,0x00,0x69,0x9D,0x01,0x00,0x01,0x4F,0xD0,0x00,0xD1,0x9D,0x01,0x00,
  0x02,0x3E,0x68,0x00,0x39,0x9E,0x01,0x00,0x04,0x3B,0xD0,0x00,0x39,0x9E,0x01,0x00,0x02,0x3E,0x68,0x00,0x39,0x9E,0x01,0x00,
  0x00,0x4A,0xD0,0x00,0x39,0x9E,0x01,0x00,0x01,0x4F,0xD0,0x00,0xA1,0x9E,0x01,0x00,0x02,0x3E,0x68,0x00,0xEE,0x9E,0x01,0x00,
  0x03,0x53,0x68,0x00,0x09,0x9F,0x01,0x00,0x04,0x36,0xD1,0x00,0x09,0x9F,0x01,0x00,0x02,0x3E,0x68,0x00,0x09,0x9F,0x01,0x00,
  0x00,0x48,0xD1,0x00,0x09,0x9F,0x01,0x00,0x01,0x51,0xD1,0x00,0x71,0x9F,0x01,0x00,0x02,0x3E,0x69,0x00,0xDA,0x9F,0x01,0x00,
  0x04,0x36,0xD0,0x00,0xDA,0x9F,0x01,0x00,0x02,0x3E,0x68,0x00,0xDA,0x9F,0x01,0x00,0x01,0x47,0x68,0x00,0xDA,0x9F,0x01,0x00,
  0x00,0x4F,0x68,0x00,0x42,0xA0,0x01,0x00,0x02,0x3E,0x68,0x00,0x42,0xA0,0x01,0x00,0x00,0x45,0x68,0x00,0x42,0xA0,0x01,0x00,
  0x01,0x51,0x68,0x00,0xAA,0xA0,0x01,0x00,0x00,0x37,0xD0,0x00,0xAA,0xA0,0x01,0x00,0x02,0x3E,0x68,0x00,0xAA,0xA0,0x01,0x00,
  0x03,0x43,0xD0,0x00,0xAA,0xA0,0x01,0x00,0x04,0x53,0xD0,0x00,0x12,0xA1,0x01,0x00,0x02,0x3E,0x68,0x00,0x7A,0xA1,0x01,0x00,
  0x00,0x37,0xD1,0x00,0x7A,0xA1,0x01,0x00,0x02,0x3E,0x68,0x00,0x7A,0xA1,0x01,0x00,0x03,0x43,0xD1,0x00,0x7A,0xA1,0x01,0x00,
  0x04,0x53,0xD1,0x00,0xE2,0xA1,0x01,0x00,0x02,0x3E,0x69,0x00,0x30,0xA2,0x01,0x00,0x01,0x56,0x68,0x00,0x4B,0xA2,0x01,0x00,
  0x02,0x39,0xD0,0x00,0x4B,0xA2,0x01,0x00,0x03,0x3E,0x68,0x00,0x4B,0xA2,0x01,0x00,0x04,0x42,0xD0,0x00,0x4B,0xA2,0x01,0x00,
  0x00,0x54,0xD0,0x00,0xB3,0xA2,0x01,0x00,0x03,0x3E,0x68,0x00,0x1B,0xA3,0x01,0x00,0x02,0x39,0xD0,0x00,0x1B,0xA3,0x01,0x00,
  0x03,0x3E,0x68,0x00,0x1B,0xA3,0x01,0x00,0x01,0x42,0xD0,0x00,0x1B,0xA3,0x01,0x00,0x04,0x53,0x68,0x00,0x83,0xA3,0x01,0x00,
  0x03,0x3E,0x68,0x00,0x83,0xA3,0x01,0x00,0x04,0x54,0x68,0x00,0xEB,0xA3,0x01,0x00,0x04,0x3B,0xA1,0x01,0xEB,0xA3,0x01,0x00,
  0x02,0x3E,0xA1,0x01,0xEB,0xA3,0x01,0x00,0x03,0x43,0xA1,0x01,0xEB,0xA3,0x01,0x00,0x01,0x56,0xA1,0x01,0x2D,0xA7,0x01,0x00,
  0x01,0x47,0x41,0x03,0x2D,0xA7,0x01,0x00,0x04,0x4A,0x41,0x03,0x6E,0xAA,0x01,0x00,0x02,0x48,0x41,0x03,0x6E,0xAA,0x01,0x00,
  0x01,0x4C,0x41,0x03,0x79,0xAD,0x01,0x00,0x03,0x47,0xD0,0x00,0x79,0xAD,0x01,0x00,0x04,0x4A,0xD0,0x00,0xAF,0xAD,0x01,0x00,
  0x00,0x32,0x42,0x03,0xAF,0xAD,0x01,0x00,0x01,0x36,0x42,0x03,0xAF,0xAD,0x01,0x00,0x02,0x45,0xA1,0x01,0xAF,0xAD,0x01,0x00,
  0x03,0x48,0xA1,0x01,0x50,0xAF,0x01,0x00,0x04,0x45,0x3B,0x02,0x50,0xAF,0x01,0x00,0x02,0x48,0x3B,0x02,0xF1,0xB0,0x01,0x00,
  0x03,0x34,0x41,0x03,0xF1,0xB0,0x01,0x00,0x00,0x37,0x41,0x03,0xF1,0xB0,0x01,0x00,0x01,0x43,0xA0,0x01,0xF1,0xB0,0x01,0x00,
  0x04,0x47,0xA0,0x01,0x91,0xB2,0x01,0x00,0x02,0x43,0xA1,0x01,0x91,0xB2,0x01,0x00,0x01,0x47,0x3B,0x02,0x32,0xB4,0x01,0x00,
  0x03,0x30,0xA1,0x01,0x32,0xB4,0x01,0x00,0x00,0x3C,0xA1,0x01,0x32,0xB4,0x01,0x00,0x04,0x40,0xA1,0x01,0x32,0xB4,0x01,0x00,
  0x02,0x45,0xA1,0x01,0xD3,0xB5,0x01,0x00,0x03,0x30,0xA0,0x01,0xD3,0xB5,0x01,0x00,0x00,0x3C,0xA0,0x01,0xD3,0xB5,0x01,0x00,
  0x04,0x40,0xA0,0x01,0xD3,0xB5,0x01,0x00,0x01,0x45,0xA0,0x01,0x73,0xB7,0x01,0x00,0x00,0x32,0xA1,0x01,0x73,0xB7,0x01,0x00,
  0x02,0x39,0xA1,0x01,0x73,0xB7,0x01,0x00,0x01,0x3C,0xA1,0x01,0x73,0xB7,0x01,0x00,0x03,0x43,0xD1,0x00,0x44,0xB8,0x01,0x00,
  0x03,0x42,0xD0,0x00,0x14,0xB9,0x01,0x00,0x00,0x32,0xA1,0x01,0x14,0xB9,0x01,0x00,0x01,0x32,0xA1,0x01,0x14,0xB9,0x01,0x00,
  0x02,0x39,0xA1,0x01,0x14,0xB9,0x01,0x00,0x04,0x40,0xD0,0x00,0xE4,0xB9,0x01,0x00,0x03,0x42,0xD1,0x00,0xB5,0xBA,0x01,0x00,
  0x02,0x2F,0xD0,0x00,0xB5,0xBA,0x01,0x00,0x00,0x32,0xD0,0x00,0xB5,0xBA,0x01,0x00,0x03,0x3E,0xD0,0x00,0xB5,0xBA,0x01,0x00,
  0x04,0x43,0xD0,0x00,0x55,0xBC,0x01,0x00,0x00,0x32,0xD1,0x00,0x55,0xBC,0x01,0x00,0x02,0x3E,0xD1,0x00,0x55,0xBC,0x01,0x00,
  0x01,0x42,0xD1,0x00,0x55,0xBC,0x01,0x00,0x04,0x45,0xD1,0x00,0xF6,0xBD,0x01,0x00,0x00,0x37,0xA1,0x01,0xF6,0xBD,0x01,0x00,
  0x02,0x3E,0xA1,0x01,0xF6,0xBD,0x01,0x00,0x03,0x43,0xD0,0x00,0xF6,0xBD,0x01,0x00,0x01,0x47,0xD0,0x00,0x37,0xC1,0x01,0x00,
  0x01,0x47,0x42,0x03,0x37,0xC1,0x01,0x00,0x04,0x4A,0x42,0x03,0x79,0xC4,0x01,0x00,0x02,0x48,0x41,0x03,0x79,0xC4,0x01,0x00,
  0x01,0x4C,0x41,0x03,0xBA,0xC7,0x01,0x00,0x00,0x32,0x41,0x03,0xBA,0xC7,0x01,0x00,0x01,0x42,0x41,0x03,0xBA,0xC7,0x01,0x00,
  0x02,0x47,0xD0,0x00,0xBA,0xC7,0x01,0x00,0x04,0x4A,0xD0,0x00,0x8A,0xC8,0x01,0x00,0x04,0x45,0xD1,0x00,0x8A,0xC8,0x01,0x00,
  0x02,0x48,0xD1,0x00,0x5B,0xC9,0x01,0x00,0x04,0x45,0xD0,0x00,0x5B,0xC9,0x01,0x00,0x02,0x48,0xD0,0x00,0x2B,0xCA,0x01,0x00,
  0x04,0x45,0xD0,0x00,0x2B,0xCA,0x01,0x00,0x02,0x48,0xD0,0x00,0xFB,0xCA,0x01,0x00,0x02,0x34,0x42,0x03,0xFB,0xCA,0x01,0x00,
  0x03,0x43,0x42,0x03,0xFB,0xCA,0x01,0x00,0x04,0x45,0xD1,0x00,0xFB,0xCA,0x01,0x00,0x00,0x48,0xD1,0x00,0xCC,0xCB,0x01,0x00,
  0x04,0x43,0xD0,0x00,0xCC,0xCB,0x01,0x00,0x01,0x47,0xD0,0x00,0x9C,0xCC,0x01,0x00,0x04,0x43,0xD0,0x00,0x9C,0xCC,0x01,0x00,
  0x01,0x47,0xD0,0x00,0x6C,0xCD,0x01,0x00,0x04,0x43,0xD1,0x00,0x6C,0xCD,0x01,0x00,0x01,0x47,0xD1,0x00,0x3D,0xCE,0x01,0x00,
  0x03,0x30,0xA0,0x01,0x3D,0xCE,0x01,0x00,0x00,0x3C,0xA0,0x01,0x3D,0xCE,0x01,0x00,0x04,0x40,0xA0,0x01,0x3D,0xCE,0x01,0x00,
  0x01,0x47,0xD0,0x00,0x0D,0xCF,0x01,0x00,0x01,0x45,0xD0,0x00,0xDD,0xCF,0x01,0x00,0x03,0x30,0xA1,0x01,0xDD,0xCF,0x01,0x00,
  0x00,0x3C,0xD1,0x00,0xDD,0xCF,0x01,0x00,0x04,0x40,0xD1,0x00,0xDD,0xCF,0x01,0x00,0x01,0x45,0xD1,0x00,0xAE,0xD0,0x01,0x00,
  0x00,0x3C,0xD0,0x00,0xAE,0xD0,0x01,0x00,0x04,0x40,0xD0,0x00,0xAE,0xD0,0x01,0x00,0x01,0x45,0xD0,0x00,0x7E,0xD1,0x01,0x00,
  0x00,0x32,0xA1,0x01,0x7E,0xD1,0x01,0x00,0x02,0x39,0xA1,0x01,0x7E,0xD1,0x01,0x00,0x01,0x3C,0xA1,0x01,0x7E,0xD1,0x01,0x00,
  0x03,0x43,0xD0,0x00,0x4E,0xD2,0x01,0x00,0x03,0x42,0xD1,0x00,0x1F,0xD3,0x01,0x00,0x00,0x32,0xA0,0x01,0x1F,0xD3,0x01,0x00,
  0x02,0x39,0xD0,0x00,0x1F,0xD3,0x01,0x00,0x01,0x3C,0xD0,0x00,0x1F,0xD3,0x01,0x00,0x04,0x40,0xD0,0x00,0xEF,0xD3,0x01,0x00,
  0x02,0x39,0xD0,0x00,0xEF,0xD3,0x01,0x00,0x01,0x3C,0xD0,0x00,0xEF,0xD3,0x01,0x00,0x03,0x42,0xD0,0x00,0xBF,0xD4,0x01,0x00,
  0x00,0x37,0xD1,0x00,0xBF,0xD4,0x01,0x00,0x01,0x37,0xD1,0x00,0xBF,0xD4,0x01,0x00,0x02,0x37,0x12,0x04,0xBF,0xD4,0x01,0x00,
  0x04,0x3B,0x12,0x04,0xBF,0xD4,0x01,0x00,0x03,0x43,0x12,0x04,0x90,0xD5,0x01,0x00,0x00,0x37,0xD0,0x00,0x90,0xD5,0x01,0x00,
  0x01,0x37,0xD0,0x00,0x60,0xD6,0x01,0x00,0x00,0x37,0xD0,0x00,0x60,0xD6,0x01,0x00,0x01,0x37,0xD0,0x00,0x30,0xD7,0x01,0x00,
  0x00,0x37,0xD1,0x00,0x30,0xD7,0x01,0x00,0x01,0x37,0xD1,0x00,0x01,0xD8,0x01,0x00,0x00,0x37,0xD0,0x00,0x01,0xD8,0x01,0x00,
  0x01,0x37,0xD0,0x00,0xD1,0xD8,0x01,0x00,0x00,0x37,0xD0,0x00,0xD1,0xD8,0x01,0x00,0x01,0x37,0xD0,0x00,0xD1,0xD8,0x01,0x00,
  0x02,0x3C,0x34,0x00,0xD1,0xD8,0x01,0x00,0x04,0x45,0x34,0x00,0x05,0xD9,0x01,0x00,0x04,0x3B,0x34,0x00,0x05,0xD9,0x01,0x00,
  0x02,0x43,0x34,0x00,0x39,0xD9,0x01,0x00,0x02,0x39,0x34,0x00,0x39,0xD9,0x01,0x00,0x03,0x42,0x34,0x00,0x6D,0xD9,0x01,0x00,
  0x04,0x3B,0x34,0x00,0x6D,0xD9,0x01,0x00,0x02,0x43,0x34,0x00,0xA1,0xD9,0x01,0x00,0x00,0x37,0xD1,0x00,0xA1,0xD9,0x01,0x00,
  0x01,0x37,0xD1,0x00,0xA1,0xD9,0x01,0x00,0x02,0x3C,0xD1,0x00,0xA1,0xD9,0x01,0x00,0x04,0x45,0xD1,0x00,0x72,0xDA,0x01,0x00,
  0x00,0x37,0xD0,0x00,0x72,0xDA,0x01,0x00,0x01,0x37,0xD0,0x00,0x72,0xDA,0x01,0x00,0x02,0x39,0xD0,0x00,0x72,0xDA,0x01,0x00,
  0x03,0x42,0xD0,0x00,0x42,0xDB,0x01,0x00,0x00,0x37,0xD0,0x00,0x42,0xDB,0x01,0x00,0x01,0x37,0xD0,0x00,0x42,0xDB,0x01,0x00,
  0x02,0x43,0x12,0x04,0x42,0xDB,0x01,0x00,0x03,0x47,0x12,0x04,0x12,0xDC,0x01,0x00,0x00,0x37,0xD1,0x00,0x12,0xDC,0x01,0x00,
  0x01,0x37,0xD1,0x00,0xE3,0xDC,0x01,0x00,0x00,0x37,0xD0,0x00,0xE3,0xDC,0x01,0x00,0x01,0x37,0xD0,0x00,0xB3,0xDD,0x01,0x00,
  0x00,0x37,0xD0,0x00,0xB3,0xDD,0x01,0x00,0x01,0x37,0xD0,0x00,0x83,0xDE,0x01,0x00,0x00,0x37,0xD1,0x00,0x83,0xDE,0x01,0x00,
  0x01,0x37,0xD1,0x00,0x54,0xDF,0x01,0x00,0x00,0x37,0xD0,0x00,0x54,0xDF,0x01,0x00,0x01,0x37,0xD0,0x00,0x54,0xDF,0x01,0x00,
  0x04,0x45,0x34,0x00,0x54,0xDF,0x01,0x00,0x02,0x48,0x34,0x00,0x88,0xDF,0x01,0x00,0x02,0x43,0x34,0x00,0x88,0xDF,0x01,0x00,
  0x03,0x47,0x34,0x00,0xBC,0xDF,0x01,0x00,0x02,0x42,0x34,0x00,0xBC,0xDF,0x01,0x00,0x04,0x45,0x34,0x00,0xF0,0xDF,0x01,0x00,
  0x02,0x43,0x34,0x00,0xF0,0xDF,0x01,0x00,0x03,0x47,0x34,0x00,0x24,0xE0,0x01,0x00,0x00,0x37,0xD0,0x00,0x24,0xE0,0x01,0x00,
  0x01,0x37,0xD0,0x00,0x24,0xE0,0x01,0x00,0x04,0x45,0xD0,0x00,0x24,0xE0,0x01,0x00,0x02,0x48,0xD0,0x00,0xF4,0xE0,0x01,0x00,
  0x00,0x37,0xD1,0x00,0xF4,0xE0,0x01,0x00,0x01,0x37,0xD1,0x00,0xF4,0xE0,0x01,0x00,0x02,0x42,0xD1,0x00,0xF4,0xE0,0x01,0x00,
  0x04,0x45,0xD1,0x00,0xC5,0xE1,0x01,0x00,0x00,0x37,0xD0,0x00,0xC5,0xE1,0x01,0x00,0x01,0x37,0xD0,0x00,0xC5,0xE1,0x01,0x00,
  0x02,0x47,0x68,0x00,0xC5,0xE1,0x01,0x00,0x04,0x4A,0x68,0x00,0x2D,0xE2,0x01,0x00,0x02,0x47,0x68,0x00,0x2D,0xE2,0x01,0x00,
  0x04,0x4A,0x68,0x00,0x95,0xE2,0x01,0x00,0x00,0x37,0xD0,0x00,0x95,0xE2,0x01,0x00,0x02,0x43,0xD0,0x00,0x95,0xE2,0x01,0x00,
  0x01,0x47,0x68,0x00,0x95,0xE2,0x01,0x00,0x04,0x4A,0x68,0x00,0xFD,0xE2,0x01,0x00,0x01,0x47,0x68,0x00,0xFD,0xE2,0x01,0x00,
  0x04,0x4A,0x68,0x00,0x65,0xE3,0x01,0x00,0x00,0x37,0xD1,0x00,0x65,0xE3,0x01,0x00,0x02,0x43,0xD1,0x00,0x65,0xE3,0x01,0x00,
  0x01,0x47,0x68,0x00,0x65,0xE3,0x01,0x00,0x04,0x4A,0x68,0x00,0xCD,0xE3,0x01,0x00,0x01,0x47,0x69,0x00,0xCD,0xE3,0x01,0x00,
  0x04,0x4A,0x69,0x00,0x36,0xE4,0x01,0x00,0x00,0x37,0xD0,0x00,0x36,0xE4,0x01,0x00,0x02,0x43,0xD0,0x00,0x36,0xE4,0x01,0x00,
  0x01,0x47,0x68,0x00,0x36,0xE4,0x01,0x00,0x04,0x4A,0x68,0x00,0x9E,0xE4,0x01,0x00,0x01,0x47,0x68,0x00,0x9E,0xE4,0x01,0x00,
  0x04,0x4A,0x68,0x00,0x06,0xE5,0x01,0x00,0x00,0x37,0xD0,0x00,0x06,0xE5,0x01,0x00,0x02,0x43,0xD0,0x00,0x06,0xE5,0x01,0x00,
  0x03,0x48,0x68,0x00,0x06,0xE5,0x01,0x00,0x01,0x4C,0x68,0x00,0x6E,0xE5,0x01,0x00,0x03,0x48,0x68,0x00,0x6E,0xE5,0x01,0x00,
  0x01,0x4C,0x68,0x00,0xD6,0xE5,0x01,0x00,0x00,0x37,0xD1,0x00,0xD6,0xE5,0x01,0x00,0x02,0x43,0xD1,0x00,0xD6,0xE5,0x01,0x00,
  0x03,0x48,0x68,0x00,0xD6,0xE5,0x01,0x00,0x01,0x4C,0x68,0x00,0x3E,0xE6,0x01,0x00,0x03,0x48,0x69,0x00,0x3E,0xE6,0x01,0x00,
  0x01,0x4C,0x69,0x00,0xA7,0xE6,0x01,0x00,0x00,0x37,0xD0,0x00,0xA7,0xE6,0x01,0x00,0x04,0x45,0xD0,0x00,0xA7,0xE6,0x01,0x00,
  0x02,0x48,0x68,0x00,0xA7,0xE6,0x01,0x00,0x03,0x4E,0x68,0x00,0x0F,0xE7,0x01,0x00,0x02,0x48,0x68,0x00,0x0F,0xE7,0x01,0x00,
  0x03,0x4E,0x68,0x00,0x77,0xE7,0x01,0x00,0x00,0x37,0xD0,0x00,0x77,0xE7,0x01,0x00,0x04,0x45,0xD0,0x00,0x77,0xE7,0x01,0x00,
  0x02,0x48,0x68,0x00,0x77,0xE7,0x01,0x00,0x03,0x4E,0x68,0x00,0xDF,0xE7,0x01,0x00,0x02,0x48,0x68,0x00,0xDF,0xE7,0x01,0x00,
  0x03,0x4E,0x68,0x00,0x47,0xE8,0x01,0x00,0x00,0x37,0xD1,0x00,0x47,0xE8,0x01,0x00,0x02,0x43,0xD1,0x00,0x47,0xE8,0x01,0x00,
  0x01,0x47,0x68,0x00,0x47,0xE8,0x01,0x00,0x04,0x4F,0x68,0x00,0xAF,0xE8,0x01,0x00,0x01,0x47,0x69,0x00,0xAF,0xE8,0x01,0x00,
  0x04,0x4F,0x69,0x00,0x18,0xE9,0x01,0x00,0x00,0x37,0xD0,0x00,0x18,0xE9,0x01,0x00,0x02,0x43,0xD0,0x00,0x18,0xE9,0x01,0x00,
  0x01,0x47,0x68,0x00,0x18,0xE9,0x01,0x00,0x04,0x4F,0x68,0x00,0x80,0xE9,0x01,0x00,0x01,0x47,0x68,0x00,0x80,0xE9,0x01,0x00,
  0x04,0x4F,0x68,0x00,0xE8,0xE9,0x01,0x00,0x04,0x36,0xD0,0x00,0xE8,0xE9,0x01,0x00,0x01,0x42,0xD0,0x00,0xE8,0xE9,0x01,0x00,
  0x00,0x4A,0x68,0x00,0xE8,0xE9,0x01,0x00,0x02,0x51,0x68,0x00,0x50,0xEA,0x01,0x00,0x00,0x4A,0x68,0x00,0x50,0xEA,0x01,0x00,
  0x02,0x51,0x68,0x00,0xB8,0xEA,0x01,0x00,0x04,0x36,0xD1,0x00,0xB8,0xEA,0x01,0x00,0x01,0x42,0xD1,0x00,0xB8,0xEA,0x01,0x00,
  0x00,0x4A,0x68,0x00,0xB8,0xEA,0x01,0x00,0x02,0x51,0x68,0x00,0x20,0xEB,0x01,0x00,0x00,0x4A,0x69,0x00,0x20,0xEB,0x01,0x00,
  0x02,0x51,0x69,0x00,0x89,0xEB,0x01,0x00,0x00,0x37,0xD0,0x00,0x89,0xEB,0x01,0x00,0x02,0x43,0xD0,0x00,0x89,0xEB,0x01,0x00,
  0x04,0x4A,0x68,0x00,0x89,0xEB,0x01,0x00,0x03,0x53,0x68,0x00,0xF1,0xEB,0x01,0x00,0x04,0x4A,0x68,0x00,0xF1,0xEB,0x01,0x00,
  0x03,0x53,0x68,0x00,0x59,0xEC,0x01,0x00,0x00,0x37,0xD0,0x00,0x59,0xEC,0x01,0x00,0x02,0x43,0xD0,0x00,0x59,0xEC,0x01,0x00,
  0x04,0x4A,0x68,0x00,0x59,0xEC,0x01,0x00,0x03,0x53,0x68,0x00,0xC1,0xEC,0x01,0x00,0x04,0x4A,0x68,0x00,0xC1,0xEC,0x01,0x00,
  0x03,0x53,0x68,0x00,0x29,0xED,0x01,0x00,0x02,0x34,0xD1,0x00,0x29,0xED,0x01,0x00,0x04,0x40,0xD1,0x00,0x29,0xED,0x01,0x00,
  0x00,0x4F,0x68,0x00,0x29,0xED,0x01,0x00,0x01,0x55,0x68,0x00,0x91,0xED,0x01,0x00,0x00,0x4F,0x69,0x00,0x91,0xED,0x01,0x00,
  0x01,0x55,0x69,0x00,0xFA,0xED,0x01,0x00,0x02,0x34,0xD0,0x00,0xFA,0xED,0x01,0x00,0x04,0x40,0xD0,0x00,0xFA,0xED,0x01,0x00,
  0x00,0x4F,0x68,0x00,0xFA,0xED,0x01,0x00,0x01,0x55,0x68,0x00,0x62,0xEE,0x01,0x00,0x00,0x4F,0x68,0x00,0x62,0xEE,0x01,0x00,
  0x01,0x55,0x68,0x00,0xCA,0xEE,0x01,0x00,0x00,0x32,0x83,0x06,0xCA,0xEE,0x01,0x00,0x02,0x3E,0x68,0x00,0xCA,0xEE,0x01,0x00,
  0x04,0x45,0x68,0x00,0xCA,0xEE,0x01,0x00,0x03,0x4E,0x68,0x00,0xCA,0xEE,0x01,0x00,0x01,0x56,0x71,0x02,0x32,0xEF,0x01,0x00,
  0x02,0x3E,0x68,0x00,0x32,0xEF,0x01,0x00,0x04,0x45,0x68,0x00,0x32,0xEF,0x01,0x00,0x03,0x4E,0x68,0x00,0x9A,0xEF,0x01,0x00,
  0x02,0x3E,0x68,0x00,0x9A,0xEF,0x01,0x00,0x04,0x45,0x68,0x00,0x9A,0xEF,0x01,0x00,0x03,0x4E,0x68,0x00,0x02,0xF0,0x01,0x00,
  0x02,0x3E,0x69,0x00,0x02,0xF0,0x01,0x00,0x04,0x45,0x69,0x00,0x02,0xF0,0x01,0x00,0x03,0x4E,0x69,0x00,0x6B,0xF0,0x01,0x00,
  0x02,0x3E,0x68,0x00,0x6B,0xF0,0x01,0x00,0x04,0x45,0x68,0x00,0x6B,0xF0,0x01,0x00,0x03,0x4E,0x68,0x00,0xD3,0xF0,0x01,0x00,
  0x02,0x3E,0x68,0x00,0xD3,0xF0,0x01,0x00,0x04,0x45,0x68,0x00,0xD3,0xF0,0x01,0x00,0x03,0x4E,0x68,0x00,0x3B,0xF1,0x01,0x00,
  0x02,0x3E,0x68,0x00,0x3B,0xF1,0x01,0x00,0x04,0x45,0x68,0x00,0x3B,0xF1,0x01,0x00,0x03,0x4E,0x68,0x00,0x3B,0xF1,0x01,0x00,
  0x01,0x51,0xD0,0x00,0xA3,0xF1,0x01,0x00,0x02,0x3E,0x68,0x00,0xA3,0xF1,0x01,0x00,0x04,0x45,0x68,0x00,0xA3,0xF1,0x01,0x00,
  0x03,0x4E,0x68,0x00,0x0B,0xF2,0x01,0x00,0x04,0x40,0x68,0x00,0x0B,0xF2,0x01,0x00,0x01,0x45,0x68,0x00,0x0B,0xF2,0x01,0x00,
  0x02,0x4F,0x68,0x00,0x0B,0xF2,0x01,0x00,0x03,0x55,0x39,0x01,0x73,0xF2,0x01,0x00,0x04,0x40,0x69,0x00,0x73,0xF2,0x01,0x00,
  0x01,0x45,0x69,0x00,0x73,0xF2,0x01,0x00,0x02,0x4F,0x69,0x00,0xDC,0xF2,0x01,0x00,0x04,0x40,0x68,0x00,0xDC,0xF2,0x01,0x00,
  0x01,0x45,0x68,0x00,0xDC,0xF2,0x01,0x00,0x02,0x4F,0x68,0x00,0x44,0xF3,0x01,0x00,0x04,0x40,0x68,0x00,0x44,0xF3,0x01,0x00,
  0x01,0x45,0x68,0x00,0x44,0xF3,0x01,0x00,0x02,0x4F,0x68,0x00,0x44,0xF3,0x01,0x00,0x03,0x51,0x68,0x00,0xAC,0xF3,0x01,0x00,
  0x04,0x40,0x68,0x00,0xAC,0xF3,0x01,0x00,0x01,0x45,0x68,0x00,0xAC,0xF3,0x01,0x00,0x02,0x4F,0x68,0x00,0xAC,0xF3,0x01,0x00,
  0x03,0x55,0x38,0x01,0x14,0xF4,0x01,0x00,0x04,0x40,0x68,0x00,0x14,0xF4,0x01,0x00,0x01,0x45,0x68,0x00,0x14,0xF4,0x01,0x00,
  0x02,0x4F,0x68,0x00,0x7C,0xF4,0x01,0x00,0x04,0x40,0x68,0x00,0x7C,0xF4,0x01,0x00,0x01,0x45,0x68,0x00,0x7C,0xF4,0x01,0x00,
  0x02,0x4F,0x68,0x00,0xE4,0xF4,0x01,0x00,0x04,0x40,0x69,0x00,0xE4,0xF4,0x01,0x00,0x01,0x45,0x69,0x00,0xE4,0xF4,0x01,0x00,
  0x02,0x4F,0x69,0x00,0xE4,0xF4,0x01,0x00,0x03,0x51,0x69,0x00,0x4D,0xF5,0x01,0x00,0x00,0x32,0x82,0x06,0x4D,0xF5,0x01,0x00,
  0x02,0x3E,0x68,0x00,0x4D,0xF5,0x01,0x00,0x04,0x45,0x68,0x00,0x4D,0xF5,0x01,0x00,0x03,0x4E,0x68,0x00,0x4D,0xF5,0x01,0x00,
  0x01,0x56,0x71,0x02,0xB5,0xF5,0x01,0x00,0x02,0x3E,0x68,0x00,0xB5,0xF5,0x01,0x00,0x04,0x45,0x68,0x00,0xB5,0xF5,0x01,0x00,
  0x03,0x4E,0x68,0x00,0x1D,0xF6,0x01,0x00,0x02,0x3E,0x68,0x00,0x1D,0xF6,0x01,0x00,0x04,0x45,0x68,0x00,0x1D,0xF6,0x01,0x00,
  0x03,0x4E,0x68,0x00,0x85,0xF6,0x01,0x00,0x02,0x3E,0x68,0x00,0x85,0xF6,0x01,0x00,0x04,0x45,0x68,0x00,0x85,0xF6,0x01,0x00,
  0x03,0x4E,0x68,0x00,0xED,0xF6,0x01,0x00,0x02,0x3E,0x68,0x00,0xED,0xF6,0x01,0x00,0x04,0x45,0x68,0x00,0xED,0xF6,0x01,0x00,
  0x03,0x4E,0x68,0x00,0x55,0xF7,0x01,0x00,0x02,0x3E,0x69,0x00,0x55,0xF7,0x01,0x00,0x04,0x45,0x69,0x00,0x55,0xF7,0x01,0x00,
  0x03,0x4E,0x69,0x00,0xBE,0xF7,0x01,0x00,0x02,0x3E,0x68,0x00,0xBE,0xF7,0x01,0x00,0x04,0x45,0x68,0x00,0xBE,0xF7,0x01,0x00,
  0x03,0x4E,0x68,0x00,0xBE,0xF7,0x01,0x00,0x01,0x51,0xD0,0x00,0x26,0xF8,0x01,0x00,0x02,0x3E,0x68,0x00,0x26,0xF8,0x01,0x00,
  0x04,0x45,0x68,0x00,0x26,0xF8,0x01,0x00,0x03,0x4E,0x68,0x00,0x8E,0xF8,0x01,0x00,0x04,0x40,0x68,0x00,0x8E,0xF8,0x01,0x00,
  0x01,0x45,0x68,0x00,0x8E,0xF8,0x01,0x00,0x02,0x4F,0x68,0x00,0x8E,0xF8,0x01,0x00,0x03,0x55,0x38,0x01,0xF6,0xF8,0x01,0x00,
  0x04,0x40,0x68,0x00,0xF6,0xF8,0x01,0x00,0x01,0x45,0x68,0x00,0xF6,0xF8,0x01,0x00,0x02,0x4F,0x68,0x00,0x5E,0xF9,0x01,0x00,
  0x04,0x40,0x68,0x00,0x5E,0xF9,0x01,0x00,0x01,0x45,0x68,0x00,0x5E,0xF9,0x01,0x00,0x02,0x4F,0x68,0x00,0xC6,0xF9,0x01,0x00,
  0x04,0x40,0x69,0x00,0xC6,0xF9,0x01,0x00,0x01,0x45,0x69,0x00,0xC6,0xF9,0x01,0x00,0x02,0x4F,0x69,0x00,0xC6,0xF9,0x01,0x00,
  0x03,0x51,0x69,0x00,0x2F,0xFA,0x01,0x00,0x04,0x40,0x68,0x00,0x2F,0xFA,0x01,0x00,0x01,0x45,0x68,0x00,0x2F,0xFA,0x01,0x00,
  0x02,0x4F,0x68,0x00,0x2F,0xFA,0x01,0x00,0x03,0x55,0x38,0x01,0x97,0xFA,0x01,0x00,0x04,0x40,0x68,0x00,0x97,0xFA,0x01,0x00,
  0x01,0x45,0x68,0x00,0x97,0xFA,0x01,0x00,0x02,0x4F,0x68,0x00,0xFF,0xFA,0x01,0x00,0x04,0x40,0x68,0x00,0xFF,0xFA,0x01,0x00,
  0x01,0x45,0x68,0x00,0xFF,0xFA,0x01,0x00,0x02,0x4F,0x68,0x00,0x67,0xFB,0x01,0x00,0x04,0x40,0x68,0x00,0x67,0xFB,0x01,0x00,
  0x01,0x45,0x68,0x00,0x67,0xFB,0x01,0x00,0x02,0x4F,0x68,0x00,0x67,0xFB,0x01,0x00,0x03,0x51,0x68,0x00,0xCF,0xFB,0x01,0x00,
  0x00,0x32,0xD1,0x00,0xCF,0xFB,0x01,0x00,0x01,0x42,0xD1,0x00,0xCF,0xFB,0x01,0x00,0x04,0x4A,0xD1,0x00,0xCF,0xFB,0x01,0x00,
  0x03,0x4E,0xD1,0x00,0xCF,0xFB,0x01,0x00,0x02,0x56,0xD1,0x00,0xA0,0xFC,0x01,0x00,0x02,0x34,0xD0,0x00,0xA0,0xFC,0x01,0x00,
  0x03,0x43,0xD0,0x00,0xA0,0xFC,0x01,0x00,0x04,0x4A,0xA0,0x01,0xA0,0xFC,0x01,0x00,0x00,0x4E,0xA0,0x01,0xA0,0xFC,0x01,0x00,
  0x01,0x4E,0xA0,0x01,0xA0,0xFC,0x01,0x00,0x02,0x56,0xA0,0x01,0x70,0xFD,0x01,0x00,0x03,0x36,0xD0,0x00,0x70,0xFD,0x01,0x00,
  0x04,0x45,0xD0,0x00,0x40,0xFE,0x01,0x00,0x02,0x34,0xD1,0x00,0x40,0xFE,0x01,0x00,0x03,0x43,0xD1,0x00,0x40,0xFE,0x01,0x00,
  0x04,0x4A,0xA1,0x01,0x40,0xFE,0x01,0x00,0x00,0x4E,0xA1,0x01,0x40,0xFE,0x01,0x00,0x01,0x4E,0xA1,0x01,0x40,0xFE,0x01,0x00,
  0x02,0x56,0xA1,0x01,0x11,0xFF,0x01,0x00,0x03,0x32,0xD0,0x00,0x11,0xFF,0x01,0x00,0x04,0x42,0xD0,0x00,0xE1,0xFF,0x01,0x00,
  0x02,0x34,0xD0,0x00,0xE1,0xFF,0x01,0x00,0x03,0x43,0xD0,0x00,0xE1,0xFF,0x01,0x00,0x04,0x4A,0xA1,0x01,0xE1,0xFF,0x01,0x00,
  0x00,0x4E,0xA1,0x01,0xE1,0xFF,0x01,0x00,0x01,0x4E,0xA1,0x01,0xE1,0xFF,0x01,0x00,0x02,0x56,0xA1,0x01,0xB1,0x00,0x02,0x00,
  0x03,0x36,0xD1,0x00,0xB1,0x00,0x02,0x00,0x04,0x45,0xD1,0x00,0x82,0x01,0x02,0x00,0x00,0x32,0xD0,0x00,0x82,0x01,0x02,0x00,
  0x01,0x42,0xD0,0x00,0x82,0x01,0x02,0x00,0x04,0x4A,0xA0,0x01,0x82,0x01,0x02,0x00,0x03,0x4E,0xD0,0x00,0x82,0x01,0x02,0x00,
  0x02,0x4E,0xD0,0x00,0x82,0x01,0x02,0x00,0x00,0x56,0xA0,0x01,0x52,0x02,0x02,0x00,0x01,0x37,0xD0,0x00,0x52,0x02,0x02,0x00,
  0x02,0x47,0xD0,0x00,0x52,0x02,0x02,0x00,0x03,0x4C,0xD0,0x00,0x52,0x02,0x02,0x00,0x04,0x4C,0xD0,0x00,0x22,0x03,0x02,0x00,
  0x02,0x39,0xD1,0x00,0x22,0x03,0x02,0x00,0x04,0x45,0xD1,0x00,0x22,0x03,0x02,0x00,0x00,0x4A,0xA1,0x01,0x22,0x03,0x02,0x00,
  0x01,0x4C,0xA1,0x01,0x22,0x03,0x02,0x00,0x03,0x4C,0xA1,0x01,0x22,0x03,0x02,0x00,0x02,0x56,0xA1,0x01,0xF3,0x03,0x02,0x00,
  0x04,0x3B,0xD0,0x00,0xF3,0x03,0x02,0x00,0x00,0x43,0xD0,0x00,0xC3,0x04,0x02,0x00,0x02,0x39,0xD0,0x00,0xC3,0x04,0x02,0x00,
  0x04,0x45,0xD0,0x00,0xC3,0x04,0x02,0x00,0x00,0x4A,0xA1,0x01,0xC3,0x04,0x02,0x00,0x01,0x4C,0xA1,0x01,0xC3,0x04,0x02,0x00,
  0x03,0x4C,0xA1,0x01,0xC3,0x04,0x02,0x00,0x02,0x56,0xA1,0x01,0x93,0x05,0x02,0x00,0x04,0x37,0xD1,0x00,0x93,0x05,0x02,0x00,
  0x00,0x47,0xD1,0x00,0x64,0x06,0x02,0x00,0x02,0x39,0xD0,0x00,0x64,0x06,0x02,0x00,0x04,0x45,0xD0,0x00,0x64,0x06,0x02,0x00,
  0x00,0x4A,0xA0,0x01,0x64,0x06,0x02,0x00,0x01,0x4C,0xA0,0x01,0x64,0x06,0x02,0x00,0x03,0x4C,0xA0,0x01,0x64,0x06,0x02,0x00,
  0x02,0x56,0xA0,0x01,0x34,0x07,0x02,0x00,0x04,0x3B,0xD0,0x00,0x34,0x07,0x02,0x00,0x00,0x44,0xD0,0x00,0x04,0x08,0x02,0x00,
  0x01,0x38,0xD1,0x00,0x04,0x08,0x02,0x00,0x02,0x47,0xD1,0x00,0x04,0x08,0x02,0x00,0x04,0x4A,0xD1,0x00,0x04,0x08,0x02,0x00,
  0x03,0x4C,0xD1,0x00,0x04,0x08,0x02,0x00,0x00,0x4C,0xD1,0x00,0x04,0x08,0x02,0x00,0x01,0x56,0xD1,0x00,0xD5,0x08,0x02,0x00,
  0x02,0x39,0xD0,0x00,0xD5,0x08,0x02,0x00,0x04,0x45,0xD0,0x00,0xD5,0x08,0x02,0x00,0x03,0x49,0x68,0x00,0xD5,0x08,0x02,0x00,
  0x01,0x4C,0x68,0x00,0xD5,0x08,0x02,0x00,0x00,0x4C,0xD0,0x00,0xD5,0x08,0x02,0x00,0x03,0x55,0xD0,0x00,0x3D,0x09,0x02,0x00,
  0x01,0x49,0x68,0x00,0x3D,0x09,0x02,0x00,0x02,0x4C,0x68,0x00,0xA5,0x09,0x02,0x00,0x02,0x39,0xD0,0x00,0xA5,0x09,0x02,0x00,
  0x04,0x45,0xD0,0x00,0xA5,0x09,0x02,0x00,0x03,0x49,0x68,0x00,0xA5,0x09,0x02,0x00,0x01,0x4C,0x68,0x00,0xA5,0x09,0x02,0x00,
  0x00,0x51,0xD0,0x00,0x0D,0x0A,0x02,0x00,0x03,0x49,0x68,0x00,0x0D,0x0A,0x02,0x00,0x01,0x4C,0x68,0x00,0x75,0x0A,0x02,0x00,
  0x02,0x39,0xD1,0x00,0x75,0x0A,0x02,0x00,0x04,0x45,0xD1,0x00,0x75,0x0A,0x02,0x00,0x00,0x4A,0x68,0x00,0x75,0x0A,0x02,0x00,
  0x03,0x4E,0x68,0x00,0x75,0x0A,0x02,0x00,0x01,0x56,0xD1,0x00,0xDD,0x0A,0x02,0x00,0x00,0x4A,0x69,0x00,0xDD,0x0A,0x02,0x00,
  0x03,0x4E,0x69,0x00,0x46,0x0B,0x02,0x00,0x02,0x39,0xD0,0x00,0x46,0x0B,0x02,0x00,0x04,0x45,0xD0,0x00,0x46,0x0B,0x02,0x00,
  0x00,0x4A,0x68,0x00,0x46,0x0B,0x02,0x00,0x03,0x4E,0x68,0x00,0x46,0x0B,0x02,0x00,0x01,0x51,0xD0,0x00,0xAE,0x0B,0x02,0x00,
  0x00,0x4A,0x68,0x00,0xAE,0x0B,0x02,0x00,0x03,0x4E,0x68,0x00,0x16,0x0C,0x02,0x00,0x02,0x39,0xD0,0x00,0x16,0x0C,0x02,0x00,
  0x04,0x45,0xD0,0x00,0x16,0x0C,0x02,0x00,0x03,0x49,0x68,0x00,0x16,0x0C,0x02,0x00,0x01,0x4C,0x68,0x00,0x16,0x0C,0x02,0x00,
  0x00,0x55,0xD0,0x00,0x7E,0x0C,0x02,0x00,0x03,0x49,0x68,0x00,0x7E,0x0C,0x02,0x00,0x01,0x4C,0x68,0x00,0xE6,0x0C,0x02,0x00,
  0x02,0x39,0xD1,0x00,0xE6,0x0C,0x02,0x00,0x04,0x45,0xD1,0x00,0xE6,0x0C,0x02,0x00,0x03,0x49,0x68,0x00,0xE6,0x0C,0x02,0x00,
  0x01,0x4C,0x68,0x00,0xE6,0x0C,0x02,0x00,0x00,0x51,0xD1,0x00,0x4E,0x0D,0x02,0x00,0x03,0x49,0x69,0x00,0x4E,0x0D,0x02,0x00,
  0x01,0x4C,0x69,0x00,0xB7,0x0D,0x02,0x00,0x02,0x39,0xD0,0x00,0xB7,0x0D,0x02,0x00,0x04,0x45,0xD0,0x00,0xB7,0x0D,0x02,0x00,
  0x00,0x4A,0x68,0x00,0xB7,0x0D,0x02,0x00,0x03,0x4E,0x68,0x00,0xB7,0x0D,0x02,0x00,0x01,0x56,0xD0,0x00,0x1F,0x0E,0x02,0x00,
  0x00,0x4A,0x68,0x00,0x1F,0x0E,0x02,0x00,0x03,0x4E,0x68,0x00,0x87,0x0E,0x02,0x00,0x02,0x39,0xD0,0x00,0x87,0x0E,0x02,0x00,
  0x04,0x45,0xD0,0x00,0x87,0x0E,0x02,0x00,0x00,0x4A,0x68,0x00,0x87,0x0E,0x02,0x00,0x03,0x4E,0x68,0x00,0x87,0x0E,0x02,0x00,
  0x01,0x51,0xD0,0x00,0xEF,0x0E,0x02,0x00,0x00,0x4A,0x68,0x00,0xEF,0x0E,0x02,0x00,0x03,0x4E,0x68,0x00,0x57,0x0F,0x02,0x00,
  0x02,0x39,0xD1,0x00,0x57,0x0F,0x02,0x00,0x04,0x45,0xD1,0x00,0x57,0x0F,0x02,0x00,0x03,0x49,0xD1,0x00,0x57,0x0F,0x02,0x00,
  0x01,0x4C,0xD1,0x00,0x57,0x0F,0x02,0x00,0x00,0x55,0xD1,0x00,0x28,0x10,0x02,0x00,0x00,0x2D,0xD0,0x00,0x28,0x10,0x02,0x00,
  0x02,0x39,0xD0,0x00,0x28,0x10,0x02,0x00,0x04,0x45,0xD0,0x00,0x28,0x10,0x02,0x00,0x01,0x45,0xD0,0x00,0xF8,0x10,0x02,0x00,
  0x00,0x2D,0xD0,0x00,0xF8,0x10,0x02,0x00,0x02,0x39,0xD0,0x00,0xF8,0x10,0x02,0x00,0x04,0x45,0xD0,0x00,0xF8,0x10,0x02,0x00,
  0x01,0x45,0xD0,0x00,0xC8,0x11,0x02,0x00,0x00,0x2D,0xD1,0x00,0xC8,0x11,0x02,0x00,0x02,0x39,0xD1,0x00,0xC8,0x11,0x02,0x00,
  0x04,0x45,0xD1,0x00,0xC8,0x11,0x02,0x00,0x01,0x45,0xD1,0x00,0x99,0x12,0x02,0x00,0x00,0x2D,0xA0,0x01,0x99,0x12,0x02,0x00,
  0x02,0x39,0xA0,0x01,0x99,0x12,0x02,0x00,0x04,0x45,0xA0,0x01,0x99,0x12,0x02,0x00,0x01,0x45,0xA0,0x01,0xDA,0x15,0x02,0x00,
  0x04,0x45,0x71,0x02,0xDA,0x15,0x02,0x00,0x01,0x51,0x71,0x02,0x4B,0x18,0x02,0x00,0x02,0x43,0x45,0x00,0x4B,0x18,0x02,0x00,
  0x04,0x4F,0x45,0x00,0x90,0x18,0x02,0x00,0x01,0x42,0x46,0x00,0x90,0x18,0x02,0x00,0x03,0x4E,0x46,0x00,0xD6,0x18,0x02,0x00,
  0x04,0x40,0x45,0x00,0xD6,0x18,0x02,0x00,0x01,0x4C,0x45,0x00,0x1B,0x19,0x02,0x00,0x02,0x3E,0xD1,0x00,0x1B,0x19,0x02,0x00,
  0x04,0x4A,0xD1,0x00,0xBC,0x1A,0x02,0x00,0x01,0x33,0xD0,0x00,0xBC,0x1A,0x02,0x00,0x02,0x42,0xD0,0x00,0xBC,0x1A,0x02,0x00,
  0x03,0x47,0xD0,0x00,0xBC,0x1A,0x02,0x00,0x04,0x53,0xD0,0x00,0x5D,0x1C,0x02,0x00,0x02,0x34,0xD0,0x00,0x5D,0x1C,0x02,0x00,
  0x04,0x3B,0xD0,0x00,0x5D,0x1C,0x02,0x00,0x03,0x43,0xD0,0x00,0x5D,0x1C,0x02,0x00,0x00,0x4F,0xD0,0x00,0xFD,0x1D,0x02,0x00,
  0x00,0x32,0xD1,0x00,0xFD,0x1D,0x02,0x00,0x04,0x40,0xD1,0x00,0xFD,0x1D,0x02,0x00,0x02,0x43,0xD1,0x00,0xFD,0x1D,0x02,0x00,
  0x01,0x4C,0xD1,0x00,0x9E,0x1F,0x02,0x00,0x04,0x31,0xD0,0x00,0x9E,0x1F,0x02,0x00,0x00,0x40,0xD0,0x00,0x9E,0x1F,0x02,0x00,
  0x01,0x45,0xD0,0x00,0x9E,0x1F,0x02,0x00,0x02,0x51,0xD0,0x00,0x3F,0x21,0x02,0x00,0x00,0x2D,0xD0,0x00,0x3F,0x21,0x02,0x00,
  0x01,0x3D,0xD0,0x00,0xDF,0x22,0x02,0x00,0x01,0x42,0x71,0x02,0xDF,0x22,0x02,0x00,0x03,0x4E,0x71,0x02,0x80,0x24,0x02,0x00,
  0x02,0x2E,0xA1,0x01,0x80,0x24,0x02,0x00,0x04,0x40,0xA1,0x01,0x50,0x25,0x02,0x00,0x00,0x40,0x46,0x00,0x50,0x25,0x02,0x00,
  0x01,0x4C,0x46,0x00,0x96,0x25,0x02,0x00,0x03,0x3E,0x45,0x00,0x96,0x25,0x02,0x00,0x00,0x4A,0x45,0x00,0xDB,0x25,0x02,0x00,
  0x01,0x3D,0x46,0x00,0xDB,0x25,0x02,0x00,0x03,0x49,0x46,0x00,0x21,0x26,0x02,0x00,0x02,0x2F,0xD0,0x00,0x21,0x26,0x02,0x00,
  0x04,0x3B,0xD0,0x00,0x21,0x26,0x02,0x00,0x03,0x3E,0xD0,0x00,0x21,0x26,0x02,0x00,0x01,0x47,0xD0,0x00,0xC1,0x27,0x02,0x00,
  0x03,0x2B,0xD1,0x00,0xC1,0x27,0x02,0x00,0x04,0x40,0xD1,0x00,0xC1,0x27,0x02,0x00,0x02,0x43,0xD1,0x00,0xC1,0x27,0x02,0x00,
  0x00,0x4F,0xD1,0x00,0x62,0x29,0x02,0x00,0x00,0x2D,0xA1,0x01,0x62,0x29,0x02,0x00,0x02,0x3E,0x41,0x03,0x62,0x29,0x02,0x00,
  0x01,0x42,0x41,0x03,0x62,0x29,0x02,0x00,0x03,0x4E,0x41,0x03,0x03,0x2B,0x02,0x00,0x04,0x39,0x71,0x02,0xA3,0x2C,0x02,0x00,
  0x01,0x3D,0xA1,0x01,0xA3,0x2C,0x02,0x00,0x00,0x40,0xA1,0x01,0xA3,0x2C,0x02,0x00,0x02,0x4C,0xA1,0x01,0x74,0x2D,0x02,0x00,
  0x03,0x38,0xD0,0x00,0x44,0x2E,0x02,0x00,0x00,0x37,0xD0,0x00,0x14,0x2F,0x02,0x00,0x02,0x34,0xD1,0x00,0xE5,0x2F,0x02,0x00,
  0x00,0x32,0xD0,0x00,0xE5,0x2F,0x02,0x00,0x04,0x45,0x71,0x02,0xB5,0x30,0x02,0x00,0x01,0x51,0xD0,0x00,0x85,0x31,0x02,0x00,
  0x02,0x34,0xD1,0x00,0x85,0x31,0x02,0x00,0x01,0x3D,0xA1,0x01,0x85,0x31,0x02,0x00,0x03,0x51,0xD1,0x00,0x56,0x32,0x02,0x00,
  0x02,0x43,0x45,0x00,0x56,0x32,0x02,0x00,0x03,0x51,0xD0,0x00,0x9B,0x32,0x02,0x00,0x02,0x42,0x45,0x00,0xE0,0x32,0x02,0x00,
  0x04,0x40,0x46,0x00,0x26,0x33,0x02,0x00,0x04,0x36,0xD0,0x00,0x26,0x33,0x02,0x00,0x02,0x3E,0xD0,0x00,0x26,0x33,0x02,0x00,
  0x03,0x3E,0xD0,0x00,0x26,0x33,0x02,0x00,0x01,0x51,0xD0,0x00,0xF6,0x33,0x02,0x00,0x01,0x51,0xD1,0x00,0xC7,0x34,0x02,0x00,
  0x01,0x33,0xD0,0x00,0xC7,0x34,0x02,0x00,0x02,0x42,0xD0,0x00,0xC7,0x34,0x02,0x00,0x03,0x47,0xD0,0x00,0xC7,0x34,0x02,0x00,
  0x04,0x51,0xD0,0x00,0x97,0x35,0x02,0x00,0x01,0x51,0xD0,0x00,0x67,0x36,0x02,0x00,0x02,0x34,0xD1,0x00,0x67,0x36,0x02,0x00,
  0x04,0x3B,0xD1,0x00,0x67,0x36,0x02,0x00,0x03,0x43,0xD1,0x00,0x67,0x36,0x02,0x00,0x01,0x51,0xD1,0x00,0x38,0x37,0x02,0x00,
  0x01,0x51,0xD0,0x00,0x08,0x38,0x02,0x00,0x00,0x32,0xD0,0x00,0x08,0x38,0x02,0x00,0x01,0x37,0xD0,0x00,0x08,0x38,0x02,0x00,
  0x04,0x40,0xD0,0x00,0x08,0x38,0x02,0x00,0x02,0x51,0xD0,0x00,0xD8,0x38,0x02,0x00,0x01,0x51,0xD1,0x00,0xA9,0x39,0x02,0x00,
  0x04,0x31,0xD0,0x00,0xA9,0x39,0x02,0x00,0x02,0x34,0xD0,0x00,0xA9,0x39,0x02,0x00,0x00,0x45,0xD0,0x00,0xA9,0x39,0x02,0x00,
  0x01,0x51,0xD0,0x00,0x79,0x3A,0x02,0x00,0x01,0x51,0xD0,0x00,0x49,0x3B,0x02,0x00,0x00,0x2D,0xD1,0x00,0x49,0x3B,0x02,0x00,
  0x04,0x40,0xD1,0x00,0x49,0x3B,0x02,0x00,0x02,0x43,0xD1,0x00,0x49,0x3B,0x02,0x00,0x03,0x53,0xD1,0x00,0x1A,0x3C,0x02,0x00,
  0x00,0x55,0xD0,0x00,0xEA,0x3C,0x02,0x00,0x02,0x2F,0xD0,0x00,0xEA,0x3C,0x02,0x00,0x04,0x40,0xD0,0x00,0xEA,0x3C,0x02,0x00,
  0x03,0x43,0xD0,0x00,0xEA,0x3C,0x02,0x00,0x00,0x55,0xD0,0x00,0xBA,0x3D,0x02,0x00,0x02,0x3E,0xD1,0x00,0xBA,0x3D,0x02,0x00,
  0x01,0x42,0xD1,0x00,0xBA,0x3D,0x02,0x00,0x03,0x56,0xD1,0x00,0x8B,0x3E,0x02,0x00,0x00,0x37,0xD0,0x00,0x5B,0x3F,0x02,0x00,
  0x04,0x4F,0xD0,0x00,0x5B,0x3F,0x02,0x00,0x03,0x53,0xD0,0x00,0x2B,0x40,0x02,0x00,0x02,0x39,0xD1,0x00,0x2B,0x40,0x02,0x00,
  0x04,0x4F,0xD1,0x00,0x2B,0x40,0x02,0x00,0x03,0x53,0xD1,0x00,0xFC,0x40,0x02,0x00,0x03,0x4E,0xD0,0x00,0xFC,0x40,0x02,0x00,
  0x01,0x51,0xD0,0x00,0xCC,0x41,0x02,0x00,0x00,0x2D,0xD0,0x00,0x9C,0x42,0x02,0x00,0x02,0x43,0xD1,0x00,0x9C,0x42,0x02,0x00,
  0x03,0x49,0xD1,0x00,0x6D,0x43,0x02,0x00,0x00,0x32,0xA0,0x01,0x6D,0x43,0x02,0x00,0x02,0x3E,0xD0,0x00,0x6D,0x43,0x02,0x00,
  0x01,0x42,0xD0,0x00,0x6D,0x43,0x02,0x00,0x04,0x4A,0xA0,0x01,0x3D,0x44,0x02,0x00,0x02,0x3E,0xD0,0x00,0x3D,0x44,0x02,0x00,
  0x01,0x42,0xD0,0x00,0x0D,0x45,0x02,0x00,0x04,0x40,0xD1,0x00,0x0D,0x45,0x02,0x00,0x02,0x43,0xD1,0x00,0xDE,0x45,0x02,0x00,
  0x04,0x40,0xD0,0x00,0xDE,0x45,0x02,0x00,0x02,0x43,0xD0,0x00,0xDE,0x45,0x02,0x00,0x01,0x51,0xD0,0x00,0xAE,0x46,0x02,0x00,
  0x01,0x42,0xD0,0x00,0xAE,0x46,0x02,0x00,0x04,0x45,0xD0,0x00,0xAE,0x46,0x02,0x00,0x02,0x56,0xD0,0x00,0x7E,0x47,0x02,0x00,
  0x01,0x42,0xD1,0x00,0x7E,0x47,0x02,0x00,0x04,0x45,0xD1,0x00,0x7E,0x47,0x02,0x00,0x00,0x55,0xD1,0x00,0x4F,0x48,0x02,0x00,
  0x02,0x3E,0xD0,0x00,0x4F,0x48,0x02,0x00,0x01,0x42,0xD0,0x00,0x4F,0x48,0x02,0x00,0x03,0x53,0xD0,0x00,0x1F,0x49,0x02,0x00,
  0x02,0x3E,0xD0,0x00,0x1F,0x49,0x02,0x00,0x01,0x42,0xD0,0x00,0x1F,0x49,0x02,0x00,0x03,0x51,0xD0,0x00,0xEF,0x49,0x02,0x00,
  0x00,0x2D,0xA1,0x01,0xEF,0x49,0x02,0x00,0x01,0x3D,0xD1,0x00,0xEF,0x49,0x02,0x00,0x04,0x40,0xD1,0x00,0xEF,0x49,0x02,0x00,
  0x03,0x53,0x46,0x00,0x35,0x4A,0x02,0x00,0x02,0x55,0x45,0x00,0x7A,0x4A,0x02,0x00,0x03,0x53,0x46,0x00,0xC0,0x4A,0x02,0x00,
  0x01,0x3D,0xD0,0x00,0xC0,0x4A,0x02,0x00,0x04,0x40,0xD0,0x00,0xC0,0x4A,0x02,0x00,0x02,0x51,0xD0,0x00,0x90,0x4B,0x02,0x00,
  0x02,0x3E,0xD0,0x00,0x90,0x4B,0x02,0x00,0x01,0x42,0xD0,0x00,0x60,0x4C,0x02,0x00,0x02,0x3E,0xD1,0x00,0x60,0x4C,0x02,0x00,
  0x01,0x42,0xD1,0x00,0x60,0x4C,0x02,0x00,0x03,0x51,0xD1,0x00,0x31,0x4D,0x02,0x00,0x04,0x40,0xD0,0x00,0x31,0x4D,0x02,0x00,
  0x02,0x43,0xD0,0x00,0x31,0x4D,0x02,0x00,0x01,0x51,0xD0,0x00,0x01,0x4E,0x02,0x00,0x04,0x40,0xD0,0x00,0x01,0x4E,0x02,0x00,
  0x02,0x43,0xD0,0x00,0x01,0x4E,0x02,0x00,0x01,0x51,0xD0,0x00,0xD1,0x4E,0x02,0x00,0x01,0x3D,0xD1,0x00,0xD1,0x4E,0x02,0x00,
  0x04,0x40,0xD1,0x00,0xD1,0x4E,0x02,0x00,0x02,0x51,0xD1,0x00,0xA2,0x4F,0x02,0x00,0x01,0x3D,0xD0,0x00,0xA2,0x4F,0x02,0x00,
  0x04,0x40,0xD0,0x00,0xA2,0x4F,0x02,0x00,0x02,0x51,0xD0,0x00,0x72,0x50,0x02,0x00,0x00,0x32,0xA1,0x01,0x72,0x50,0x02,0x00,
  0x02,0x3E,0xD0,0x00,0x72,0x50,0x02,0x00,0x01,0x42,0xD0,0x00,0x72,0x50,0x02,0x00,0x03,0x53,0x45,0x00,0xB7,0x50,0x02,0x00,
  0x03,0x55,0x46,0x00,0xFD,0x50,0x02,0x00,0x03,0x53,0x45,0x00,0x42,0x51,0x02,0x00,0x02,0x3E,0xD1,0x00,0x42,0x51,0x02,0x00,
  0x01,0x42,0xD1,0x00,0x42,0x51,0x02,0x00,0x03,0x51,0xD1,0x00,0x13,0x52,0x02,0x00,0x04,0x40,0xD0,0x00,0x13,0x52,0x02,0x00,
  0x02,0x43,0xD0,0x00,0xE3,0x52,0x02,0x00,0x04,0x40,0xD0,0x00,0xE3,0x52,0x02,0x00,0x02,0x43,0xD0,0x00,0xE3,0x52,0x02,0x00,
  0x01,0x51,0xD0,0x00,0xB3,0x53,0x02,0x00,0x01,0x42,0xD1,0x00,0xB3,0x53,0x02,0x00,0x04,0x45,0xD1,0x00,0xB3,0x53,0x02,0x00,
  0x02,0x56,0xD1,0x00,0x84,0x54,0x02,0x00,0x01,0x42,0xD0,0x00,0x84,0x54,0x02,0x00,0x04,0x45,0xD0,0x00,0x84,0x54,0x02,0x00,
  0x00,0x55,0xD0,0x00,0x54,0x55,0x02,0x00,0x02,0x3E,0xD0,0x00,0x54,0x55,0x02,0x00,0x01,0x42,0xD0,0x00,0x54,0x55,0x02,0x00,
  0x03,0x53,0xD0,0x00,0x24,0x56,0x02,0x00,0x02,0x3E,0xD1,0x00,0x24,0x56,0x02,0x00,0x01,0x42,0xD1,0x00,0x24,0x56,0x02,0x00,
  0x03,0x51,0xD1,0x00,0xF5,0x56,0x02,0x00,0x00,0x2D,0xA0,0x01,0xF5,0x56,0x02,0x00,0x01,0x3D,0xD0,0x00,0xF5,0x56,0x02,0x00,
  0x04,0x40,0xD0,0x00,0xF5,0x56,0x02,0x00,0x03,0x53,0x45,0x00,0x3A,0x57,0x02,0x00,0x02,0x55,0x45,0x00,0x7F,0x57,0x02,0x00,
  0x03,0x53,0x46,0x00,0xC5,0x57,0x02,0x00,0x01,0x3D,0xD0,0x00,0xC5,0x57,0x02,0x00,0x04,0x40,0xD0,0x00,0xC5,0x57,0x02,0x00,
  0x02,0x51,0xD0,0x00,0x95,0x58,0x02,0x00,0x02,0x3E,0xD1,0x00,0x95,0x58,0x02,0x00,0x01,0x42,0xD1,0x00,0x66,0x59,0x02,0x00,
  0x02,0x3E,0xD0,0x00,0x66,0x59,0x02,0x00,0x01,0x42,0xD0,0x00,0x66,0x59,0x02,0x00,0x03,0x51,0xD0,0x00,0x36,0x5A,0x02,0x00,
  0x04,0x40,0xD0,0x00,0x36,0x5A,0x02,0x00,0x02,0x43,0xD0,0x00,0x36,0x5A,0x02,0x00,0x01,0x51,0xD0,0x00,0x06,0x5B,0x02,0x00,
  0x04,0x40,0xD1,0x00,0x06,0x5B,0x02,0x00,0x02,0x43,0xD1,0x00,0x06,0x5B,0x02,0x00,0x01,0x51,0xD1,0x00,0xD7,0x5B,0x02,0x00,
  0x01,0x3D,0xD0,0x00,0xD7,0x5B,0x02,0x00,0x04,0x40,0xD0,0x00,0xD7,0x5B,0x02,0x00,0x02,0x51,0xD0,0x00,0xA7,0x5C,0x02,0x00,
  0x01,0x3D,0xD0,0x00,0xA7,0x5C,0x02,0x00,0x04,0x40,0xD0,0x00,0xA7,0x5C,0x02,0x00,0x02,0x51,0xD0,0x00,0x77,0x5D,0x02,0x00,
  0x02,0x3E,0xD1,0x00,0x77,0x5D,0x02,0x00,0x01,0x42,0xA1,0x01,0x77,0x5D,0x02,0x00,0x03,0x53,0x46,0x00,0xBD,0x5D,0x02,0x00,
  0x00,0x55,0x45,0x00,0x02,0x5E,0x02,0x00,0x03,0x53,0x46,0x00,0x48,0x5E,0x02,0x00,0x00,0x32,0xD0,0x00,0x48,0x5E,0x02,0x00,
  0x02,0x3E,0xD0,0x00,0x48,0x5E,0x02,0x00,0x03,0x51,0xD0,0x00,0x18,0x5F,0x02,0x00,0x04,0x36,0xD0,0x00,0x18,0x5F,0x02,0x00,
  0x01,0x42,0xD0,0x00,0xE8,0x5F,0x02,0x00,0x02,0x34,0xD1,0x00,0xE8,0x5F,0x02,0x00,0x04,0x40,0xD1,0x00,0xB9,0x60,0x02,0x00,
  0x01,0x33,0xD0,0x00,0xB9,0x60,0x02,0x00,0x03,0x3F,0xD0,0x00,0xB9,0x60,0x02,0x00,0x02,0x47,0x71,0x02,0xB9,0x60,0x02,0x00,
  0x04,0x47,0x41,0x03,0xB9,0x60,0x02,0x00,0x00,0x4E,0x41,0x03,0xB9,0x60,0x02,0x00,0x01,0x53,0x71,0x02,0x89,0x61,0x02,0x00,
  0x03,0x2F,0xD0,0x00,0x89,0x61,0x02,0x00,0x03,0x3B,0xD0,0x00,0x59,0x62,0x02,0x00,0x03,0x31,0xD1,0x00,0x59,0x62,0x02,0x00,
  0x02,0x3D,0xD1,0x00,0x2A,0x63,0x02,0x00,0x01,0x33,0xD0,0x00,0x2A,0x63,0x02,0x00,0x03,0x3F,0xD0,0x00,0x2A,0x63,0x02,0x00,
  0x02,0x51,0x45,0x00,0x6F,0x63,0x02,0x00,0x02,0x4F,0x45,0x00,0xB4,0x63,0x02,0x00,0x02,0x4E,0x46,0x00,0xFA,0x63,0x02,0x00,
  0x02,0x34,0xD0,0x00,0xFA,0x63,0x02,0x00,0x04,0x40,0xD0,0x00,0xFA,0x63,0x02,0x00,0x01,0x4C,0xA1,0x01,0xFA,0x63,0x02,0x00,
  0x00,0x4F,0xA1,0x01,0xCA,0x64,0x02,0x00,0x02,0x37,0xD1,0x00,0xCA,0x64,0x02,0x00,0x03,0x43,0xD1,0x00,0x9B,0x65,0x02,0x00,
  0x02,0x34,0xD0,0x00,0x9B,0x65,0x02,0x00,0x04,0x40,0xD0,0x00,0x6B,0x66,0x02,0x00,0x00,0x32,0xD0,0x00,0x6B,0x66,0x02,0x00,
  0x02,0x3E,0xD0,0x00,0x3B,0x67,0x02,0x00,0x04,0x31,0xD1,0x00,0x3B,0x67,0x02,0x00,0x01,0x3D,0xD1,0x00,0x3B,0x67,0x02,0x00,
  0x00,0x45,0x71,0x02,0x3B,0x67,0x02,0x00,0x02,0x45,0x42,0x03,0x3B,0x67,0x02,0x00,0x03,0x4C,0x42,0x03,0x3B,0x67,0x02,0x00,
  0x04,0x51,0x71,0x02,0x0C,0x68,0x02,0x00,0x01,0x2D,0xD0,0x00,0x0C,0x68,0x02,0x00,0x01,0x39,0xD0,0x00,0xDC,0x68,0x02,0x00,
  0x01,0x2F,0xD0,0x00,0xDC,0x68,0x02,0x00,0x00,0x3B,0xD0,0x00,0xAC,0x69,0x02,0x00,0x04,0x31,0xD1,0x00,0xAC,0x69,0x02,0x00,
  0x01,0x3D,0xD1,0x00,0xAC,0x69,0x02,0x00,0x00,0x4F,0x46,0x00,0xF2,0x69,0x02,0x00,0x00,0x4E,0x45,0x00,0x37,0x6A,0x02,0x00,
  0x00,0x4C,0x46,0x00,0x7D,0x6A,0x02,0x00,0x00,0x32,0xD0,0x00,0x7D,0x6A,0x02,0x00,0x02,0x3E,0xD0,0x00,0x7D,0x6A,0x02,0x00,
  0x04,0x4A,0xD0,0x00,0x7D,0x6A,0x02,0x00,0x03,0x4E,0xA0,0x01,0x4D,0x6B,0x02,0x00,0x00,0x32,0xD0,0x00,0x4D,0x6B,0x02,0x00,
  0x04,0x4A,0xD0,0x00,0x4D,0x6B,0x02,0x00,0x01,0x4E,0xD0,0x00,0x1D,0x6C,0x02,0x00,0x02,0x34,0xD1,0x00,0x1D,0x6C,0x02,0x00,
  0x04,0x4A,0xD1,0x00,0x1D,0x6C,0x02,0x00,0x00,0x4F,0xD1,0x00,0xEE,0x6C,0x02,0x00,0x04,0x36,0xD0,0x00,0xEE,0x6C,0x02,0x00,
  0x00,0x4A,0xD0,0x00,0xEE,0x6C,0x02,0x00,0x01,0x51,0xD0,0x00,0xBE,0x6D,0x02,0x00,0x00,0x37,0xD0,0x00,0xBE,0x6D,0x02,0x00,
  0x04,0x4A,0xD0,0x00,0xBE,0x6D,0x02,0x00,0x01,0x4F,0xD0,0x00,0xBE,0x6D,0x02,0x00,0x03,0x53,0xD0,0x00,0x8E,0x6E,0x02,0x00,
  0x00,0x37,0xD1,0x00,0x8E,0x6E,0x02,0x00,0x04,0x4A,0xD1,0x00,0x8E,0x6E,0x02,0x00,0x01,0x51,0x68,0x00,0x8E,0x6E,0x02,0x00,
  0x02,0x55,0x68,0x00,0xF6,0x6E,0x02,0x00,0x03,0x53,0x69,0x00,0xF6,0x6E,0x02,0x00,0x01,0x56,0x69,0x00,0x5F,0x6F,0x02,0x00,
  0x00,0x37,0xD0,0x00,0x5F,0x6F,0x02,0x00,0x04,0x4A,0xD0,0x00,0x5F,0x6F,0x02,0x00,0x01,0x51,0xD0,0x00,0x5F,0x6F,0x02,0x00,
  0x02,0x55,0xD0,0x00,0x2F,0x70,0x02,0x00,0x00,0x37,0xD0,0x00,0x2F,0x70,0x02,0x00,0x04,0x4A,0xD0,0x00,0x2F,0x70,0x02,0x00,
  0x01,0x4F,0xD0,0x00,0x2F,0x70,0x02,0x00,0x03,0x53,0xD0,0x00,0xFF,0x70,0x02,0x00,0x02,0x39,0xD1,0x00,0xFF,0x70,0x02,0x00,
  0x04,0x4A,0xD1,0x00,0xFF,0x70,0x02,0x00,0x00,0x4F,0xD1,0x00,0xFF,0x70,0x02,0x00,0x03,0x53,0xD1,0x00,0xD0,0x71,0x02,0x00,
  0x02,0x39,0xD0,0x00,0xD0,0x71,0x02,0x00,0x04,0x45,0xD0,0x00,0xD0,0x71,0x02,0x00,0x03,0x4E,0xD0,0x00,0xD0,0x71,0x02,0x00,
  0x01,0x51,0xD0,0x00,0xA0,0x72,0x02,0x00,0x02,0x39,0xD0,0x00,0xA0,0x72,0x02,0x00,0x04,0x45,0xD0,0x00,0xA0,0x72,0x02,0x00,
  0x00,0x4A,0xD0,0x00,0xA0,0x72,0x02,0x00,0x03,0x4E,0xD0,0x00,0x70,0x73,0x02,0x00,0x02,0x39,0xD1,0x00,0x70,0x73,0x02,0x00,
  0x04,0x45,0xD1,0x00,0x70,0x73,0x02,0x00,0x03,0x4E,0xD1,0x00,0x70,0x73,0x02,0x00,0x01,0x51,0xD1,0x00,0x41,0x74,0x02,0x00,
  0x00,0x2D,0xD0,0x00,0x41,0x74,0x02,0x00,0x04,0x45,0xD0,0x00,0x41,0x74,0x02,0x00,0x03,0x4E,0xD0,0x00,0x41,0x74,0x02,0x00,
  0x01,0x51,0xD0,0x00,0x11,0x75,0x02,0x00,0x00,0x2D,0xD0,0x00,0x11,0x75,0x02,0x00,0x04,0x45,0xD0,0x00,0x11,0x75,0x02,0x00,
  0x01,0x4C,0xD0,0x00,0x11,0x75,0x02,0x00,0x02,0x4F,0xD0,0x00,0xE1,0x75,0x02,0x00,0x00,0x2D,0xD1,0x00,0xE1,0x75,0x02,0x00,
  0x04,0x45,0xD1,0x00,0xE1,0x75,0x02,0x00,0x01,0x4A,0xD1,0x00,0xE1,0x75,0x02,0x00,0x03,0x4E,0xD1,0x00,0xB2,0x76,0x02,0x00,
  0x00,0x2D,0xD0,0x00,0xB2,0x76,0x02,0x00,0x02,0x43,0xD0,0x00,0xB2,0x76,0x02,0x00,0x03,0x49,0xD0,0x00,0xB2,0x76,0x02,0x00,
  0x01,0x4C,0xD0,0x00,0x82,0x77,0x02,0x00,0x00,0x32,0xA1,0x01,0x82,0x77,0x02,0x00,0x01,0x42,0xD0,0x00,0x82,0x77,0x02,0x00,
  0x04,0x4A,0xD0,0x00,0x82,0x77,0x02,0x00,0x02,0x4A,0xA1,0x01,0x52,0x78,0x02,0x00,0x03,0x3E,0xD1,0x00,0x52,0x78,0x02,0x00,
  0x01,0x42,0xD1,0x00,0x23,0x79,0x02,0x00,0x04,0x40,0xD0,0x00,0x23,0x79,0x02,0x00,0x02,0x43,0xD0,0x00,0xF3,0x79,0x02,0x00,
  0x04,0x40,0xD0,0x00,0xF3,0x79,0x02,0x00,0x02,0x43,0xD0,0x00,0xF3,0x79,0x02,0x00,0x01,0x51,0xD0,0x00,0xC3,0x7A,0x02,0x00,
  0x01,0x42,0xD1,0x00,0xC3,0x7A,0x02,0x00,0x04,0x45,0xD1,0x00,0xC3,0x7A,0x02,0x00,0x02,0x56,0xD1,0x00,0x94,0x7B,0x02,0x00,
  0x01,0x42,0xD0,0x00,0x94,0x7B,0x02,0x00,0x04,0x45,0xD0,0x00,0x94,0x7B,0x02,0x00,0x00,0x55,0xD0,0x00,0x64,0x7C,0x02,0x00,
  0x02,0x3E,0xD0,0x00,0x64,0x7C,0x02,0x00,0x01,0x42,0xD0,0x00,0x64,0x7C,0x02,0x00,0x03,0x53,0xD0,0x00,0x34,0x7D,0x02,0x00,
  0x02,0x3E,0xD1,0x00,0x34,0x7D,0x02,0x00,0x01,0x42,0xD1,0x00,0x34,0x7D,0x02,0x00,0x03,0x51,0xD1,0x00,0x05,0x7E,0x02,0x00,
  0x00,0x2D,0xA0,0x01,0x05,0x7E,0x02,0x00,0x01,0x3D,0xD0,0x00,0x05,0x7E,0x02,0x00,0x04,0x40,0xD0,0x00,0x05,0x7E,0x02,0x00,
  0x03,0x53,0x45,0x00,0x4A,0x7E,0x02,0x00,0x02,0x55,0x45,0x00,0x8F,0x7E,0x02,0x00,0x03,0x53,0x46,0x00,0xD5,0x7E,0x02,0x00,
  0x01,0x3D,0xD0,0x00,0xD5,0x7E,0x02,0x00,0x04,0x40,0xD0,0x00,0xD5,0x7E,0x02,0x00,0x02,0x51,0xD0,0x00,0xA5,0x7F,0x02,0x00,
  0x02,0x3E,0xD1,0x00,0xA5,0x7F,0x02,0x00,0x01,0x42,0xD1,0x00,0x76,0x80,0x02,0x00,0x02,0x3E,0xD0,0x00,0x76,0x80,0x02,0x00,
  0x01,0x42,0xD0,0x00,0x76,0x80,0x02,0x00,0x03,0x51,0xD0,0x00,0x46,0x81,0x02,0x00,0x04,0x40,0xD0,0x00,0x46,0x81,0x02,0x00,
  0x02,0x43,0xD0,0x00,0x46,0x81,0x02,0x00,0x01,0x51,0xD0,0x00,0x16,0x82,0x02,0x00,0x04,0x40,0xD1,0x00,0x16,0x82,0x02,0x00,
  0x02,0x43,0xD1,0x00,0x16,0x82,0x02,0x00,0x01,0x51,0xD1,0x00,0xE7,0x82,0x02,0x00,0x01,0x3D,0xD0,0x00,0xE7,0x82,0x02,0x00,
  0x04,0x40,0xD0,0x00,0xE7,0x82,0x02,0x00,0x02,0x51,0xD0,0x00,0xB7,0x83,0x02,0x00,0x01,0x3D,0xD0,0x00,0xB7,0x83,0x02,0x00,
  0x04,0x40,0xD0,0x00,0xB7,0x83,0x02,0x00,0x02,0x51,0xD0,0x00,0x87,0x84,0x02,0x00,0x00,0x32,0xA1,0x01,0x87,0x84,0x02,0x00,
  0x02,0x3E,0xD1,0x00,0x87,0x84,0x02,0x00,0x01,0x42,0xD1,0x00,0x87,0x84,0x02,0x00,0x03,0x53,0x46,0x00,0xCD,0x84,0x02,0x00,
  0x03,0x55,0x45,0x00,0x12,0x85,0x02,0x00,0x03,0x53,0x46,0x00,0x58,0x85,0x02,0x00,0x02,0x3E,0xD0,0x00,0x58,0x85,0x02,0x00,
  0x01,0x42,0xD0,0x00,0x58,0x85,0x02,0x00,0x03,0x51,0xD0,0x00,0x28,0x86,0x02,0x00,0x04,0x40,0xD0,0x00,0x28,0x86,0x02,0x00,
  0x02,0x43,0xD0,0x00,0xF8,0x86,0x02,0x00,0x04,0x40,0xD1,0x00,0xF8,0x86,0x02,0x00,0x02,0x43,0xD1,0x00,0xF8,0x86,0x02,0x00,
  0x01,0x51,0xD1,0x00,0xC9,0x87,0x02,0x00,0x01,0x42,0xD0,0x00,0xC9,0x87,0x02,0x00,0x04,0x45,0xD0,0x00,0xC9,0x87,0x02,0x00,
  0x02,0x56,0xD0,0x00,0x99,0x88,0x02,0x00,0x01,0x42,0xD0,0x00,0x99,0x88,0x02,0x00,0x04,0x45,0xD0,0x00,0x99,0x88,0x02,0x00,
  0x00,0x55,0xD0,0x00,0x69,0x89,0x02,0x00,0x02,0x3E,0xD1,0x00,0x69,0x89,0x02,0x00,0x01,0x42,0xD1,0x00,0x69,0x89,0x02,0x00,
  0x03,0x53,0xD1,0x00,0x3A,0x8A,0x02,0x00,0x02,0x3E,0xD0,0x00,0x3A,0x8A,0x02,0x00,0x01,0x42,0xD0,0x00,0x3A,0x8A,0x02,0x00,
  0x03,0x51,0xD0,0x00,0x0A,0x8B,0x02,0x00,0x00,0x2D,0xA1,0x01,0x0A,0x8B,0x02,0x00,0x01,0x3D,0xD0,0x00,0x0A,0x8B,0x02,0x00,
  0x04,0x40,0xD0,0x00,0x0A,0x8B,0x02,0x00,0x03,0x53,0x45,0x00,0x4F,0x8B,0x02,0x00,0x02,0x55,0x46,0x00,0x95,0x8B,0x02,0x00,
  0x03,0x53,0x45,0x00,0xDA,0x8B,0x02,0x00,0x01,0x3D,0xD1,0x00,0xDA,0x8B,0x02,0x00,0x04,0x40,0xD1,0x00,0xDA,0x8B,0x02,0x00,
  0x02,0x51,0xD1,0x00,0xAB,0x8C,0x02,0x00,0x02,0x3E,0xD0,0x00,0xAB,0x8C,0x02,0x00,0x01,0x42,0xD0,0x00,0x7B,0x8D,0x02,0x00,
  0x02,0x3E,0xD0,0x00,0x7B,0x8D,0x02,0x00,0x01,0x42,0xD0,0x00,0x7B,0x8D,0x02,0x00,0x03,0x51,0xD0,0x00,0x4B,0x8E,0x02,0x00,
  0x04,0x40,0xD1,0x00,0x4B,0x8E,0x02,0x00,0x02,0x43,0xD1,0x00,0x4B,0x8E,0x02,0x00,0x01,0x51,0xD1,0x00,0x1C,0x8F,0x02,0x00,
  0x04,0x40,0xD0,0x00,0x1C,0x8F,0x02,0x00,0x02,0x43,0xD0,0x00,0x1C,0x8F,0x02,0x00,0x01,0x51,0xD0,0x00,0xEC,0x8F,0x02,0x00,
  0x01,0x3D,0xD0,0x00,0xEC,0x8F,0x02,0x00,0x04,0x40,0xD0,0x00,0xEC,0x8F,0x02,0x00,0x02,0x51,0xD0,0x00,0xBC,0x90,0x02,0x00,
  0x01,0x3D,0xD1,0x00,0xBC,0x90,0x02,0x00,0x04,0x40,0xD1,0x00,0xBC,0x90,0x02,0x00,0x02,0x51,0xD1,0x00,0x8D,0x91,0x02,0x00,
  0x02,0x3E,0xD0,0x00,0x8D,0x91,0x02,0x00,0x01,0x42,0xA0,0x01,0x8D,0x91,0x02,0x00,0x03,0x53,0x45,0x00,0xD2,0x91,0x02,0x00,
  0x00,0x55,0x45,0x00,0x17,0x92,0x02,0x00,0x03,0x53,0x46,0x00,0x5D,0x92,0x02,0x00,0x00,0x32,0xD0,0x00,0x5D,0x92,0x02,0x00,
  0x02,0x3E,0xD0,0x00,0x5D,0x92,0x02,0x00,0x03,0x51,0xD0,0x00,0x2D,0x93,0x02,0x00,0x04,0x36,0xD1,0x00,0x2D,0x93,0x02,0x00,
  0x01,0x42,0xD1,0x00,0xFE,0x93,0x02,0x00,0x02,0x34,0xD0,0x00,0xFE,0x93,0x02,0x00,0x04,0x40,0xD0,0x00,0xCE,0x94,0x02,0x00,
  0x01,0x33,0xD0,0x00,0xCE,0x94,0x02,0x00,0x03,0x3F,0xD0,0x00,0xCE,0x94,0x02,0x00,0x02,0x47,0x71,0x02,0xCE,0x94,0x02,0x00,
  0x04,0x47,0x41,0x03,0xCE,0x94,0x02,0x00,0x00,0x4E,0x41,0x03,0xCE,0x94,0x02,0x00,0x01,0x53,0x71,0x02,0x9E,0x95,0x02,0x00,
  0x03,0x2F,0xD1,0x00,0x9E,0x95,0x02,0x00,0x03,0x3B,0xD1,0x00,0x6F,0x96,0x02,0x00,0x03,0x31,0xD0,0x00,0x6F,0x96,0x02,0x00,
  0x02,0x3D,0xD0,0x00,0x3F,0x97,0x02,0x00,0x01,0x33,0xD0,0x00,0x3F,0x97,0x02,0x00,0x03,0x3F,0xD0,0x00,0x3F,0x97,0x02,0x00,
  0x02,0x51,0x45,0x00,0x84,0x97,0x02,0x00,0x02,0x4F,0x46,0x00,0xCA,0x97,0x02,0x00,0x02,0x4E,0x45,0x00,0x0F,0x98,0x02,0x00,
  0x02,0x34,0xD1,0x00,0x0F,0x98,0x02,0x00,0x04,0x40,0xD1,0x00,0x0F,0x98,0x02,0x00,0x01,0x4C,0xA1,0x01,0x0F,0x98,0x02,0x00,
  0x00,0x4F,0xA1,0x01,0xE0,0x98,0x02,0x00,0x02,0x37,0xD0,0x00,0xE0,0x98,0x02,0x00,0x03,0x43,0xD0,0x00,0xB0,0x99,0x02,0x00,
  0x02,0x34,0xD0,0x00,0xB0,0x99,0x02,0x00,0x04,0x40,0xD0,0x00,0x80,0x9A,0x02,0x00,0x00,0x32,0xD1,0x00,0x80,0x9A,0x02,0x00,
  0x02,0x3E,0xD1,0x00,0x51,0x9B,0x02,0x00,0x04,0x31,0xD0,0x00,0x51,0x9B,0x02,0x00,0x01,0x3D,0xD0,0x00,0x51,0x9B,0x02,0x00,
  0x00,0x45,0x71,0x02,0x51,0x9B,0x02,0x00,0x02,0x45,0x41,0x03,0x51,0x9B,0x02,0x00,0x03,0x4C,0x41,0x03,0x51,0x9B,0x02,0x00,
  0x04,0x51,0x71,0x02,0x21,0x9C,0x02,0x00,0x01,0x2D,0xD0,0x00,0x21,0x9C,0x02,0x00,0x01,0x39,0xD0,0x00,0xF1,0x9C,0x02,0x00,
  0x01,0x2F,0xD1,0x00,0xF1,0x9C,0x02,0x00,0x00,0x3B,0xD1,0x00,0xC2,0x9D,0x02,0x00,0x04,0x31,0xD0,0x00,0xC2,0x9D,0x02,0x00,
  0x01,0x3D,0xD0,0x00,0xC2,0x9D,0x02,0x00,0x00,0x4F,0x45,0x00,0x07,0x9E,0x02,0x00,0x00,0x4E,0x45,0x00,0x4C,0x9E,0x02,0x00,
  0x00,0x4C,0x46,0x00,0x92,0x9E,0x02,0x00,0x00,0x32,0xD0,0x00,0x92,0x9E,0x02,0x00,0x02,0x3E,0xD0,0x00,0x92,0x9E,0x02,0x00,
  0x04,0x4A,0xD0,0x00,0x92,0x9E,0x02,0x00,0x03,0x4E,0xA1,0x01,0x62,0x9F,0x02,0x00,0x00,0x32,0xD1,0x00,0x62,0x9F,0x02,0x00,
  0x04,0x4A,0xD1,0x00,0x62,0x9F,0x02,0x00,0x01,0x4E,0xD1,0x00,0x33,0xA0,0x02,0x00,0x02,0x34,0xD0,0x00,0x33,0xA0,0x02,0x00,
  0x04,0x4A,0xD0,0x00,0x33,0xA0,0x02,0x00,0x00,0x4F,0xD0,0x00,0x03,0xA1,0x02,0x00,0x04,0x36,0xD0,0x00,0x03,0xA1,0x02,0x00,
  0x00,0x4A,0xD0,0x00,0x03,0xA1,0x02,0x00,0x01,0x51,0xD0,0x00,0xD3,0xA1,0x02,0x00,0x00,0x37,0xD1,0x00,0xD3,0xA1,0x02,0x00,
  0x04,0x4A,0xD1,0x00,0xD3,0xA1,0x02,0x00,0x01,0x4F,0xD1,0x00,0xD3,0xA1,0x02,0x00,0x03,0x53,0xD1,0x00,0xA4,0xA2,0x02,0x00,
  0x00,0x37,0xD0,0x00,0xA4,0xA2,0x02,0x00,0x04,0x4A,0xD0,0x00,0xA4,0xA2,0x02,0x00,0x01,0x51,0x68,0x00,0xA4,0xA2,0x02,0x00,
  0x02,0x55,0x68,0x00,0x0C,0xA3,0x02,0x00,0x03,0x53,0x68,0x00,0x0C,0xA3,0x02,0x00,0x01,0x56,0x68,0x00,0x74,0xA3,0x02,0x00,
  0x00,0x37,0xD0,0x00,0x74,0xA3,0x02,0x00,0x04,0x4A,0xD0,0x00,0x74,0xA3,0x02,0x00,0x01,0x51,0xD0,0x00,0x74,0xA3,0x02,0x00,
  0x02,0x55,0xD0,0x00,0x44,0xA4,0x02,0x00,0x00,0x37,0xD1,0x00,0x44,0xA4,0x02,0x00,0x04,0x4A,0xD1,0x00,0x44,0xA4,0x02,0x00,
  0x01,0x4F,0xD1,0x00,0x44,0xA4,0x02,0x00,0x03,0x53,0xD1,0x00,0x15,0xA5,0x02,0x00,0x02,0x39,0xD0,0x00,0x15,0xA5,0x02,0x00,
  0x04,0x4A,0xD0,0x00,0x15,0xA5,0x02,0x00,0x00,0x4F,0xD0,0x00,0x15,0xA5,0x02,0x00,0x03,0x53,0xD0,0x00,0xE5,0xA5,0x02,0x00,
  0x02,0x39,0xD0,0x00,0xE5,0xA5,0x02,0x00,0x04,0x45,0xD0,0x00,0xE5,0xA5,0x02,0x00,0x03,0x4E,0xD0,0x00,0xE5,0xA5,0x02,0x00,
  0x01,0x51,0xD0,0x00,0xB5,0xA6,0x02,0x00,0x02,0x39,0xD1,0x00,0xB5,0xA6,0x02,0x00,0x04,0x45,0xD1,0x00,0xB5,0xA6,0x02,0x00,
  0x00,0x4A,0xD1,0x00,0xB5,0xA6,0x02,0x00,0x03,0x4E,0xD1,0x00,0x86,0xA7,0x02,0x00,0x02,0x39,0xD0,0x00,0x86,0xA7,0x02,0x00,
  0x04,0x45,0xD0,0x00,0x86,0xA7,0x02,0x00,0x03,0x4E,0xD0,0x00,0x86,0xA7,0x02,0x00,0x01,0x51,0xD0,0x00,0x56,0xA8,0x02,0x00,
  0x00,0x2D,0xD0,0x00,0x56,0xA8,0x02,0x00,0x04,0x45,0xD0,0x00,0x56,0xA8,0x02,0x00,0x03,0x4E,0xD0,0x00,0x56,0xA8,0x02,0x00,
  0x01,0x51,0xD0,0x00,0x26,0xA9,0x02,0x00,0x00,0x2D,0xD1,0x00,0x26,0xA9,0x02,0x00,0x04,0x45,0xD1,0x00,0x26,0xA9,0x02,0x00,
  0x01,0x4C,0xD1,0x00,0x26,0xA9,0x02,0x00,0x02,0x4F,0xD1,0x00,0xF7,0xA9,0x02,0x00,0x00,0x2D,0xD0,0x00,0xF7,0xA9,0x02,0x00,
  0x04,0x45,0xD0,0x00,0xF7,0xA9,0x02,0x00,0x01,0x4A,0xD0,0x00,0xF7,0xA9,0x02,0x00,0x03,0x4E,0xD0,0x00,0xC7,0xAA,0x02,0x00,
  0x00,0x2D,0xD0,0x00,0xC7,0xAA,0x02,0x00,0x02,0x43,0xD0,0x00,0xC7,0xAA,0x02,0x00,0x03,0x49,0xD0,0x00,0xC7,0xAA,0x02,0x00,
  0x01,0x4C,0xD0,0x00,0x97,0xAB,0x02,0x00,0x00,0x32,0xD1,0x00,0x97,0xAB,0x02,0x00,0x01,0x42,0xD1,0x00,0x97,0xAB,0x02,0x00,
  0x04,0x4A,0xD1,0x00,0x97,0xAB,0x02,0x00,0x02,0x4A,0xD1,0x00,0x68,0xAC,0x02,0x00,0x00,0x2D,0xD0,0x00,0x68,0xAC,0x02,0x00,
  0x02,0x39,0xD0,0x00,0x68,0xAC,0x02,0x00,0x04,0x45,0xD0,0x00,0x68,0xAC,0x02,0x00,0x01,0x45,0xD0,0x00,0x38,0xAD,0x02,0x00,
  0x02,0x2F,0xD0,0x00,0x38,0xAD,0x02,0x00,0x04,0x3B,0xD0,0x00,0x38,0xAD,0x02,0x00,0x01,0x47,0xD0,0x00,0x38,0xAD,0x02,0x00,
  0x03,0x47,0xD0,0x00,0x08,0xAE,0x02,0x00,0x04,0x31,0xD1,0x00,0x08,0xAE,0x02,0x00,0x01,0x3D,0xD1,0x00,0x08,0xAE,0x02,0x00,
  0x03,0x49,0xD1,0x00,0x08,0xAE,0x02,0x00,0x00,0x49,0xD1,0x00,0xD9,0xAE,0x02,0x00,0x00,0x32,0xD0,0x00,0xD9,0xAE,0x02,0x00,
  0x02,0x3E,0xD0,0x00,0xD9,0xAE,0x02,0x00,0x04,0x4A,0xD0,0x00,0xD9,0xAE,0x02,0x00,0x01,0x4A,0xD0,0x00,0xA9,0xAF,0x02,0x00,
  0x00,0x32,0xD0,0x00,0xA9,0xAF,0x02,0x00,0x02,0x3E,0xD0,0x00,0xA9,0xAF,0x02,0x00,0x04,0x4A,0xD0,0x00,0xA9,0xAF,0x02,0x00,
  0x01,0x4A,0xD0,0x00,0x79,0xB0,0x02,0x00,0x02,0x34,0xD1,0x00,0x79,0xB0,0x02,0x00,0x04,0x40,0xD1,0x00,0x79,0xB0,0x02,0x00,
  0x01,0x4C,0x46,0x00,0x79,0xB0,0x02,0x00,0x03,0x4C,0x46,0x00,0xBF,0xB0,0x02,0x00,0x03,0x4E,0x45,0x00,0xBF,0xB0,0x02,0x00,
  0x00,0x4E,0x45,0x00,0x04,0xB1,0x02,0x00,0x01,0x4C,0x46,0x00,0x04,0xB1,0x02,0x00,0x03,0x4C,0x46,0x00,0x4A,0xB1,0x02,0x00,
  0x02,0x34,0xD0,0x00,0x4A,0xB1,0x02,0x00,0x04,0x40,0xD0,0x00,0x4A,0xB1,0x02,0x00,0x00,0x4A,0x68,0x00,0x4A,0xB1,0x02,0x00,
  0x01,0x4A,0x68,0x00,0xB2,0xB1,0x02,0x00,0x01,0x4C,0x68,0x00,0xB2,0xB1,0x02,0x00,0x03,0x4C,0x68,0x00,0x1A,0xB2,0x02,0x00,
  0x04,0x36,0xD0,0x00,0x1A,0xB2,0x02,0x00,0x01,0x42,0xD0,0x00,0x1A,0xB2,0x02,0x00,0x03,0x4E,0xD0,0x00,0x1A,0xB2,0x02,0x00,
  0x00,0x4E,0xD0,0x00,0xEA,0xB2,0x02,0x00,0x04,0x31,0xD1,0x00,0xEA,0xB2,0x02,0x00,0x01,0x3D,0xD1,0x00,0xEA,0xB2,0x02,0x00,
  0x03,0x49,0xD1,0x00,0xEA,0xB2,0x02,0x00,0x00,0x49,0xD1,0x00,0xBB,0xB3,0x02,0x00,0x00,0x32,0xD0,0x00,0xBB,0xB3,0x02,0x00,
  0x02,0x3E,0xD0,0x00,0xBB,0xB3,0x02,0x00,0x04,0x4A,0xD0,0x00,0xBB,0xB3,0x02,0x00,0x01,0x4A,0xD0,0x00,0x8B,0xB4,0x02,0x00,
  0x02,0x34,0xD0,0x00,0x8B,0xB4,0x02,0x00,0x04,0x40,0xD0,0x00,0x8B,0xB4,0x02,0x00,0x01,0x4C,0xD0,0x00,0x8B,0xB4,0x02,0x00,
  0x03,0x4C,0xD0,0x00,0x5B,0xB5,0x02,0x00,0x04,0x36,0xD1,0x00,0x5B,0xB5,0x02,0x00,0x01,0x42,0xD1,0x00,0x5B,0xB5,0x02,0x00,
  0x03,0x4E,0xD1,0x00,0x5B,0xB5,0x02,0x00,0x00,0x4E,0xD1,0x00,0x2C,0xB6,0x02,0x00,0x04,0x36,0xD0,0x00,0x2C,0xB6,0x02,0x00,
  0x01,0x42,0xD0,0x00,0x2C,0xB6,0x02,0x00,0x03,0x4E,0xD0,0x00,0x2C,0xB6,0x02,0x00,0x00,0x4E,0xD0,0x00,0xFC,0xB6,0x02,0x00,
  0x00,0x37,0xD0,0x00,0xFC,0xB6,0x02,0x00,0x02,0x43,0xD0,0x00,0xFC,0xB6,0x02,0x00,0x04,0x4F,0x45,0x00,0xFC,0xB6,0x02,0x00,
  0x01,0x4F,0x45,0x00,0x41,0xB7,0x02,0x00,0x01,0x51,0x46,0x00,0x41,0xB7,0x02,0x00,0x03,0x51,0x46,0x00,0x87,0xB7,0x02,0x00,
  0x04,0x4F,0x45,0x00,0x87,0xB7,0x02,0x00,0x01,0x4F,0x45,0x00,0xCC,0xB7,0x02,0x00,0x00,0x37,0xD1,0x00,0xCC,0xB7,0x02,0x00,
  0x02,0x43,0xD1,0x00,0xCC,0xB7,0x02,0x00,0x03,0x4E,0x68,0x00,0xCC,0xB7,0x02,0x00,0x04,0x4E,0x68,0x00,0x34,0xB8,0x02,0x00,
  0x04,0x4F,0x69,0x00,0x34,0xB8,0x02,0x00,0x01,0x4F,0x69,0x00,0x9D,0xB8,0x02,0x00,0x02,0x39,0xD0,0x00,0x9D,0xB8,0x02,0x00,
  0x04,0x45,0xD0,0x00,0x9D,0xB8,0x02,0x00,0x01,0x51,0xD0,0x00,0x9D,0xB8,0x02,0x00,0x03,0x51,0xD0,0x00,0x6D,0xB9,0x02,0x00,
  0x02,0x39,0xD0,0x00,0x6D,0xB9,0x02,0x00,0x04,0x45,0xD0,0x00,0x6D,0xB9,0x02,0x00,0x01,0x51,0xD0,0x00,0x6D,0xB9,0x02,0x00,
  0x03,0x51,0xD0,0x00,0x3D,0xBA,0x02,0x00,0x03,0x3A,0xD1,0x00,0x3D,0xBA,0x02,0x00,0x00,0x46,0xD1,0x00,0x3D,0xBA,0x02,0x00,
  0x02,0x52,0x46,0x00,0x3D,0xBA,0x02,0x00,0x04,0x52,0x46,0x00,0x83,0xBA,0x02,0x00,0x04,0x53,0x45,0x00,0x83,0xBA,0x02,0x00,
  0x01,0x53,0x45,0x00,0xC8,0xBA,0x02,0x00,0x02,0x52,0x46,0x00,0xC8,0xBA,0x02,0x00,0x04,0x52,0x46,0x00,0x0E,0xBB,0x02,0x00,
  0x03,0x3A,0xD0,0x00,0x0E,0xBB,0x02,0x00,0x00,0x46,0xD0,0x00,0x0E,0xBB,0x02,0x00,0x01,0x50,0x68,0x00,0x0E,0xBB,0x02,0x00,
  0x02,0x50,0x68,0x00,0x76,0xBB,0x02,0x00,0x02,0x52,0x68,0x00,0x76,0xBB,0x02,0x00,0x04,0x52,0x68,0x00,0xDE,0xBB,0x02,0x00,
  0x04,0x3B,0xA1,0x01,0xDE,0xBB,0x02,0x00,0x01,0x47,0xA1,0x01,0xDE,0xBB,0x02,0x00,0x03,0x53,0xA1,0x01,0xDE,0xBB,0x02,0x00,
  0x00,0x53,0xA1,0x01,0x1F,0xBF,0x02,0x00,0x00,0x37,0x42,0x03,0x1F,0xBF,0x02,0x00,0x04,0x40,0xE2,0x04,0x1F,0xBF,0x02,0x00,
  0x02,0x43,0x83,0x06,0x1F,0xBF,0x02,0x00,0x01,0x47,0x71,0x02,0x90,0xC1,0x02,0x00,0x01,0x4C,0xD1,0x00,0x61,0xC2,0x02,0x00,
  0x03,0x39,0x41,0x03,0x61,0xC2,0x02,0x00,0x00,0x4A,0xD0,0x00,0x31,0xC3,0x02,0x00,0x00,0x49,0xD0,0x00,0x01,0xC4,0x02,0x00,
  0x04,0x3E,0xD1,0x00,0x01,0xC4,0x02,0x00,0x01,0x47,0xD1,0x00,0xD2,0xC4,0x02,0x00,0x01,0x3D,0xD0,0x00,0xD2,0xC4,0x02,0x00,
  0x04,0x45,0xD0,0x00,0xA2,0xC5,0x02,0x00,0x00,0x32,0xD0,0x00,0xA2,0xC5,0x02,0x00,0x02,0x3E,0xD0,0x00,0xA2,0xC5,0x02,0x00,
  0x01,0x42,0xD0,0x00,0xA2,0xC5,0x02,0x00,0x04,0x4A,0xD0,0x00,0x43,0xC7,0x02,0x00,0x00,0x32,0xD0,0x00,0x43,0xC7,0x02,0x00,
  0x02,0x3E,0xD0,0x00,0x43,0xC7,0x02,0x00,0x04,0x45,0xD0,0x00,0x43,0xC7,0x02,0x00,0x03,0x4E,0xD0,0x00,0xE3,0xC8,0x02,0x00,
  0x00,0x32,0xD1,0x00,0xE3,0xC8,0x02,0x00,0x02,0x3E,0xD1,0x00,0xE3,0xC8,0x02,0x00,0x01,0x42,0xD1,0x00,0xE3,0xC8,0x02,0x00,
  0x04,0x4A,0xD1,0x00,0x25,0xCC,0x02,0x00,0x00,0x32,0xA0,0x01,0x25,0xCC,0x02,0x00,0x02,0x3E,0xA0,0x01,0x25,0xCC,0x02,0x00,
  0x03,0x3E,0xA0,0x01,0x25,0xCC,0x02,0x00,0x04,0x3E,0xA0,0x01,0x25,0xCC,0x02,0x00,0x01,0x4A,0xA0,0x01,0x25,0xCC,0x02,0x00,
  0x00,0x4A,0xA0,0x01,0x96,0xCE,0x02,0x00,0x00,0x2D,0xD0,0x00,0x96,0xCE,0x02,0x00,0x02,0x39,0xD0,0x00,0x96,0xCE,0x02,0x00,
  0x04,0x45,0xD0,0x00,0x96,0xCE,0x02,0x00,0x01,0x45,0xD0,0x00,0x66,0xCF,0x02,0x00,0x00,0x32,0xA1,0x01,0x66,0xCF,0x02,0x00,
  0x02,0x3E,0xA1,0x01,0x66,0xCF,0x02,0x00,0x04,0x4A,0xA1,0x01,0x66,0xCF,0x02,0x00,0x01,0x4A,0xA1,0x01,0xD7,0xD1,0x02,0x00,
  0x00,0x2D,0xD0,0x00,0xD7,0xD1,0x02,0x00,0x02,0x39,0xD0,0x00,0xD7,0xD1,0x02,0x00,0x04,0x45,0xD0,0x00,0xD7,0xD1,0x02,0x00,
  0x01,0x45,0xD0,0x00,0xA7,0xD2,0x02,0x00,0x00,0x32,0xD1,0x00,0xA7,0xD2,0x02,0x00,0x02,0x3E,0xD1,0x00,0xA7,0xD2,0x02,0x00,
  0x04,0x4A,0xD1,0x00,0xA7,0xD2,0x02,0x00,0x01,0x4A,0xD1,0x00,0x78,0xD3,0x02,0x00,0x00,0x2D,0xD0,0x00,0x78,0xD3,0x02,0x00,
  0x02,0x39,0xD0,0x00,0x78,0xD3,0x02,0x00,0x04,0x45,0xD0,0x00,0x78,0xD3,0x02,0x00,0x01,0x45,0xD0,0x00,0x48,0xD4,0x02,0x00,
  0x00,0x32,0xD0,0x00,0x48,0xD4,0x02,0x00,0x02,0x3E,0xD0,0x00,0x48,0xD4,0x02,0x00,0x04,0x4A,0xD0,0x00,0x48,0xD4,0x02,0x00,
  0x01,0x4A,0xD0,0x00,0x18,0xD5,0x02,0x00,0x04,0x36,0xD1,0x00,0x18,0xD5,0x02,0x00,0x01,0x42,0xD1,0x00,0x18,0xD5,0x02,0x00,
  0x03,0x4E,0xD1,0x00,0x18,0xD5,0x02,0x00,0x00,0x4E,0xD1,0x00,0xE9,0xD5,0x02,0x00,0x02,0x39,0xA0,0x01,0xE9,0xD5,0x02,0x00,
  0x04,0x45,0xA0,0x01,0xE9,0xD5,0x02,0x00,0x01,0x51,0xA0,0x01,0xE9,0xD5,0x02,0x00,0x03,0x51,0xA0,0x01,0x2A,0xD9,0x02,0x00,
  0x02,0x39,0xA1,0x01,0x2A,0xD9,0x02,0x00,0x04,0x45,0xA1,0x01,0x2A,0xD9,0x02,0x00,0x01,0x51,0xA1,0x01,0x2A,0xD9,0x02,0x00,
  0x03,0x51,0xA1,0x01,0x9B,0xDB,0x02,0x00,0x04,0x36,0xD0,0x00,0x9B,0xDB,0x02,0x00,0x01,0x42,0xD0,0x00,0x9B,0xDB,0x02,0x00,
  0x03,0x4E,0xD0,0x00,0x9B,0xDB,0x02,0x00,0x00,0x4E,0xD0,0x00,0x6B,0xDC,0x02,0x00,0x02,0x39,0xA1,0x01,0x6B,0xDC,0x02,0x00,
  0x04,0x45,0xA1,0x01,0x6B,0xDC,0x02,0x00,0x01,0x51,0xA1,0x01,0x6B,0xDC,0x02,0x00,0x03,0x51,0xA1,0x01,0xDC,0xDE,0x02,0x00,
  0x04,0x36,0xD1,0x00,0xDC,0xDE,0x02,0x00,0x01,0x42,0xD1,0x00,0xDC,0xDE,0x02,0x00,0x03,0x4E,0xD1,0x00,0xDC,0xDE,0x02,0x00,
  0x00,0x4E,0xD1,0x00,0xAD,0xDF,0x02,0x00,0x02,0x39,0xD0,0x00,0xAD,0xDF,0x02,0x00,0x04,0x45,0xD0,0x00,0xAD,0xDF,0x02,0x00,
  0x01,0x51,0xD0,0x00,0xAD,0xDF,0x02,0x00,0x03,0x51,0xD0,0x00,0x7D,0xE0,0x02,0x00,0x04,0x36,0xD0,0x00,0x7D,0xE0,0x02,0x00,
  0x01,0x42,0xD0,0x00,0x7D,0xE0,0x02,0x00,0x03,0x4E,0xD0,0x00,0x7D,0xE0,0x02,0x00,0x00,0x4E,0xD0,0x00,0x4D,0xE1,0x02,0x00,
  0x01,0x33,0xD1,0x00,0x4D,0xE1,0x02,0x00,0x03,0x3F,0xD1,0x00,0x4D,0xE1,0x02,0x00,0x00,0x4B,0xD1,0x00,0x4D,0xE1,0x02,0x00,
  0x02,0x4B,0xD1,0x00,0x1E,0xE2,0x02,0x00,0x04,0x36,0xD0,0x00,0x1E,0xE2,0x02,0x00,0x01,0x42,0xD0,0x00,0x1E,0xE2,0x02,0x00,
  0x03,0x4E,0xD0,0x00,0x1E,0xE2,0x02,0x00,0x00,0x4E,0xD0,0x00,0xEE,0xE2,0x02,0x00,0x02,0x2F,0xA1,0x01,0xEE,0xE2,0x02,0x00,
  0x04,0x3B,0xA1,0x01,0xEE,0xE2,0x02,0x00,0x01,0x47,0xA1,0x01,0xEE,0xE2,0x02,0x00,0x03,0x47,0xA1,0x01,0x2F,0xE6,0x02,0x00,
  0x03,0x30,0xA1,0x01,0x2F,0xE6,0x02,0x00,0x00,0x3C,0xD1,0x00,0x2F,0xE6,0x02,0x00,0x04,0x40,0xD1,0x00,0x00,0xE7,0x02,0x00,
  0x00,0x3C,0xD0,0x00,0x00,0xE7,0x02,0x00,0x04,0x40,0xD0,0x00,0xD0,0xE7,0x02,0x00,0x02,0x3E,0xD0,0x00,0xD0,0xE7,0x02,0x00,
  0x00,0x41,0xD0,0x00,0xA0,0xE8,0x02,0x00,0x02,0x3E,0xD1,0x00,0xA0,0xE8,0x02,0x00,0x00,0x41,0xD1,0x00,0xA0,0xE8,0x02,0x00,
  0x04,0x4F,0xD1,0x00,0x71,0xE9,0x02,0x00,0x04,0x40,0xD0,0x00,0x71,0xE9,0x02,0x00,0x02,0x43,0xD0,0x00,0x71,0xE9,0x02,0x00,
  0x00,0x54,0xD0,0x00,0x41,0xEA,0x02,0x00,0x04,0x40,0xD0,0x00,0x41,0xEA,0x02,0x00,0x02,0x43,0xD0,0x00,0x41,0xEA,0x02,0x00,
  0x03,0x53,0xD0,0x00,0x11,0xEB,0x02,0x00,0x00,0x3C,0xD1,0x00,0x11,0xEB,0x02,0x00,0x04,0x40,0xD1,0x00,0x11,0xEB,0x02,0x00,
  0x01,0x51,0xD1,0x00,0xE2,0xEB,0x02,0x00,0x00,0x3C,0xD0,0x00,0xE2,0xEB,0x02,0x00,0x04,0x40,0xD0,0x00,0xE2,0xEB,0x02,0x00,
  0x01,0x4F,0xD0,0x00,0xB2,0xEC,0x02,0x00,0x03,0x2B,0xA1,0x01,0xB2,0xEC,0x02,0x00,0x04,0x3B,0xD0,0x00,0xB2,0xEC,0x02,0x00,
  0x02,0x3E,0xD0,0x00,0xB2,0xEC,0x02,0x00,0x01,0x51,0x45,0x00,0xF7,0xEC,0x02,0x00,0x00,0x53,0x46,0x00,0x3D,0xED,0x02,0x00,
  0x01,0x51,0x45,0x00,0x82,0xED,0x02,0x00,0x04,0x3B,0xD1,0x00,0x82,0xED,0x02,0x00,0x02,0x3E,0xD1,0x00,0x82,0xED,0x02,0x00,
  0x00,0x4F,0xD1,0x00,0x53,0xEE,0x02,0x00,0x00,0x3C,0xD0,0x00,0x53,0xEE,0x02,0x00,0x04,0x40,0xD0,0x00,0x23,0xEF,0x02,0x00,
  0x00,0x3C,0xD0,0x00,0x23,0xEF,0x02,0x00,0x04,0x40,0xD0,0x00,0x23,0xEF,0x02,0x00,0x01,0x4F,0xD0,0x00,0xF3,0xEF,0x02,0x00,
  0x02,0x3E,0xD1,0x00,0xF3,0xEF,0x02,0x00,0x00,0x41,0xD1,0x00,0xF3,0xEF,0x02,0x00,0x04,0x4F,0xD1,0x00,0xC4,0xF0,0x02,0x00,
  0x02,0x3E,0xD0,0x00,0xC4,0xF0,0x02,0x00,0x00,0x41,0xD0,0x00,0xC4,0xF0,0x02,0x00,0x04,0x4F,0xD0,0x00,0x94,0xF1,0x02,0x00,
  0x04,0x3B,0xD0,0x00,0x94,0xF1,0x02,0x00,0x02,0x3E,0xD0,0x00,0x94,0xF1,0x02,0x00,0x00,0x4F,0xD0,0x00,0x64,0xF2,0x02,0x00,
  0x04,0x3B,0xD1,0x00,0x64,0xF2,0x02,0x00,0x02,0x3E,0xD1,0x00,0x64,0xF2,0x02,0x00,0x00,0x4F,0xD1,0x00,0x35,0xF3,0x02,0x00,
  0x03,0x30,0xA0,0x01,0x35,0xF3,0x02,0x00,0x00,0x3C,0xD0,0x00,0x35,0xF3,0x02,0x00,0x04,0x40,0xD0,0x00,0x35,0xF3,0x02,0x00,
  0x01,0x51,0x45,0x00,0x7A,0xF3,0x02,0x00,0x01,0x53,0x45,0x00,0xBF,0xF3,0x02,0x00,0x01,0x51,0x46,0x00,0x05,0xF4,0x02,0x00,
  0x00,0x3C,0xD0,0x00,0x05,0xF4,0x02,0x00,0x04,0x40,0xD0,0x00,0x05,0xF4,0x02,0x00,0x01,0x4F,0xD0,0x00,0xD5,0xF4,0x02,0x00,
  0x02,0x3E,0xD1,0x00,0xD5,0xF4,0x02,0x00,0x00,0x41,0xD1,0x00,0xA6,0xF5,0x02,0x00,0x02,0x3E,0xD0,0x00,0xA6,0xF5,0x02,0x00,
  0x00,0x41,0xD0,0x00,0xA6,0xF5,0x02,0x00,0x04,0x4F,0xD0,0x00,0x76,0xF6,0x02,0x00,0x04,0x40,0xD0,0x00,0x76,0xF6,0x02,0x00,
  0x02,0x43,0xD0,0x00,0x76,0xF6,0x02,0x00,0x00,0x54,0xD0,0x00,0x46,0xF7,0x02,0x00,0x04,0x40,0xD1,0x00,0x46,0xF7,0x02,0x00,
  0x02,0x43,0xD1,0x00,0x46,0xF7,0x02,0x00,0x03,0x53,0xD1,0x00,0x17,0xF8,0x02,0x00,0x00,0x3C,0xD0,0x00,0x17,0xF8,0x02,0x00,
  0x04,0x40,0xD0,0x00,0x17,0xF8,0x02,0x00,0x01,0x51,0xD0,0x00,0xE7,0xF8,0x02,0x00,0x00,0x3C,0xD0,0x00,0xE7,0xF8,0x02,0x00,
  0x04,0x40,0xD0,0x00,0xE7,0xF8,0x02,0x00,0x01,0x4F,0xD0,0x00,0xB7,0xF9,0x02,0x00,0x03,0x2B,0xA1,0x01,0xB7,0xF9,0x02,0x00,
  0x04,0x3B,0xD1,0x00,0xB7,0xF9,0x02,0x00,0x02,0x3E,0xD1,0x00,0xB7,0xF9,0x02,0x00,0x01,0x51,0x46,0x00,0xFD,0xF9,0x02,0x00,
  0x00,0x53,0x45,0x00,0x42,0xFA,0x02,0x00,0x01,0x51,0x46,0x00,0x88,0xFA,0x02,0x00,0x04,0x3B,0xD0,0x00,0x88,0xFA,0x02,0x00,
  0x02,0x3E,0xD0,0x00,0x88,0xFA,0x02,0x00,0x00,0x4F,0xD0,0x00,0x58,0xFB,0x02,0x00,0x00,0x3C,0xD0,0x00,0x58,0xFB,0x02,0x00,
  0x04,0x40,0xD0,0x00,0x28,0xFC,0x02,0x00,0x00,0x3C,0xD1,0x00,0x28,0xFC,0x02,0x00,0x04,0x40,0xD1,0x00,0x28,0xFC,0x02,0x00,
  0x01,0x4F,0xD1,0x00,0xF9,0xFC,0x02,0x00,0x02,0x3E,0xD0,0x00,0xF9,0xFC,0x02,0x00,0x00,0x41,0xD0,0x00,0xF9,0xFC,0x02,0x00,
  0x04,0x4F,0xD0,0x00,0xC9,0xFD,0x02,0x00,0x02,0x3E,0xD0,0x00,0xC9,0xFD,0x02,0x00,0x00,0x41,0xD0,0x00,0xC9,0xFD,0x02,0x00,
  0x04,0x4F,0xD0,0x00,0x99,0xFE,0x02,0x00,0x04,0x3B,0xD1,0x00,0x99,0xFE,0x02,0x00,0x02,0x3E,0xD1,0x00,0x99,0xFE,0x02,0x00,
  0x00,0x4F,0xD1,0x00,0x6A,0xFF,0x02,0x00,0x04,0x3B,0xD0,0x00,0x6A,0xFF,0x02,0x00,0x02,0x3E,0xD0,0x00,0x6A,0xFF,0x02,0x00,
  0x00,0x4F,0xD0,0x00,0x3A,0x00,0x03,0x00,0x03,0x30,0xA1,0x01,0x3A,0x00,0x03,0x00,0x00,0x3C,0xD0,0x00,0x3A,0x00,0x03,0x00,
  0x04,0x40,0xD0,0x00,0x3A,0x00,0x03,0x00,0x01,0x51,0x45,0x00,0x7F,0x00,0x03,0x00,0x01,0x53,0x46,0x00,0xC5,0x00,0x03,0x00,
  0x01,0x51,0x45,0x00,0x0A,0x01,0x03,0x00,0x00,0x3C,0xD1,0x00,0x0A,0x01,0x03,0x00,0x04,0x40,0xD1,0x00,0x0A,0x01,0x03,0x00,
  0x01,0x4F,0xD1,0x00,0xDB,0x01,0x03,0x00,0x02,0x3E,0xD0,0x00,0xDB,0x01,0x03,0x00,0x00,0x41,0xD0,0x00,0xAB,0x02,0x03,0x00,
  0x02,0x3E,0xD0,0x00,0xAB,0x02,0x03,0x00,0x00,0x41,0xD0,0x00,0xAB,0x02,0x03,0x00,0x04,0x4F,0xD0,0x00,0x7B,0x03,0x03,0x00,
  0x04,0x40,0xD1,0x00,0x7B,0x03,0x03,0x00,0x02,0x43,0xD1,0x00,0x7B,0x03,0x03,0x00,0x00,0x54,0xD1,0x00,0x4C,0x04,0x03,0x00,
  0x04,0x40,0xD0,0x00,0x4C,0x04,0x03,0x00,0x02,0x43,0xD0,0x00,0x4C,0x04,0x03,0x00,0x03,0x53,0xD0,0x00,0x1C,0x05,0x03,0x00,
  0x00,0x3C,0xD0,0x00,0x1C,0x05,0x03,0x00,0x04,0x40,0xD0,0x00,0x1C,0x05,0x03,0x00,0x01,0x51,0xD0,0x00,0xEC,0x05,0x03,0x00,
  0x00,0x3C,0xD1,0x00,0xEC,0x05,0x03,0x00,0x04,0x40,0xD1,0x00,0xEC,0x05,0x03,0x00,0x01,0x4F,0xD1,0x00,0xBD,0x06,0x03,0x00,
  0x02,0x34,0xA0,0x01,0xBD,0x06,0x03,0x00,0x04,0x3B,0xD0,0x00,0xBD,0x06,0x03,0x00,0x03,0x3E,0xD0,0x00,0xBD,0x06,0x03,0x00,
  0x01,0x51,0x45,0x00,0x02,0x07,0x03,0x00,0x00,0x53,0x45,0x00,0x47,0x07,0x03,0x00,0x01,0x51,0x46,0x00,0x8D,0x07,0x03,0x00,
  0x04,0x3B,0xD0,0x00,0x8D,0x07,0x03,0x00,0x03,0x3E,0xD0,0x00,0x8D,0x07,0x03,0x00,0x00,0x50,0xD0,0x00,0x5D,0x08,0x03,0x00,
  0x00,0x3C,0xD1,0x00,0x5D,0x08,0x03,0x00,0x04,0x40,0xD1,0x00,0x2E,0x09,0x03,0x00,0x00,0x3C,0xD0,0x00,0x2E,0x09,0x03,0x00,
  0x04,0x40,0xD0,0x00,0x2E,0x09,0x03,0x00,0x01,0x50,0xD0,0x00,0xFE,0x09,0x03,0x00,0x02,0x3E,0xD0,0x00,0xFE,0x09,0x03,0x00,
  0x00,0x41,0xD0,0x00,0xFE,0x09,0x03,0x00,0x01,0x50,0xD0,0x00,0xCE,0x0A,0x03,0x00,0x02,0x3E,0xD1,0x00,0xCE,0x0A,0x03,0x00,
  0x00,0x41,0xD1,0x00,0xCE,0x0A,0x03,0x00,0x01,0x50,0xD1,0x00,0x9F,0x0B,0x03,0x00,0x04,0x3B,0xD0,0x00,0x9F,0x0B,0x03,0x00,
  0x02,0x3E,0xD0,0x00,0x9F,0x0B,0x03,0x00,0x00,0x50,0xD0,0x00,0x6F,0x0C,0x03,0x00,0x04,0x3B,0xD0,0x00,0x6F,0x0C,0x03,0x00,
  0x02,0x3E,0xD0,0x00,0x6F,0x0C,0x03,0x00,0x00,0x50,0xD0,0x00,0x3F,0x0D,0x03,0x00,0x00,0x2D,0xA1,0x01,0x3F,0x0D,0x03,0x00,
  0x02,0x39,0xD1,0x00,0x3F,0x0D,0x03,0x00,0x01,0x3C,0xD1,0x00,0x3F,0x0D,0x03,0x00,0x03,0x53,0x46,0x00,0x85,0x0D,0x03,0x00,
  0x04,0x54,0x45,0x00,0xCA,0x0D,0x03,0x00,0x03,0x53,0x46,0x00,0x10,0x0E,0x03,0x00,0x02,0x39,0xD0,0x00,0x10,0x0E,0x03,0x00,
  0x01,0x3C,0xD0,0x00,0x10,0x0E,0x03,0x00,0x03,0x51,0xD0,0x00,0xE0,0x0E,0x03,0x00,0x04,0x3B,0xD0,0x00,0xE0,0x0E,0x03,0x00,
  0x02,0x3E,0xD0,0x00,0xB0,0x0F,0x03,0x00,0x04,0x3B,0xD1,0x00,0xB0,0x0F,0x03,0x00,0x02,0x3E,0xD1,0x00,0xB0,0x0F,0x03,0x00,
  0x01,0x51,0xD1,0x00,0x81,0x10,0x03,0x00,0x00,0x3C,0xD0,0x00,0x81,0x10,0x03,0x00,0x04,0x40,0xD0,0x00,0x81,0x10,0x03,0x00,
  0x01,0x54,0xD0,0x00,0x51,0x11,0x03,0x00,0x00,0x3C,0xD0,0x00,0x51,0x11,0x03,0x00,0x04,0x40,0xD0,0x00,0x51,0x11,0x03,0x00,
  0x02,0x52,0xD0,0x00,0x21,0x12,0x03,0x00,0x02,0x39,0xD1,0x00,0x21,0x12,0x03,0x00,0x00,0x3C,0xD1,0x00,0x21,0x12,0x03,0x00,
  0x01,0x51,0xD1,0x00,0xF2,0x12,0x03,0x00,0x02,0x39,0xD0,0x00,0xF2,0x12,0x03,0x00,0x00,0x3C,0xD0,0x00,0xF2,0x12,0x03,0x00,
  0x04,0x4F,0xD0,0x00,0xC2,0x13,0x03,0x00,0x00,0x32,0xA1,0x01,0xC2,0x13,0x03,0x00,0x02,0x39,0xD0,0x00,0xC2,0x13,0x03,0x00,
  0x01,0x3C,0xD0,0x00,0xC2,0x13,0x03,0x00,0x04,0x4F,0x45,0x00,0x07,0x14,0x03,0x00,0x03,0x51,0x46,0x00,0x4D,0x14,0x03,0x00,
  0x04,0x4F,0x45,0x00,0x92,0x14,0x03,0x00,0x02,0x39,0xD1,0x00,0x92,0x14,0x03,0x00,0x01,0x3C,0xD1,0x00,0x92,0x14,0x03,0x00,
  0x03,0x4E,0xD1,0x00,0x63,0x15,0x03,0x00,0x03,0x3A,0xD0,0x00,0x63,0x15,0x03,0x00,0x02,0x3E,0xD0,0x00,0x33,0x16,0x03,0x00,
  0x03,0x3A,0xD0,0x00,0x33,0x16,0x03,0x00,0x02,0x3E,0xD0,0x00,0x33,0x16,0x03,0x00,0x04,0x4E,0xD0,0x00,0x03,0x17,0x03,0x00,
  0x00,0x3C,0xD1,0x00,0x03,0x17,0x03,0x00,0x03,0x3F,0xD1,0x00,0x03,0x17,0x03,0x00,0x04,0x4E,0xD1,0x00,0xD4,0x17,0x03,0x00,
  0x00,0x3C,0xD0,0x00,0xD4,0x17,0x03,0x00,0x03,0x3F,0xD0,0x00,0xD4,0x17,0x03,0x00,0x04,0x4E,0xD0,0x00,0xA4,0x18,0x03,0x00,
  0x02,0x39,0xD0,0x00,0xA4,0x18,0x03,0x00,0x00,0x3C,0xD0,0x00,0xA4,0x18,0x03,0x00,0x03,0x4E,0xD0,0x00,0x74,0x19,0x03,0x00,
  0x02,0x39,0xD1,0x00,0x74,0x19,0x03,0x00,0x00,0x3C,0xD1,0x00,0x74,0x19,0x03,0x00,0x03,0x4E,0xD1,0x00,0x45,0x1A,0x03,0x00,
  0x01,0x33,0x05,0x0D,0x45,0x1A,0x03,0x00,0x00,0x37,0xD0,0x00,0x45,0x1A,0x03,0x00,0x03,0x3A,0xD0,0x00,0x45,0x1A,0x03,0x00,
  0x02,0x51,0x45,0x00,0x8A,0x1A,0x03,0x00,0x04,0x53,0x45,0x00,0xCF,0x1A,0x03,0x00,0x02,0x51,0x46,0x00,0x15,0x1B,0x03,0x00,
  0x00,0x37,0xD0,0x00,0x15,0x1B,0x03,0x00,0x03,0x3A,0xD0,0x00,0x15,0x1B,0x03,0x00,0x04,0x4F,0xD0,0x00,0xE5,0x1B,0x03,0x00,
  0x04,0x36,0xD1,0x00,0xE5,0x1B,0x03,0x00,0x02,0x39,0xD1,0x00,0xB6,0x1C,0x03,0x00,0x04,0x36,0xD0,0x00,0xB6,0x1C,0x03,0x00,
  0x02,0x39,0xD0,0x00,0xB6,0x1C,0x03,0x00,0x00,0x4B,0xD0,0x00,0x86,0x1D,0x03,0x00,0x00,0x37,0xD0,0x00,0x86,0x1D,0x03,0x00,
  0x03,0x3A,0xD0,0x00,0x86,0x1D,0x03,0x00,0x04,0x4F,0xD0,0x00,0x56,0x1E,0x03,0x00,0x00,0x37,0xD1,0x00,0x56,0x1E,0x03,0x00,
  0x03,0x3A,0xD1,0x00,0x56,0x1E,0x03,0x00,0x02,0x4D,0xD1,0x00,0x27,0x1F,0x03,0x00,0x02,0x42,0xD0,0x00,0x27,0x1F,0x03,0x00,
  0x04,0x45,0xD0,0x00,0x27,0x1F,0x03,0x00,0x00,0x4B,0xD0,0x00,0xF7,0x1F,0x03,0x00,0x02,0x42,0xD0,0x00,0xF7,0x1F,0x03,0x00,
  0x04,0x45,0xD0,0x00,0xF7,0x1F,0x03,0x00,0x00,0x4A,0xD0,0x00,0xC7,0x20,0x03,0x00,0x02,0x43,0xD1,0x00,0xC7,0x20,0x03,0x00,
  0x00,0x46,0xD1,0x00,0xC7,0x20,0x03,0x00,0x04,0x4A,0x46,0x00,0x0D,0x21,0x03,0x00,0x03,0x4C,0x45,0x00,0x52,0x21,0x03,0x00,
  0x04,0x4A,0x46,0x00,0x98,0x21,0x03,0x00,0x02,0x43,0xD0,0x00,0x98,0x21,0x03,0x00,0x00,0x46,0xD0,0x00,0x98,0x21,0x03,0x00,
  0x03,0x49,0xD0,0x00,0x68,0x22,0x03,0x00,0x02,0x42,0xD0,0x00,0x68,0x22,0x03,0x00,0x04,0x45,0xD0,0x00,0x38,0x23,0x03,0x00,
  0x02,0x42,0xD1,0x00,0x38,0x23,0x03,0x00,0x04,0x45,0xD1,0x00,0x38,0x23,0x03,0x00,0x03,0x49,0xD1,0x00,0x09,0x24,0x03,0x00,
  0x02,0x43,0xD0,0x00,0x09,0x24,0x03,0x00,0x00,0x46,0xD0,0x00,0x09,0x24,0x03,0x00,0x03,0x49,0xD0,0x00,0xD9,0x24,0x03,0x00,
  0x00,0x37,0xD0,0x00,0xD9,0x24,0x03,0x00,0x02,0x46,0xD0,0x00,0xD9,0x24,0x03,0x00,0x03,0x49,0xD0,0x00,0xA9,0x25,0x03,0x00,
  0x04,0x36,0xD1,0x00,0xA9,0x25,0x03,0x00,0x00,0x45,0xD1,0x00,0xA9,0x25,0x03,0x00,0x03,0x49,0xD1,0x00,0x7A,0x26,0x03,0x00,
  0x00,0x37,0xD0,0x00,0x7A,0x26,0x03,0x00,0x02,0x43,0xD0,0x00,0x7A,0x26,0x03,0x00,0x03,0x49,0xD0,0x00,0x4A,0x27,0x03,0x00,
  0x00,0x32,0xA1,0x01,0x4A,0x27,0x03,0x00,0x02,0x39,0xA1,0x01,0x4A,0x27,0x03,0x00,0x01,0x42,0xA1,0x01,0x4A,0x27,0x03,0x00,
  0x03,0x4C,0x45,0x00,0x8F,0x27,0x03,0x00,0x03,0x4E,0x46,0x00,0xD5,0x27,0x03,0x00,0x03,0x4C,0x45,0x00,0x1A,0x28,0x03,0x00,
  0x04,0x4A,0xD1,0x00,0xBB,0x29,0x03,0x00,0x00,0x32,0xD0,0x00,0xBB,0x29,0x03,0x00,0x01,0x32,0xD0,0x00,0xBB,0x29,0x03,0x00,
  0x02,0x3E,0xD0,0x00,0xBB,0x29,0x03,0x00,0x03,0x3E,0xD0,0x00,0x8B,0x2A,0x03,0x00,0x02,0x34,0xD1,0x00,0x8B,0x2A,0x03,0x00,
  0x03,0x34,0xD1,0x00,0x8B,0x2A,0x03,0x00,0x04,0x40,0xD1,0x00,0x8B,0x2A,0x03,0x00,0x00,0x40,0xD1,0x00,0x5C,0x2B,0x03,0x00,
  0x04,0x36,0xD0,0x00,0x5C,0x2B,0x03,0x00,0x00,0x36,0xD0,0x00,0x5C,0x2B,0x03,0x00,0x01,0x42,0xD0,0x00,0x5C,0x2B,0x03,0x00,
  0x02,0x42,0xD0,0x00,0x2C,0x2C,0x03,0x00,0x00,0x37,0xD0,0x00,0x2C,0x2C,0x03,0x00,0x01,0x37,0xD0,0x00,0x2C,0x2C,0x03,0x00,
  0x02,0x43,0xD0,0x00,0x2C,0x2C,0x03,0x00,0x03,0x43,0xD0,0x00,0xFC,0x2C,0x03,0x00,0x02,0x39,0xD1,0x00,0xFC,0x2C,0x03,0x00,
  0x03,0x39,0xD1,0x00,0xFC,0x2C,0x03,0x00,0x04,0x45,0xD1,0x00,0xFC,0x2C,0x03,0x00,0x00,0x45,0xD1,0x00,0xCD,0x2D,0x03,0x00,
  0x00,0x3C,0xD0,0x00,0xCD,0x2D,0x03,0x00,0x01,0x3C,0xD0,0x00,0xCD,0x2D,0x03,0x00,0x02,0x48,0xD0,0x00,0xCD,0x2D,0x03,0x00,
  0x03,0x48,0xD0,0x00,0x9D,0x2E,0x03,0x00,0x03,0x3A,0xD0,0x00,0x9D,0x2E,0x03,0x00,0x04,0x3A,0xD0,0x00,0x9D,0x2E,0x03,0x00,
  0x00,0x46,0xD0,0x00,0x9D,0x2E,0x03,0x00,0x01,0x46,0xD0,0x00,0x3D,0x30,0x03,0x00,0x04,0x36,0xD1,0x00,0x3D,0x30,0x03,0x00,
  0x00,0x36,0xD1,0x00,0x3D,0x30,0x03,0x00,0x01,0x42,0xD1,0x00,0x3D,0x30,0x03,0x00,0x02,0x42,0xD1,0x00,0x0E,0x31,0x03,0x00,
  0x00,0x37,0xD0,0x00,0x0E,0x31,0x03,0x00,0x01,0x37,0xD0,0x00,0x0E,0x31,0x03,0x00,0x02,0x43,0xD0,0x00,0x0E,0x31,0x03,0x00,
  0x03,0x43,0xD0,0x00,0xDE,0x31,0x03,0x00,0x02,0x39,0xD0,0x00,0xDE,0x31,0x03,0x00,0x03,0x39,0xD0,0x00,0xDE,0x31,0x03,0x00,
  0x04,0x45,0xD0,0x00,0xDE,0x31,0x03,0x00,0x00,0x45,0xD0,0x00,0xAE,0x32,0x03,0x00,0x03,0x3A,0xD1,0x00,0xAE,0x32,0x03,0x00,
  0x04,0x3A,0xD1,0x00,0xAE,0x32,0x03,0x00,0x00,0x46,0xD1,0x00,0xAE,0x32,0x03,0x00,0x01,0x46,0xD1,0x00,0x7F,0x33,0x03,0x00,
  0x01,0x3D,0xD0,0x00,0x7F,0x33,0x03,0x00,0x02,0x3D,0xD0,0x00,0x7F,0x33,0x03,0x00,0x03,0x49,0xD0,0x00,0x7F,0x33,0x03,0x00,
  0x04,0x49,0xD0,0x00,0x4F,0x34,0x03,0x00,0x04,0x40,0xD0,0x00,0x4F,0x34,0x03,0x00,0x00,0x40,0xD0,0x00,0x4F,0x34,0x03,0x00,
  0x01,0x4C,0xD0,0x00,0x4F,0x34,0x03,0x00,0x02,0x4C,0xD0,0x00,0x1F,0x35,0x03,0x00,0x02,0x3E,0xD1,0x00,0x1F,0x35,0x03,0x00,
  0x03,0x3E,0xD1,0x00,0x1F,0x35,0x03,0x00,0x04,0x4A,0xD1,0x00,0x1F,0x35,0x03,0x00,0x00,0x4A,0xD1,0x00,0xC0,0x36,0x03,0x00,
  0x02,0x3E,0xD0,0x00,0xC0,0x36,0x03,0x00,0x04,0x4A,0xD0,0x00,0x90,0x37,0x03,0x00,0x04,0x40,0xD1,0x00,0x90,0x37,0x03,0x00,
  0x01,0x4C,0xD1,0x00,0x61,0x38,0x03,0x00,0x01,0x42,0xD0,0x00,0x61,0x38,0x03,0x00,0x03,0x4E,0xD0,0x00,0x31,0x39,0x03,0x00,
  0x02,0x43,0xD0,0x00,0x31,0x39,0x03,0x00,0x04,0x4F,0xD0,0x00,0x01,0x3A,0x03,0x00,0x04,0x45,0xD1,0x00,0x01,0x3A,0x03,0x00,
  0x01,0x51,0xD1,0x00,0xD2,0x3A,0x03,0x00,0x00,0x46,0xA0,0x01,0xD2,0x3A,0x03,0x00,0x02,0x52,0xA0,0x01,0x72,0x3C,0x03,0x00,
  0x01,0x47,0xA1,0x01,0x72,0x3C,0x03,0x00,0x03,0x53,0xA1,0x01,0x13,0x3E,0x03,0x00,0x02,0x48,0xA1,0x01,0x13,0x3E,0x03,0x00,
  0x04,0x54,0xA1,0x01,0xB4,0x3F,0x03,0x00,0x03,0x49,0xA0,0x01,0xB4,0x3F,0x03,0x00,0x00,0x55,0xA0,0x01,0x54,0x41,0x03,0x00,
  0x01,0x47,0xD1,0x00,0x54,0x41,0x03,0x00,0x04,0x4A,0xD1,0x00,0x54,0x41,0x03,0x00,0x02,0x56,0x83,0x06,0x25,0x42,0x03,0x00,
  0x01,0x47,0xD0,0x00,0x25,0x42,0x03,0x00,0x04,0x4A,0xD0,0x00,0xF5,0x42,0x03,0x00,0x01,0x47,0xD0,0x00,0xF5,0x42,0x03,0x00,
  0x04,0x4A,0xD0,0x00,0xC5,0x43,0x03,0x00,0x03,0x48,0xD1,0x00,0xC5,0x43,0x03,0x00,0x01,0x4C,0xD1,0x00,0x96,0x44,0x03,0x00,
  0x04,0x45,0xD0,0x00,0x96,0x44,0x03,0x00,0x03,0x48,0xD0,0x00,0x66,0x45,0x03,0x00,0x04,0x45,0xD0,0x00,0x66,0x45,0x03,0x00,
  0x03,0x48,0xD0,0x00,0x36,0x46,0x03,0x00,0x04,0x45,0xD1,0x00,0x36,0x46,0x03,0x00,0x03,0x48,0xD1,0x00,0x07,0x47,0x03,0x00,
  0x01,0x47,0xD0,0x00,0x07,0x47,0x03,0x00,0x04,0x4A,0xD0,0x00,0xD7,0x47,0x03,0x00,0x00,0x32,0x83,0x06,0xD7,0x47,0x03,0x00,
  0x02,0x43,0xD0,0x00,0xD7,0x47,0x03,0x00,0x01,0x47,0xD0,0x00,0xD7,0x47,0x03,0x00,0x03,0x56,0x41,0x03,0xA7,0x48,0x03,0x00,
  0x02,0x43,0xD1,0x00,0xA7,0x48,0x03,0x00,0x01,0x47,0xD1,0x00,0x78,0x49,0x03,0x00,0x02,0x43,0xD0,0x00,0x78,0x49,0x03,0x00,
  0x01,0x47,0xD0,0x00,0x48,0x4A,0x03,0x00,0x01,0x47,0xD0,0x00,0x48,0x4A,0x03,0x00,0x04,0x4A,0xD0,0x00,0x18,0x4B,0x03,0x00,
  0x01,0x47,0xD1,0x00,0x18,0x4B,0x03,0x00,0x04,0x4A,0xD1,0x00,0x18,0x4B,0x03,0x00,0x02,0x4F,0x35,0x00,0x4D,0x4B,0x03,0x00,
  0x03,0x4E,0x34,0x00,0x81,0x4B,0x03,0x00,0x02,0x4F,0x34,0x00,0xB5,0x4B,0x03,0x00,0x03,0x4E,0x34,0x00,0xE9,0x4B,0x03,0x00,
  0x04,0x45,0xD0,0x00,0xE9,0x4B,0x03,0x00,0x02,0x48,0xD0,0x00,0xE9,0x4B,0x03,0x00,0x01,0x4F,0x34,0x00,0x1D,0x4C,0x03,0x00,
  0x03,0x4E,0x34,0x00,0x51,0x4C,0x03,0x00,0x01,0x4F,0x34,0x00,0x85,0x4C,0x03,0x00,0x03,0x4E,0x34,0x00,0xB9,0x4C,0x03,0x00,
  0x02,0x43,0xD0,0x00,0xB9,0x4C,0x03,0x00,0x01,0x47,0xD0,0x00,0xB9,0x4C,0x03,0x00,0x04,0x4F,0x34,0x00,0xED,0x4C,0x03,0x00,
  0x03,0x4E,0x34,0x00,0x21,0x4D,0x03,0x00,0x04,0x4F,0x34,0x00,0x55,0x4D,0x03,0x00,0x03,0x4E,0x34,0x00,0x89,0x4D,0x03,0x00,
  0x02,0x3E,0xD1,0x00,0x89,0x4D,0x03,0x00,0x04,0x45,0xD1,0x00,0x89,0x4D,0x03,0x00,0x01,0x4C,0x69,0x00,0xF2,0x4D,0x03,0x00,
  0x03,0x4E,0x68,0x00,0x5A,0x4E,0x03,0x00,0x00,0x37,0xA0,0x01,0x5A,0x4E,0x03,0x00,0x04,0x3B,0xA0,0x01,0x5A,0x4E,0x03,0x00,
  0x02,0x43,0xA0,0x01,0x5A,0x4E,0x03,0x00,0x01,0x4F,0xA0,0x01,0xCB,0x50,0x03,0x00,0x00,0x32,0xD0,0x00,0xCB,0x50,0x03,0x00,
  0x02,0x3E,0xD0,0x00,0xCB,0x50,0x03,0x00,0x04,0x4A,0xD0,0x00,0xCB,0x50,0x03,0x00,0x01,0x4A,0xD0,0x00,0x9B,0x51,0x03,0x00,
  0x00,0x37,0xA1,0x01,0x9B,0x51,0x03,0x00,0x02,0x43,0xA1,0x01,0x9B,0x51,0x03,0x00,0x04,0x4F,0xA1,0x01,0x9B,0x51,0x03,0x00,
  0x01,0x4F,0xA1,0x01,0x0C,0x54,0x03,0x00,0x00,0x32,0xD0,0x00,0x0C,0x54,0x03,0x00,0x02,0x3E,0xD0,0x00,0x0C,0x54,0x03,0x00,
  0x04,0x4A,0xD0,0x00,0x0C,0x54,0x03,0x00,0x01,0x4A,0xD0,0x00,0xDC,0x54,0x03,0x00,0x00,0x37,0xD1,0x00,0xDC,0x54,0x03,0x00,
  0x02,0x43,0xD1,0x00,0xDC,0x54,0x03,0x00,0x04,0x4F,0xD1,0x00,0xDC,0x54,0x03,0x00,0x01,0x4F,0xD1,0x00,0xAD,0x55,0x03,0x00,
  0x00,0x32,0xD0,0x00,0xAD,0x55,0x03,0x00,0x02,0x3E,0xD0,0x00,0xAD,0x55,0x03,0x00,0x04,0x4A,0xD0,0x00,0xAD,0x55,0x03,0x00,
  0x01,0x4A,0xD0,0x00,0x7D,0x56,0x03,0x00,0x00,0x37,0xD0,0x00,0x7D,0x56,0x03,0x00,0x02,0x43,0xD0,0x00,0x7D,0x56,0x03,0x00,
  0x04,0x4F,0xD0,0x00,0x7D,0x56,0x03,0x00,0x01,0x4F,0xD0,0x00,0x4D,0x57,0x03,0x00,0x04,0x3B,0xD1,0x00,0x4D,0x57,0x03,0x00,
  0x01,0x47,0xD1,0x00,0x4D,0x57,0x03,0x00,0x03,0x53,0xD1,0x00,0x4D,0x57,0x03,0x00,0x00,0x53,0xD1,0x00,0x1E,0x58,0x03,0x00,
  0x02,0x3E,0xA0,0x01,0x1E,0x58,0x03,0x00,0x04,0x4A,0xA0,0x01,0x1E,0x58,0x03,0x00,0x01,0x56,0xA0,0x01,0x1E,0x58,0x03,0x00,
  0x03,0x56,0xA0,0x01,0x5F,0x5B,0x03,0x00,0x00,0x3C,0xA1,0x01,0x5F,0x5B,0x03,0x00,0x02,0x48,0xA1,0x01,0x5F,0x5B,0x03,0x00,
  0x04,0x54,0xA1,0x01,0x5F,0x5B,0x03,0x00,0x01,0x54,0xA1,0x01,0xD0,0x5D,0x03,0x00,0x02,0x39,0xD0,0x00,0xD0,0x5D,0x03,0x00,
  0x04,0x45,0xD0,0x00,0xD0,0x5D,0x03,0x00,0x01,0x51,0xD0,0x00,0xD0,0x5D,0x03,0x00,0x03,0x51,0xD0,0x00,0xA0,0x5E,0x03,0x00,
  0x00,0x3C,0xA1,0x01,0xA0,0x5E,0x03,0x00,0x02,0x48,0xA1,0x01,0xA0,0x5E,0x03,0x00,0x04,0x54,0xA1,0x01,0xA0,0x5E,0x03,0x00,
  0x01,0x54,0xA1,0x01,0x11,0x61,0x03,0x00,0x02,0x39,0xD1,0x00,0x11,0x61,0x03,0x00,0x04,0x45,0xD1,0x00,0x11,0x61,0x03,0x00,
  0x01,0x51,0xD1,0x00,0x11,0x61,0x03,0x00,0x03,0x51,0xD1,0x00,0xE2,0x61,0x03,0x00,0x00,0x3C,0xD0,0x00,0xE2,0x61,0x03,0x00,
  0x02,0x48,0xD0,0x00,0xE2,0x61,0x03,0x00,0x04,0x54,0xD0,0x00,0xE2,0x61,0x03,0x00,0x01,0x54,0xD0,0x00,0xB2,0x62,0x03,0x00,
  0x02,0x39,0xD0,0x00,0xB2,0x62,0x03,0x00,0x04,0x45,0xD0,0x00,0xB2,0x62,0x03,0x00,0x01,0x51,0xD0,0x00,0xB2,0x62,0x03,0x00,
  0x03,0x51,0xD0,0x00,0x82,0x63,0x03,0x00,0x04,0x36,0xD1,0x00,0x82,0x63,0x03,0x00,0x01,0x42,0xD1,0x00,0x82,0x63,0x03,0x00,
  0x03,0x4E,0xD1,0x00,0x82,0x63,0x03,0x00,0x00,0x4E,0xD1,0x00,0x53,0x64,0x03,0x00,0x02,0x39,0xD0,0x00,0x53,0x64,0x03,0x00,
  0x04,0x45,0xD0,0x00,0x53,0x64,0x03,0x00,0x01,0x51,0xD0,0x00,0x53,0x64,0x03,0x00,0x03,0x51,0xD0,0x00,0x23,0x65,0x03,0x00,
  0x00,0x32,0xA1,0x01,0x23,0x65,0x03,0x00,0x02,0x3E,0xA1,0x01,0x23,0x65,0x03,0x00,0x04,0x4A,0xA1,0x01,0x23,0x65,0x03,0x00,
  0x01,0x4A,0xA1,0x01,0x64,0x68,0x03,0x00,0x00,0x37,0xD1,0x00,0x64,0x68,0x03,0x00,0x04,0x3B,0x69,0x00,0x64,0x68,0x03,0x00,
  0x02,0x3E,0x69,0x00,0x64,0x68,0x03,0x00,0x03,0x3E,0xD1,0x00,0x64,0x68,0x03,0x00,0x01,0x43,0xD1,0x00,0x64,0x68,0x03,0x00,
  0x04,0x47,0xD1,0x00,0x64,0x68,0x03,0x00,0x02,0x4F,0xD1,0x00,0xCD,0x68,0x03,0x00,0x00,0x3B,0x68,0x00,0xCD,0x68,0x03,0x00,
  0x00,0x3E,0x68,0x00,0x35,0x69,0x03,0x00,0x00,0x37,0xD0,0x00,0x35,0x69,0x03,0x00,0x04,0x3B,0x68,0x00,0x35,0x69,0x03,0x00,
  0x02,0x3E,0x68,0x00,0x35,0x69,0x03,0x00,0x03,0x43,0xD0,0x00,0x9D,0x69,0x03,0x00,0x04,0x3B,0x68,0x00,0x9D,0x69,0x03,0x00,
  0x02,0x3E,0x68,0x00,0x05,0x6A,0x03,0x00,0x00,0x37,0xD0,0x00,0x05,0x6A,0x03,0x00,0x04,0x3B,0x68,0x00,0x05,0x6A,0x03,0x00,
  0x02,0x3E,0x68,0x00,0x05,0x6A,0x03,0x00,0x03,0x43,0xD0,0x00,0x05,0x6A,0x03,0x00,0x01,0x4F,0x71,0x02,0x6D,0x6A,0x03,0x00,
  0x04,0x3B,0x68,0x00,0x6D,0x6A,0x03,0x00,0x02,0x3E,0x68,0x00,0xD5,0x6A,0x03,0x00,0x00,0x37,0xD1,0x00,0xD5,0x6A,0x03,0x00,
  0x04,0x3B,0x69,0x00,0xD5,0x6A,0x03,0x00,0x02,0x3E,0x69,0x00,0xD5,0x6A,0x03,0x00,0x03,0x43,0xD1,0x00,0x3E,0x6B,0x03,0x00,
  0x04,0x3B,0x68,0x00,0x3E,0x6B,0x03,0x00,0x02,0x3E,0x68,0x00,0xA6,0x6B,0x03,0x00,0x00,0x37,0xD0,0x00,0xA6,0x6B,0x03,0x00,
  0x04,0x3B,0x68,0x00,0xA6,0x6B,0x03,0x00,0x02,0x3E,0x68,0x00,0xA6,0x6B,0x03,0x00,0x03,0x43,0xD0,0x00,0x0E,0x6C,0x03,0x00,
  0x04,0x3B,0x68,0x00,0x0E,0x6C,0x03,0x00,0x02,0x3E,0x68,0x00,0x76,0x6C,0x03,0x00,0x00,0x37,0xD0,0x00,0x76,0x6C,0x03,0x00,
  0x04,0x3B,0x68,0x00,0x76,0x6C,0x03,0x00,0x02,0x3E,0x68,0x00,0x76,0x6C,0x03,0x00,0x03,0x43,0xD0,0x00,0x76,0x6C,0x03,0x00,
  0x01,0x53,0xD0,0x00,0xDE,0x6C,0x03,0x00,0x04,0x3B,0x68,0x00,0xDE,0x6C,0x03,0x00,0x02,0x3E,0x68,0x00,0x46,0x6D,0x03,0x00,
  0x00,0x37,0xD1,0x00,0x46,0x6D,0x03,0x00,0x04,0x3B,0x69,0x00,0x46,0x6D,0x03,0x00,0x02,0x3E,0x69,0x00,0x46,0x6D,0x03,0x00,
  0x03,0x43,0xD1,0x00,0x46,0x6D,0x03,0x00,0x01,0x51,0xD1,0x00,0xAF,0x6D,0x03,0x00,0x04,0x3B,0x68,0x00,0xAF,0x6D,0x03,0x00,
  0x02,0x3E,0x68,0x00,0x17,0x6E,0x03,0x00,0x00,0x37,0xD0,0x00,0x17,0x6E,0x03,0x00,0x04,0x3B,0x68,0x00,0x17,0x6E,0x03,0x00,
  0x02,0x3E,0x68,0x00,0x17,0x6E,0x03,0x00,0x03,0x43,0xD0,0x00,0x17,0x6E,0x03,0x00,0x01,0x4F,0xD0,0x00,0x7F,0x6E,0x03,0x00,
  0x04,0x3B,0x68,0x00,0x7F,0x6E,0x03,0x00,0x02,0x3E,0x68,0x00,0xE7,0x6E,0x03,0x00,0x00,0x37,0xD0,0x00,0xE7,0x6E,0x03,0x00,
  0x01,0x3C,0x68,0x00,0xE7,0x6E,0x03,0x00,0x02,0x3E,0x68,0x00,0xE7,0x6E,0x03,0x00,0x04,0x45,0xD0,0x00,0xE7,0x6E,0x03,0x00,
  0x03,0x51,0x34,0x00,0x1B,0x6F,0x03,0x00,0x03,0x4F,0x34,0x00,0x4F,0x6F,0x03,0x00,0x01,0x3C,0x68,0x00,0x4F,0x6F,0x03,0x00,
  0x02,0x3E,0x68,0x00,0x4F,0x6F,0x03,0x00,0x03,0x51,0x34,0x00,0x83,0x6F,0x03,0x00,0x03,0x4F,0x34,0x00,0xB7,0x6F,0x03,0x00,
  0x00,0x37,0xD1,0x00,0xB7,0x6F,0x03,0x00,0x01,0x3C,0x69,0x00,0xB7,0x6F,0x03,0x00,0x02,0x3E,0x69,0x00,0xB7,0x6F,0x03,0x00,
  0x04,0x45,0xD1,0x00,0xB7,0x6F,0x03,0x00,0x03,0x4E,0xD1,0x00,0x20,0x70,0x03,0x00,0x01,0x3C,0x68,0x00,0x20,0x70,0x03,0x00,
  0x02,0x3E,0x68,0x00,0x88,0x70,0x03,0x00,0x00,0x37,0xD0,0x00,0x88,0x70,0x03,0x00,0x01,0x3C,0x68,0x00,0x88,0x70,0x03,0x00,
  0x02,0x3E,0x68,0x00,0x88,0x70,0x03,0x00,0x04,0x45,0xD0,0x00,0x88,0x70,0x03,0x00,0x03,0x4E,0x71,0x02,0xF0,0x70,0x03,0x00,
  0x01,0x3C,0x68,0x00,0xF0,0x70,0x03,0x00,0x02,0x3E,0x68,0x00,0x58,0x71,0x03,0x00,0x00,0x37,0xD0,0x00,0x58,0x71,0x03,0x00,
  0x01,0x3C,0x68,0x00,0x58,0x71,0x03,0x00,0x02,0x3E,0x68,0x00,0x58,0x71,0x03,0x00,0x04,0x45,0xD0,0x00,0xC0,0x71,0x03,0x00,
  0x01,0x3C,0x68,0x00,0xC0,0x71,0x03,0x00,0x02,0x3E,0x68,0x00,0x28,0x72,0x03,0x00,0x00,0x37,0xD1,0x00,0x28,0x72,0x03,0x00,
  0x01,0x3C,0x69,0x00,0x28,0x72,0x03,0x00,0x02,0x3E,0x69,0x00,0x28,0x72,0x03,0x00,0x04,0x45,0xD1,0x00,0x91,0x72,0x03,0x00,
  0x01,0x3C,0x68,0x00,0x91,0x72,0x03,0x00,0x02,0x3E,0x68,0x00,0xF9,0x72,0x03,0x00,0x00,0x37,0xD0,0x00,0xF9,0x72,0x03,0x00,
  0x01,0x3C,0x68,0x00,0xF9,0x72,0x03,0x00,0x02,0x3E,0x68,0x00,0xF9,0x72,0x03,0x00,0x03,0x48,0xD0,0x00,0xF9,0x72,0x03,0x00,
  0x04,0x51,0xD0,0x00,0x61,0x73,0x03,0x00,0x01,0x3C,0x68,0x00,0x61,0x73,0x03,0x00,0x02,0x3E,0x68,0x00,0xC9,0x73,0x03,0x00,
  0x00,0x37,0xD0,0x00,0xC9,0x73,0x03,0x00,0x01,0x3C,0x68,0x00,0xC9,0x73,0x03,0x00,0x02,0x3E,0x68,0x00,0xC9,0x73,0x03,0x00,
  0x03,0x42,0xD0,0x00,0xC9,0x73,0x03,0x00,0x04,0x54,0xD0,0x00,0x31,0x74,0x03,0x00,0x01,0x3C,0x68,0x00,0x31,0x74,0x03,0x00,
  0x02,0x3E,0x68,0x00,0x99,0x74,0x03,0x00,0x00,0x37,0xD1,0x00,0x99,0x74,0x03,0x00,0x01,0x3C,0x69,0x00,0x99,0x74,0x03,0x00,
  0x02,0x3E,0x69,0x00,0x99,0x74,0x03,0x00,0x04,0x45,0xD1,0x00,0x99,0x74,0x03,0x00,0x03,0x4E,0xD1,0x00,0x02,0x75,0x03,0x00,
  0x01,0x3C,0x68,0x00,0x02,0x75,0x03,0x00,0x02,0x3E,0x68,0x00,0x6A,0x75,0x03,0x00,0x00,0x37,0xD0,0x00,0x6A,0x75,0x03,0x00,
  0x04,0x3B,0x68,0x00,0x6A,0x75,0x03,0x00,0x02,0x3E,0x68,0x00,0x6A,0x75,0x03,0x00,0x03,0x43,0xD0,0x00,0x6A,0x75,0x03,0x00,
  0x01,0x51,0xD0,0x00,0xD2,0x75,0x03,0x00,0x04,0x3B,0x68,0x00,0xD2,0x75,0x03,0x00,0x02,0x3E,0x68,0x00,0x3A,0x76,0x03,0x00,
  0x00,0x37,0xD0,0x00,0x3A,0x76,0x03,0x00,0x04,0x3B,0x68,0x00,0x3A,0x76,0x03,0x00,0x02,0x3E,0x68,0x00,0x3A,0x76,0x03,0x00,
  0x03,0x43,0xD0,0x00,0x3A,0x76,0x03,0x00,0x01,0x4F,0xD0,0x00,0xA2,0x76,0x03,0x00,0x04,0x3B,0x68,0x00,0xA2,0x76,0x03,0x00,
  0x02,0x3E,0x68,0x00,0x0A,0x77,0x03,0x00,0x00,0x37,0xD1,0x00,0x0A,0x77,0x03,0x00,0x04,0x3B,0x69,0x00,0x0A,0x77,0x03,0x00,
  0x02,0x3E,0x69,0x00,0x0A,0x77,0x03,0x00,0x03,0x43,0xD1,0x00,0x0A,0x77,0x03,0x00,0x01,0x4F,0x71,0x02,0x73,0x77,0x03,0x00,
  0x04,0x3B,0x68,0x00,0x73,0x77,0x03,0x00,0x02,0x3E,0x68,0x00,0xDB,0x77,0x03,0x00,0x00,0x37,0xD0,0x00,0xDB,0x77,0x03,0x00,
  0x04,0x3B,0x68,0x00,0xDB,0x77,0x03,0x00,0x02,0x3E,0x68,0x00,0xDB,0x77,0x03,0x00,0x03,0x43,0xD0,0x00,0x43,0x78,0x03,0x00,
  0x04,0x3B,0x68,0x00,0x43,0x78,0x03,0x00,0x02,0x3E,0x68,0x00,0xAB,0x78,0x03,0x00,0x00,0x37,0xD0,0x00,0xAB,0x78,0x03,0x00,
  0x04,0x3B,0x68,0x00,0xAB,0x78,0x03,0x00,0x02,0x3E,0x68,0x00,0xAB,0x78,0x03,0x00,0x03,0x43,0xD0,0x00,0x13,0x79,0x03,0x00,
  0x04,0x3B,0x68,0x00,0x13,0x79,0x03,0x00,0x02,0x3E,0x68,0x00,0x7B,0x79,0x03,0x00,0x00,0x37,0xD1,0x00,0x7B,0x79,0x03,0x00,
  0x04,0x3B,0x69,0x00,0x7B,0x79,0x03,0x00,0x02,0x3E,0x69,0x00,0x7B,0x79,0x03,0x00,0x03,0x43,0xD1,0x00,0x7B,0x79,0x03,0x00,
  0x01,0x53,0xD1,0x00,0xE4,0x79,0x03,0x00,0x04,0x3B,0x68,0x00,0xE4,0x79,0x03,0x00,0x02,0x3E,0x68,0x00,0x4C,0x7A,0x03,0x00,
  0x00,0x37,0xD0,0x00,0x4C,0x7A,0x03,0x00,0x04,0x3B,0x68,0x00,0x4C,0x7A,0x03,0x00,0x02,0x3E,0x68,0x00,0x4C,0x7A,0x03,0x00,
  0x03,0x43,0xD0,0x00,0x4C,0x7A,0x03,0x00,0x01,0x51,0xD0,0x00,0xB4,0x7A,0x03,0x00,0x04,0x3B,0x68,0x00,0xB4,0x7A,0x03,0x00,
  0x02,0x3E,0x68,0x00,0x1C,0x7B,0x03,0x00,0x00,0x37,0xD0,0x00,0x1C,0x7B,0x03,0x00,0x04,0x3B,0x68,0x00,0x1C,0x7B,0x03,0x00,
  0x02,0x3E,0x68,0x00,0x1C,0x7B,0x03,0x00,0x03,0x43,0xD0,0x00,0x1C,0x7B,0x03,0x00,0x01,0x4F,0xD0,0x00,0x84,0x7B,0x03,0x00,
  0x04,0x3B,0x68,0x00,0x84,0x7B,0x03,0x00,0x02,0x3E,0x68,0x00,0xEC,0x7B,0x03,0x00,0x00,0x37,0xD1,0x00,0xEC,0x7B,0x03,0x00,
  0x01,0x3C,0x69,0x00,0xEC,0x7B,0x03,0x00,0x02,0x3E,0x69,0x00,0xEC,0x7B,0x03,0x00,0x04,0x45,0xD1,0x00,0xEC,0x7B,0x03,0x00,
  0x03,0x51,0x35,0x00,0x21,0x7C,0x03,0x00,0x03,0x4F,0x34,0x00,0x55,0x7C,0x03,0x00,0x01,0x3C,0x68,0x00,0x55,0x7C,0x03,0x00,
  0x02,0x3E,0x68,0x00,0x55,0x7C,0x03,0x00,0x03,0x51,0x34,0x00,0x89,0x7C,0x03,0x00,0x03,0x4F,0x34,0x00,0xBD,0x7C,0x03,0x00,
  0x00,0x37,0xD0,0x00,0xBD,0x7C,0x03,0x00,0x01,0x3C,0x68,0x00,0xBD,0x7C,0x03,0x00,0x02,0x3E,0x68,0x00,0xBD,0x7C,0x03,0x00,
  0x04,0x45,0xD0,0x00,0xBD,0x7C,0x03,0x00,0x03,0x4E,0xD0,0x00,0x25,0x7D,0x03,0x00,0x01,0x3C,0x68,0x00,0x25,0x7D,0x03,0x00,
  0x02,0x3E,0x68,0x00,0x8D,0x7D,0x03,0x00,0x00,0x37,0xD0,0x00,0x8D,0x7D,0x03,0x00,0x01,0x3C,0x68,0x00,0x8D,0x7D,0x03,0x00,
  0x02,0x3E,0x68,0x00,0x8D,0x7D,0x03,0x00,0x04,0x45,0xD0,0x00,0x8D,0x7D,0x03,0x00,0x03,0x4E,0x71,0x02,0xF5,0x7D,0x03,0x00,
  0x01,0x3C,0x68,0x00,0xF5,0x7D,0x03,0x00,0x02,0x3E,0x68,0x00,0x5D,0x7E,0x03,0x00,0x00,0x37,0xD1,0x00,0x5D,0x7E,0x03,0x00,
  0x01,0x3C,0x69,0x00,0x5D,0x7E,0x03,0x00,0x02,0x3E,0x69,0x00,0x5D,0x7E,0x03,0x00,0x04,0x45,0xD1,0x00,0xC6,0x7E,0x03,0x00,
  0x01,0x3C,0x68,0x00,0xC6,0x7E,0x03,0x00,0x02,0x3E,0x68,0x00,0x2E,0x7F,0x03,0x00,0x00,0x37,0xD0,0x00,0x2E,0x7F,0x03,0x00,
  0x01,0x3C,0x68,0x00,0x2E,0x7F,0x03,0x00,0x02,0x3E,0x68,0x00,0x2E,0x7F,0x03,0x00,0x04,0x45,0xD0,0x00,0x96,0x7F,0x03,0x00,
  0x01,0x3C,0x68,0x00,0x96,0x7F,0x03,0x00,0x02,0x3E,0x68,0x00,0xFE,0x7F,0x03,0x00,0x00,0x37,0xD0,0x00,0xFE,0x7F,0x03,0x00,
  0x01,0x3C,0x68,0x00,0xFE,0x7F,0x03,0x00,0x02,0x3E,0x68,0x00,0xFE,0x7F,0x03,0x00,0x03,0x48,0xD0,0x00,0xFE,0x7F,0x03,0x00,
  0x04,0x51,0xD0,0x00,0x66,0x80,0x03,0x00,0x01,0x3C,0x68,0x00,0x66,0x80,0x03,0x00,0x02,0x3E,0x68,0x00,0xCE,0x80,0x03,0x00,
  0x00,0x37,0xD1,0x00,0xCE,0x80,0x03,0x00,0x01,0x3C,0x69,0x00,0xCE,0x80,0x03,0x00,0x02,0x3E,0x69,0x00,0xCE,0x80,0x03,0x00,
  0x03,0x42,0xD1,0x00,0xCE,0x80,0x03,0x00,0x04,0x54,0xD1,0x00,0x37,0x81,0x03,0x00,0x01,0x3C,0x68,0x00,0x37,0x81,0x03,0x00,
  0x02,0x3E,0x68,0x00,0x9F,0x81,0x03,0x00,0x00,0x37,0xD0,0x00,0x9F,0x81,0x03,0x00,0x01,0x3C,0x68,0x00,0x9F,0x81,0x03,0x00,
  0x02,0x3E,0x68,0x00,0x9F,0x81,0x03,0x00,0x04,0x45,0xD0,0x00,0x9F,0x81,0x03,0x00,0x03,0x4E,0xD0,0x00,0x07,0x82,0x03,0x00,
  0x01,0x3C,0x68,0x00,0x07,0x82,0x03,0x00,0x02,0x3E,0x68,0x00,0x6F,0x82,0x03,0x00,0x00,0x37,0xD0,0x00,0x6F,0x82,0x03,0x00,
  0x04,0x3B,0xA1,0x01,0x6F,0x82,0x03,0x00,0x02,0x3E,0x68,0x00,0x6F,0x82,0x03,0x00,0x03,0x3E,0xA1,0x01,0x6F,0x82,0x03,0x00,
  0x01,0x4F,0xD0,0x00,0xD7,0x82,0x03,0x00,0x02,0x3E,0x68,0x00,0x3F,0x83,0x03,0x00,0x00,0x37,0xD1,0x00,0x3F,0x83,0x03,0x00,
  0x02,0x3E,0x69,0x00,0x3F,0x83,0x03,0x00,0x01,0x4F,0x1E,0x01,0xA8,0x83,0x03,0x00,0x02,0x3E,0x68,0x00,0x10,0x84,0x03,0x00,
  0x02,0x39,0xD0,0x00,0x10,0x84,0x03,0x00,0x03,0x3E,0x68,0x00,0x10,0x84,0x03,0x00,0x04,0x48,0xD0,0x00,0x10,0x84,0x03,0x00,
  0x00,0x4E,0xD0,0x00,0x78,0x84,0x03,0x00,0x03,0x3E,0x68,0x00,0xE0,0x84,0x03,0x00,0x02,0x39,0xD0,0x00,0xE0,0x84,0x03,0x00,
  0x03,0x3E,0x68,0x00,0xE0,0x84,0x03,0x00,0x04,0x48,0xD0,0x00,0xE0,0x84,0x03,0x00,0x01,0x4C,0x68,0x00,0x48,0x85,0x03,0x00,
  0x03,0x3E,0x68,0x00,0x48,0x85,0x03,0x00,0x00,0x4E,0x68,0x00,0xB0,0x85,0x03,0x00,0x04,0x3B,0xD1,0x00,0xB0,0x85,0x03,0x00,
  0x02,0x3E,0x69,0x00,0xB0,0x85,0x03,0x00,0x00,0x4A,0xD1,0x00,0xB0,0x85,0x03,0x00,0x01,0x4F,0xD1,0x00,0x19,0x86,0x03,0x00,
  0x02,0x3E,0x68,0x00,0x81,0x86,0x03,0x00,0x04,0x3B,0xD0,0x00,0x81,0x86,0x03,0x00,0x02,0x3E,0x68,0x00,0x81,0x86,0x03,0x00,
  0x00,0x4A,0xD0,0x00,0x81,0x86,0x03,0x00,0x01,0x4F,0xD0,0x00,0xE9,0x86,0x03,0x00,0x02,0x3E,0x68,0x00,0x36,0x87,0x03,0x00,
  0x03,0x53,0x68,0x00,0x51,0x87,0x03,0x00,0x04,0x36,0xD0,0x00,0x51,0x87,0x03,0x00,0x02,0x3E,0x68,0x00,0x51,0x87,0x03,0x00,
  0x00,0x48,0xD0,0x00,0x51,0x87,0x03,0x00,0x01,0x51,0xD0,0x00,0xB9,0x87,0x03,0x00,0x02,0x3E,0x68,0x00,0x21,0x88,0x03,0x00,
  0x04,0x36,0xD1,0x00,0x21,0x88,0x03,0x00,0x02,0x3E,0x69,0x00,0x21,0x88,0x03,0x00,0x01,0x47,0x69,0x00,0x21,0x88,0x03,0x00,
  0x00,0x4F,0x69,0x00,0x8A,0x88,0x03,0x00,0x02,0x3E,0x68,0x00,0x8A,0x88,0x03,0x00,0x00,0x45,0x68,0x00,0x8A,0x88,0x03,0x00,
  0x01,0x51,0x68,0x00,0xF2,0x88,0x03,0x00,0x00,0x37,0xD0,0x00,0xF2,0x88,0x03,0x00,0x02,0x3E,0x68,0x00,0xF2,0x88,0x03,0x00,
  0x03,0x43,0xD0,0x00,0xF2,0x88,0x03,0x00,0x04,0x53,0xD0,0x00,0x5A,0x89,0x03,0x00,0x02,0x3E,0x68,0x00,0xC2,0x89,0x03,0x00,
  0x00,0x37,0xD0,0x00,0xC2,0x89,0x03,0x00,0x02,0x3E,0x68,0x00,0xC2,0x89,0x03,0x00,0x03,0x43,0xD0,0x00,0xC2,0x89,0x03,0x00,
  0x04,0x53,0xD0,0x00,0x2A,0x8A,0x03,0x00,0x02,0x3E,0x68,0x00,0x77,0x8A,0x03,0x00,0x01,0x56,0x69,0x00,0x92,0x8A,0x03,0x00,
  0x02,0x39,0xD1,0x00,0x92,0x8A,0x03,0x00,0x03,0x3E,0x69,0x00,0x92,0x8A,0x03,0x00,0x04,0x42,0xD1,0x00,0x92,0x8A,0x03,0x00,
  0x00,0x54,0xD1,0x00,0xFB,0x8A,0x03,0x00,0x03,0x3E,0x68,0x00,0x63,0x8B,0x03,0x00,0x02,0x39,0xD0,0x00,0x63,0x8B,0x03,0x00,
  0x03,0x3E,0x68,0x00,0x63,0x8B,0x03,0x00,0x01,0x42,0xD0,0x00,0x63,0x8B,0x03,0x00,0x04,0x53,0x68,0x00,0xCB,0x8B,0x03,0x00,
  0x03,0x3E,0x68,0x00,0xCB,0x8B,0x03,0x00,0x04,0x54,0x68,0x00,0x33,0x8C,0x03,0x00,0x04,0x3B,0xA1,0x01,0x33,0x8C,0x03,0x00,
  0x02,0x3E,0xA1,0x01,0x33,0x8C,0x03,0x00,0x03,0x43,0xA1,0x01,0x33,0x8C,0x03,0x00,0x01,0x56,0xA1,0x01,0x74,0x8F,0x03,0x00,
  0x01,0x47,0x42,0x03,0x74,0x8F,0x03,0x00,0x04,0x4A,0x42,0x03,0xB6,0x92,0x03,0x00,0x02,0x48,0x41,0x03,0xB6,0x92,0x03,0x00,
  0x01,0x4C,0x41,0x03,0xC1,0x95,0x03,0x00,0x03,0x47,0xD0,0x00,0xC1,0x95,0x03,0x00,0x04,0x4A,0xD0,0x00,0xF7,0x95,0x03,0x00,
  0x00,0x32,0x41,0x03,0xF7,0x95,0x03,0x00,0x01,0x36,0x41,0x03,0xF7,0x95,0x03,0x00,0x02,0x45,0xA1,0x01,0xF7,0x95,0x03,0x00,
  0x03,0x48,0xA1,0x01,0x98,0x97,0x03,0x00,0x04,0x45,0x3B,0x02,0x98,0x97,0x03,0x00,0x02,0x48,0x3B,0x02,0x38,0x99,0x03,0x00,
  0x03,0x34,0x42,0x03,0x38,0x99,0x03,0x00,0x00,0x37,0x42,0x03,0x38,0x99,0x03,0x00,0x01,0x43,0xA1,0x01,0x38,0x99,0x03,0x00,
  0x04,0x47,0xA1,0x01,0xD9,0x9A,0x03,0x00,0x02,0x43,0xA1,0x01,0xD9,0x9A,0x03,0x00,0x01,0x47,0x3B,0x02,0x7A,0x9C,0x03,0x00,
  0x03,0x30,0xA0,0x01,0x7A,0x9C,0x03,0x00,0x00,0x3C,0xA0,0x01,0x7A,0x9C,0x03,0x00,0x04,0x40,0xA0,0x01,0x7A,0x9C,0x03,0x00,
  0x02,0x45,0xA0,0x01,0x1A,0x9E,0x03,0x00,0x03,0x30,0xA1,0x01,0x1A,0x9E,0x03,0x00,0x00,0x3C,0xA1,0x01,0x1A,0x9E,0x03,0x00,
  0x04,0x40,0xA1,0x01,0x1A,0x9E,0x03,0x00,0x01,0x45,0xA1,0x01,0xBB,0x9F,0x03,0x00,0x00,0x32,0xA1,0x01,0xBB,0x9F,0x03,0x00,
  0x02,0x39,0xA1,0x01,0xBB,0x9F,0x03,0x00,0x01,0x3C,0xA1,0x01,0xBB,0x9F,0x03,0x00,0x03,0x43,0xD0,0x00,0x8B,0xA0,0x03,0x00,
  0x03,0x42,0xD1,0x00,0x5C,0xA1,0x03,0x00,0x00,0x32,0xA0,0x01,0x5C,0xA1,0x03,0x00,0x01,0x32,0xA0,0x01,0x5C,0xA1,0x03,0x00,
  0x02,0x39,0xA0,0x01,0x5C,0xA1,0x03,0x00,0x04,0x40,0xD0,0x00,0x2C,0xA2,0x03,0x00,0x03,0x42,0xD0,0x00,0xFC,0xA2,0x03,0x00,
  0x02,0x2F,0xD1,0x00,0xFC,0xA2,0x03,0x00,0x00,0x32,0xD1,0x00,0xFC,0xA2,0x03,0x00,0x03,0x3E,0xD1,0x00,0xFC,0xA2,0x03,0x00,
  0x04,0x43,0xD1,0x00,0x9D,0xA4,0x03,0x00,0x00,0x32,0xD0,0x00,0x9D,0xA4,0x03,0x00,0x02,0x3E,0xD0,0x00,0x9D,0xA4,0x03,0x00,
  0x01,0x42,0xD0,0x00,0x9D,0xA4,0x03,0x00,0x04,0x45,0xD0,0x00,0x3E,0xA6,0x03,0x00,0x00,0x37,0xA0,0x01,0x3E,0xA6,0x03,0x00,
  0x02,0x3E,0xA0,0x01,0x3E,0xA6,0x03,0x00,0x03,0x43,0xD0,0x00,0x3E,0xA6,0x03,0x00,0x01,0x47,0xD0,0x00,0x7F,0xA9,0x03,0x00,
  0x01,0x47,0x41,0x03,0x7F,0xA9,0x03,0x00,0x04,0x4A,0x41,0x03,0xC0,0xAC,0x03,0x00,0x02,0x48,0x42,0x03,0xC0,0xAC,0x03,0x00,
  0x01,0x4C,0x42,0x03,0x02,0xB0,0x03,0x00,0x00,0x32,0x41,0x03,0x02,0xB0,0x03,0x00,0x01,0x42,0x41,0x03,0x02,0xB0,0x03,0x00,
  0x02,0x47,0xD0,0x00,0x02,0xB0,0x03,0x00,0x04,0x4A,0xD0,0x00,0xD2,0xB0,0x03,0x00,0x04,0x45,0xD0,0x00,0xD2,0xB0,0x03,0x00,
  0x02,0x48,0xD0,0x00,0xA2,0xB1,0x03,0x00,0x04,0x45,0xD1,0x00,0xA2,0xB1,0x03,0x00,0x02,0x48,0xD1,0x00,0x73,0xB2,0x03,0x00,
  0x04,0x45,0xD0,0x00,0x73,0xB2,0x03,0x00,0x02,0x48,0xD0,0x00,0x43,0xB3,0x03,0x00,0x02,0x34,0x41,0x03,0x43,0xB3,0x03,0x00,
  0x03,0x43,0x41,0x03,0x43,0xB3,0x03,0x00,0x04,0x45,0xD0,0x00,0x43,0xB3,0x03,0x00,0x00,0x48,0xD0,0x00,0x13,0xB4,0x03,0x00,
  0x04,0x43,0xD1,0x00,0x13,0xB4,0x03,0x00,0x01,0x47,0xD1,0x00,0xE4,0xB4,0x03,0x00,0x04,0x43,0xD0,0x00,0xE4,0xB4,0x03,0x00,
  0x01,0x47,0xD0,0x00,0xB4,0xB5,0x03,0x00,0x04,0x43,0xD0,0x00,0xB4,0xB5,0x03,0x00,0x01,0x47,0xD0,0x00,0x84,0xB6,0x03,0x00,
  0x03,0x30,0xA1,0x01,0x84,0xB6,0x03,0x00,0x00,0x3C,0xA1,0x01,0x84,0xB6,0x03,0x00,0x04,0x40,0xA1,0x01,0x84,0xB6,0x03,0x00,
  0x01,0x47,0xD1,0x00,0x55,0xB7,0x03,0x00,0x01,0x45,0xD0,0x00,0x25,0xB8,0x03,0x00,0x03,0x30,0xA1,0x01,0x25,0xB8,0x03,0x00,
  0x00,0x3C,0xD0,0x00,0x25,0xB8,0x03,0x00,0x04,0x40,0xD0,0x00,0x25,0xB8,0x03,0x00,0x01,0x45,0xD0,0x00,0xF5,0xB8,0x03,0x00,
  0x00,0x3C,0xD1,0x00,0xF5,0xB8,0x03,0x00,0x04,0x40,0xD1,0x00,0xF5,0xB8,0x03,0x00,0x01,0x45,0xD1,0x00,0xC6,0xB9,0x03,0x00,
  0x00,0x32,0xA0,0x01,0xC6,0xB9,0x03,0x00,0x02,0x39,0xA0,0x01,0xC6,0xB9,0x03,0x00,0x01,0x3C,0xA0,0x01,0xC6,0xB9,0x03,0x00,
  0x03,0x43,0xD0,0x00,0x96,0xBA,0x03,0x00,0x03,0x42,0xD0,0x00,0x66,0xBB,0x03,0x00,0x00,0x32,0xA1,0x01,0x66,0xBB,0x03,0x00,
  0x02,0x39,0xD1,0x00,0x66,0xBB,0x03,0x00,0x01,0x3C,0xD1,0x00,0x66,0xBB,0x03,0x00,0x04,0x40,0xD1,0x00,0x37,0xBC,0x03,0x00,
  0x02,0x39,0xD0,0x00,0x37,0xBC,0x03,0x00,0x01,0x3C,0xD0,0x00,0x37,0xBC,0x03,0x00,0x03,0x42,0xD0,0x00,0x07,0xBD,0x03,0x00,
  0x00,0x37,0xD0,0x00,0x07,0xBD,0x03,0x00,0x01,0x37,0xD0,0x00,0x07,0xBD,0x03,0x00,0x02,0x37,0x12,0x04,0x07,0xBD,0x03,0x00,
  0x04,0x3B,0x12,0x04,0x07,0xBD,0x03,0x00,0x03,0x43,0x12,0x04,0xD7,0xBD,0x03,0x00,0x00,0x37,0xD1,0x00,0xD7,0xBD,0x03,0x00,
  0x01,0x37,0xD1,0x00,0xA8,0xBE,0x03,0x00,0x00,0x37,0xD0,0x00,0xA8,0xBE,0x03,0x00,0x01,0x37,0xD0,0x00,0x78,0xBF,0x03,0x00,
  0x00,0x37,0xD0,0x00,0x78,0xBF,0x03,0x00,0x01,0x37,0xD0,0x00,0x48,0xC0,0x03,0x00,0x00,0x37,0xD1,0x00,0x48,0xC0,0x03,0x00,
  0x01,0x37,0xD1,0x00,0x19,0xC1,0x03,0x00,0x00,0x37,0xD0,0x00,0x19,0xC1,0x03,0x00,0x01,0x37,0xD0,0x00,0x19,0xC1,0x03,0x00,
  0x02,0x3C,0x34,0x00,0x19,0xC1,0x03,0x00,0x04,0x45,0x34,0x00,0x4D,0xC1,0x03,0x00,0x04,0x3B,0x34,0x00,0x4D,0xC1,0x03,0x00,
  0x02,0x43,0x34,0x00,0x81,0xC1,0x03,0x00,0x02,0x39,0x34,0x00,0x81,0xC1,0x03,0x00,0x03,0x42,0x34,0x00,0xB5,0xC1,0x03,0x00,
  0x04,0x3B,0x34,0x00,0xB5,0xC1,0x03,0x00,0x02,0x43,0x34,0x00,0xE9,0xC1,0x03,0x00,0x00,0x37,0xD0,0x00,0xE9,0xC1,0x03,0x00,
  0x01,0x37,0xD0,0x00,0xE9,0xC1,0x03,0x00,0x02,0x3C,0xD0,0x00,0xE9,0xC1,0x03,0x00,0x04,0x45,0xD0,0x00,0xB9,0xC2,0x03,0x00,
  0x00,0x37,0xD1,0x00,0xB9,0xC2,0x03,0x00,0x01,0x37,0xD1,0x00,0xB9,0xC2,0x03,0x00,0x02,0x39,0xD1,0x00,0xB9,0xC2,0x03,0x00,
  0x03,0x42,0xD1,0x00,0x8A,0xC3,0x03,0x00,0x00,0x37,0xD0,0x00,0x8A,0xC3,0x03,0x00,0x01,0x37,0xD0,0x00,0x8A,0xC3,0x03,0x00,
  0x02,0x43,0x11,0x04,0x8A,0xC3,0x03,0x00,0x03,0x47,0x11,0x04,0x5A,0xC4,0x03,0x00,0x00,0x37,0xD0,0x00,0x5A,0xC4,0x03,0x00,
  0x01,0x37,0xD0,0x00,0x2A,0xC5,0x03,0x00,0x00,0x37,0xD1,0x00,0x2A,0xC5,0x03,0x00,0x01,0x37,0xD1,0x00,0xFB,0xC5,0x03,0x00,
  0x00,0x37,0xD0,0x00,0xFB,0xC5,0x03,0x00,0x01,0x37,0xD0,0x00,0xCB,0xC6,0x03,0x00,0x00,0x37,0xD0,0x00,0xCB,0xC6,0x03,0x00,
  0x01,0x37,0xD0,0x00,0x9B,0xC7,0x03,0x00,0x00,0x37,0xD1,0x00,0x9B,0xC7,0x03,0x00,0x01,0x37,0xD1,0x00,0x9B,0xC7,0x03,0x00,
  0x04,0x45,0x35,0x00,0x9B,0xC7,0x03,0x00,0x02,0x48,0x35,0x00,0xD0,0xC7,0x03,0x00,0x02,0x43,0x34,0x00,0xD0,0xC7,0x03,0x00,
  0x03,0x47,0x34,0x00,0x04,0xC8,0x03,0x00,0x02,0x42,0x34,0x00,0x04,0xC8,0x03,0x00,0x04,0x45,0x34,0x00,0x38,0xC8,0x03,0x00,
  0x02,0x43,0x34,0x00,0x38,0xC8,0x03,0x00,0x03,0x47,0x34,0x00,0x6C,0xC8,0x03,0x00,0x00,0x37,0xD0,0x00,0x6C,0xC8,0x03,0x00,
  0x01,0x37,0xD0,0x00,0x6C,0xC8,0x03,0x00,0x04,0x45,0xD0,0x00,0x6C,0xC8,0x03,0x00,0x02,0x48,0xD0,0x00,0x3C,0xC9,0x03,0x00,
  0x00,0x37,0xD0,0x00,0x3C,0xC9,0x03,0x00,0x01,0x37,0xD0,0x00,0x3C,0xC9,0x03,0x00,0x02,0x42,0xD0,0x00,0x3C,0xC9,0x03,0x00,
  0x04,0x45,0xD0,0x00,0x0C,0xCA,0x03,0x00,0x00,0x37,0xD1,0x00,0x0C,0xCA,0x03,0x00,0x01,0x37,0xD1,0x00,0x0C,0xCA,0x03,0x00,
  0x02,0x47,0x69,0x00,0x0C,0xCA,0x03,0x00,0x04,0x4A,0x69,0x00,0x75,0xCA,0x03,0x00,0x02,0x47,0x68,0x00,0x75,0xCA,0x03,0x00,
  0x04,0x4A,0x68,0x00,0xDD,0xCA,0x03,0x00,0x00,0x37,0xD0,0x00,0xDD,0xCA,0x03,0x00,0x02,0x43,0xD0,0x00,0xDD,0xCA,0x03,0x00,
  0x01,0x47,0x68,0x00,0xDD,0xCA,0x03,0x00,0x04,0x4A,0x68,0x00,0x45,0xCB,0x03,0x00,0x01,0x47,0x68,0x00,0x45,0xCB,0x03,0x00,
  0x04,0x4A,0x68,0x00,0xAD,0xCB,0x03,0x00,0x00,0x37,0xD0,0x00,0xAD,0xCB,0x03,0x00,0x02,0x43,0xD0,0x00,0xAD,0xCB,0x03,0x00,
  0x01,0x47,0x68,0x00,0xAD,0xCB,0x03,0x00,0x04,0x4A,0x68,0x00,0x15,0xCC,0x03,0x00,0x01,0x47,0x68,0x00,0x15,0xCC,0x03,0x00,
  0x04,0x4A,0x68,0x00,0x7D,0xCC,0x03,0x00,0x00,0x37,0xD1,0x00,0x7D,0xCC,0x03,0x00,0x02,0x43,0xD1,0x00,0x7D,0xCC,0x03,0x00,
  0x01,0x47,0x69,0x00,0x7D,0xCC,0x03,0x00,0x04,0x4A,0x69,0x00,0xE6,0xCC,0x03,0x00,0x01,0x47,0x68,0x00,0xE6,0xCC,0x03,0x00,
  0x04,0x4A,0x68,0x00,0x4E,0xCD,0x03,0x00,0x00,0x37,0xD0,0x00,0x4E,0xCD,0x03,0x00,0x02,0x43,0xD0,0x00,0x4E,0xCD,0x03,0x00,
  0x03,0x48,0x68,0x00,0x4E,0xCD,0x03,0x00,0x01,0x4C,0x68,0x00,0xB6,0xCD,0x03,0x00,0x03,0x48,0x68,0x00,0xB6,0xCD,0x03,0x00,
  0x01,0x4C,0x68,0x00,0x1E,0xCE,0x03,0x00,0x00,0x37,0xD0,0x00,0x1E,0xCE,0x03,0x00,0x02,0x43,0xD0,0x00,0x1E,0xCE,0x03,0x00,
  0x03,0x48,0x68,0x00,0x1E,0xCE,0x03,0x00,0x01,0x4C,0x68,0x00,0x86,0xCE,0x03,0x00,0x03,0x48,0x68,0x00,0x86,0xCE,0x03,0x00,
  0x01,0x4C,0x68,0x00,0xEE,0xCE,0x03,0x00,0x00,0x37,0xD1,0x00,0xEE,0xCE,0x03,0x00,0x04,0x45,0xD1,0x00,0xEE,0xCE,0x03,0x00,
  0x02,0x48,0x69,0x00,0xEE,0xCE,0x03,0x00,0x03,0x4E,0x69,0x00,0x57,0xCF,0x03,0x00,0x02,0x48,0x68,0x00,0x57,0xCF,0x03,0x00,
  0x03,0x4E,0x68,0x00,0xBF,0xCF,0x03,0x00,0x00,0x37,0xD0,0x00,0xBF,0xCF,0x03,0x00,0x04,0x45,0xD0,0x00,0xBF,0xCF,0x03,0x00,
  0x02,0x48,0x68,0x00,0xBF,0xCF,0x03,0x00,0x03,0x4E,0x68,0x00,0x27,0xD0,0x03,0x00,0x02,0x48,0x68,0x00,0x27,0xD0,0x03,0x00,
  0x03,0x4E,0x68,0x00,0x8F,0xD0,0x03,0x00,0x00,0x37,0xD0,0x00,0x8F,0xD0,0x03,0x00,0x02,0x43,0xD0,0x00,0x8F,0xD0,0x03,0x00,
  0x01,0x47,0x68,0x00,0x8F,0xD0,0x03,0x00,0x04,0x4F,0x68,0x00,0xF7,0xD0,0x03,0x00,0x01,0x47,0x68,0x00,0xF7,0xD0,0x03,0x00,
  0x04,0x4F,0x68,0x00,0x5F,0xD1,0x03,0x00,0x00,0x37,0xD1,0x00,0x5F,0xD1,0x03,0x00,0x02,0x43,0xD1,0x00,0x5F,0xD1,0x03,0x00,
  0x01,0x47,0x69,0x00,0x5F,0xD1,0x03,0x00,0x04,0x4F,0x69,0x00,0xC8,0xD1,0x03,0x00,0x01,0x47,0x68,0x00,0xC8,0xD1,0x03,0x00,
  0x04,0x4F,0x68,0x00,0x30,0xD2,0x03,0x00,0x04,0x36,0xD0,0x00,0x30,0xD2,0x03,0x00,0x01,0x42,0xD0,0x00,0x30,0xD2,0x03,0x00,
  0x00,0x4A,0x68,0x00,0x30,0xD2,0x03,0x00,0x02,0x51,0x68,0x00,0x98,0xD2,0x03,0x00,0x00,0x4A,0x68,0x00,0x98,0xD2,0x03,0x00,
  0x02,0x51,0x68,0x00,0x00,0xD3,0x03,0x00,0x04,0x36,0xD0,0x00,0x00,0xD3,0x03,0x00,0x01,0x42,0xD0,0x00,0x00,0xD3,0x03,0x00,
  0x00,0x4A,0x68,0x00,0x00,0xD3,0x03,0x00,0x02,0x51,0x68,0x00,0x68,0xD3,0x03,0x00,0x00,0x4A,0x68,0x00,0x68,0xD3,0x03,0x00,
  0x02,0x51,0x68,0x00,0xD0,0xD3,0x03,0x00,0x00,0x37,0xD1,0x00,0xD0,0xD3,0x03,0x00,0x02,0x43,0xD1,0x00,0xD0,0xD3,0x03,0x00,
  0x04,0x4A,0x69,0x00,0xD0,0xD3,0x03,0x00,0x03,0x53,0x69,0x00,0x39,0xD4,0x03,0x00,0x04,0x4A,0x68,0x00,0x39,0xD4,0x03,0x00,
  0x03,0x53,0x68,0x00,0xA1,0xD4,0x03,0x00,0x00,0x37,0xD0,0x00,0xA1,0xD4,0x03,0x00,0x02,0x43,0xD0,0x00,0xA1,0xD4,0x03,0x00,
  0x04,0x4A,0x68,0x00,0xA1,0xD4,0x03,0x00,0x03,0x53,0x68,0x00,0x09,0xD5,0x03,0x00,0x04,0x4A,0x68,0x00,0x09,0xD5,0x03,0x00,
  0x03,0x53,0x68,0x00,0x71,0xD5,0x03,0x00,0x02,0x34,0xD0,0x00,0x71,0xD5,0x03,0x00,0x04,0x40,0xD0,0x00,0x71,0xD5,0x03,0x00,
  0x00,0x4F,0x68,0x00,0x71,0xD5,0x03,0x00,0x01,0x55,0x68,0x00,0xD9,0xD5,0x03,0x00,0x00,0x4F,0x68,0x00,0xD9,0xD5,0x03,0x00,
  0x01,0x55,0x68,0x00,0x41,0xD6,0x03,0x00,0x02,0x34,0xD1,0x00,0x41,0xD6,0x03,0x00,0x04,0x40,0xD1,0x00,0x41,0xD6,0x03,0x00,
  0x00,0x4F,0x69,0x00,0x41,0xD6,0x03,0x00,0x01,0x55,0x69,0x00,0xAA,0xD6,0x03,0x00,0x00,0x4F,0x68,0x00,0xAA,0xD6,0x03,0x00,
  0x01,0x55,0x68,0x00,0x12,0xD7,0x03,0x00,0x00,0x32,0x82,0x06,0x12,0xD7,0x03,0x00,0x02,0x3E,0x68,0x00,0x12,0xD7,0x03,0x00,
  0x04,0x45,0x68,0x00,0x12,0xD7,0x03,0x00,0x03,0x4E,0x68,0x00,0x12,0xD7,0x03,0x00,0x01,0x56,0x71,0x02,0x7A,0xD7,0x03,0x00,
  0x02,0x3E,0x68,0x00,0x7A,0xD7,0x03,0x00,0x04,0x45,0x68,0x00,0x7A,0xD7,0x03,0x00,0x03,0x4E,0x68,0x00,0xE2,0xD7,0x03,0x00,
  0x02,0x3E,0x68,0x00,0xE2,0xD7,0x03,0x00,0x04,0x45,0x68,0x00,0xE2,0xD7,0x03,0x00,0x03,0x4E,0x68,0x00,0x4A,0xD8,0x03,0x00,
  0x02,0x3E,0x68,0x00,0x4A,0xD8,0x03,0x00,0x04,0x45,0x68,0x00,0x4A,0xD8,0x03,0x00,0x03,0x4E,0x68,0x00,0xB2,0xD8,0x03,0x00,
  0x02,0x3E,0x69,0x00,0xB2,0xD8,0x03,0x00,0x04,0x45,0x69,0x00,0xB2,0xD8,0x03,0x00,0x03,0x4E,0x69,0x00,0x1B,0xD9,0x03,0x00,
  0x02,0x3E,0x68,0x00,0x1B,0xD9,0x03,0x00,0x04,0x45,0x68,0x00,0x1B,0xD9,0x03,0x00,0x03,0x4E,0x68,0x00,0x83,0xD9,0x03,0x00,
  0x02,0x3E,0x68,0x00,0x83,0xD9,0x03,0x00,0x04,0x45,0x68,0x00,0x83,0xD9,0x03,0x00,0x03,0x4E,0x68,0x00,0x83,0xD9,0x03,0x00,
  0x01,0x51,0xD0,0x00,0xEB,0xD9,0x03,0x00,0x02,0x3E,0x68,0x00,0xEB,0xD9,0x03,0x00,0x04,0x45,0x68,0x00,0xEB,0xD9,0x03,0x00,
  0x03,0x4E,0x68,0x00,0x53,0xDA,0x03,0x00,0x04,0x40,0x68,0x00,0x53,0xDA,0x03,0x00,0x01,0x45,0x68,0x00,0x53,0xDA,0x03,0x00,
  0x02,0x4F,0x68,0x00,0x53,0xDA,0x03,0x00,0x03,0x55,0x39,0x01,0xBB,0xDA,0x03,0x00,0x04,0x40,0x68,0x00,0xBB,0xDA,0x03,0x00,
  0x01,0x45,0x68,0x00,0xBB,0xDA,0x03,0x00,0x02,0x4F,0x68,0x00,0x23,0xDB,0x03,0x00,0x04,0x40,0x69,0x00,0x23,0xDB,0x03,0x00,
  0x01,0x45,0x69,0x00,0x23,0xDB,0x03,0x00,0x02,0x4F,0x69,0x00,0x8C,0xDB,0x03,0x00,0x04,0x40,0x68,0x00,0x8C,0xDB,0x03,0x00,
  0x01,0x45,0x68,0x00,0x8C,0xDB,0x03,0x00,0x02,0x4F,0x68,0x00,0x8C,0xDB,0x03,0x00,0x03,0x51,0x68,0x00,0xF4,0xDB,0x03,0x00,
  0x04,0x40,0x68,0x00,0xF4,0xDB,0x03,0x00,0x01,0x45,0x68,0x00,0xF4,0xDB,0x03,0x00,0x02,0x4F,0x68,0x00,0xF4,0xDB,0x03,0x00,
  0x03,0x55,0x38,0x01,0x5C,0xDC,0x03,0x00,0x04,0x40,0x68,0x00,0x5C,0xDC,0x03,0x00,0x01,0x45,0x68,0x00,0x5C,0xDC,0x03,0x00,
  0x02,0x4F,0x68,0x00,0xC4,0xDC,0x03,0x00,0x04,0x40,0x68,0x00,0xC4,0xDC,0x03,0x00,0x01,0x45,0x68,0x00,0xC4,0xDC,0x03,0x00,
  0x02,0x4F,0x68,0x00,0x2C,0xDD,0x03,0x00,0x04,0x40,0x68,0x00,0x2C,0xDD,0x03,0x00,0x01,0x45,0x68,0x00,0x2C,0xDD,0x03,0x00,
  0x02,0x4F,0x68,0x00,0x2C,0xDD,0x03,0x00,0x03,0x51,0x68,0x00,0x94,0xDD,0x03,0x00,0x00,0x32,0x83,0x06,0x94,0xDD,0x03,0x00,
  0x02,0x3E,0x69,0x00,0x94,0xDD,0x03,0x00,0x04,0x45,0x69,0x00,0x94,0xDD,0x03,0x00,0x03,0x4E,0x69,0x00,0x94,0xDD,0x03,0x00,
  0x01,0x56,0x71,0x02,0xFD,0xDD,0x03,0x00,0x02,0x3E,0x68,0x00,0xFD,0xDD,0x03,0x00,0x04,0x45,0x68,0x00,0xFD,0xDD,0x03,0x00,
  0x03,0x4E,0x68,0x00,0x65,0xDE,0x03,0x00,0x02,0x3E,0x68,0x00,0x65,0xDE,0x03,0x00,0x04,0x45,0x68,0x00,0x65,0xDE,0x03,0x00,
  0x03,0x4E,0x68,0x00,0xCD,0xDE,0x03,0x00,0x02,0x3E,0x68,0x00,0xCD,0xDE,0x03,0x00,0x04,0x45,0x68,0x00,0xCD,0xDE,0x03,0x00,
  0x03,0x4E,0x68,0x00,0x35,0xDF,0x03,0x00,0x02,0x3E,0x68,0x00,0x35,0xDF,0x03,0x00,0x04,0x45,0x68,0x00,0x35,0xDF,0x03,0x00,
  0x03,0x4E,0x68,0x00,0x9D,0xDF,0x03,0x00,0x02,0x3E,0x68,0x00,0x9D,0xDF,0x03,0x00,0x04,0x45,0x68,0x00,0x9D,0xDF,0x03,0x00,
  0x03,0x4E,0x68,0x00,0x05,0xE0,0x03,0x00,0x02,0x3E,0x69,0x00,0x05,0xE0,0x03,0x00,0x04,0x45,0x69,0x00,0x05,0xE0,0x03,0x00,
  0x03,0x4E,0x69,0x00,0x05,0xE0,0x03,0x00,0x01,0x51,0xD1,0x00,0x6E,0xE0,0x03,0x00,0x02,0x3E,0x68,0x00,0x6E,0xE0,0x03,0x00,
  0x04,0x45,0x68,0x00,0x6E,0xE0,0x03,0x00,0x03,0x4E,0x68,0x00,0xD6,0xE0,0x03,0x00,0x04,0x40,0x68,0x00,0xD6,0xE0,0x03,0x00,
  0x01,0x45,0x68,0x00,0xD6,0xE0,0x03,0x00,0x02,0x4F,0x68,0x00,0xD6,0xE0,0x03,0x00,0x03,0x55,0x38,0x01,0x3E,0xE1,0x03,0x00,
  0x04,0x40,0x68,0x00,0x3E,0xE1,0x03,0x00,0x01,0x45,0x68,0x00,0x3E,0xE1,0x03,0x00,0x02,0x4F,0x68,0x00,0xA6,0xE1,0x03,0x00,
  0x04,0x40,0x68,0x00,0xA6,0xE1,0x03,0x00,0x01,0x45,0x68,0x00,0xA6,0xE1,0x03,0x00,0x02,0x4F,0x68,0x00,0x0E,0xE2,0x03,0x00,
  0x04,0x40,0x68,0x00,0x0E,0xE2,0x03,0x00,0x01,0x45,0x68,0x00,0x0E,0xE2,0x03,0x00,0x02,0x4F,0x68,0x00,0x0E,0xE2,0x03,0x00,
  0x03,0x51,0x68,0x00,0x76,0xE2,0x03,0x00,0x04,0x40,0x69,0x00,0x76,0xE2,0x03,0x00,0x01,0x45,0x69,0x00,0x76,0xE2,0x03,0x00,
  0x02,0x4F,0x69,0x00,0x76,0xE2,0x03,0x00,0x03,0x55,0x39,0x01,0xDF,0xE2,0x03,0x00,0x04,0x40,0x68,0x00,0xDF,0xE2,0x03,0x00,
  0x01,0x45,0x68,0x00,0xDF,0xE2,0x03,0x00,0x02,0x4F,0x68,0x00,0x47,0xE3,0x03,0x00,0x04,0x40,0x68,0x00,0x47,0xE3,0x03,0x00,
  0x01,0x45,0x68,0x00,0x47,0xE3,0x03,0x00,0x02,0x4F,0x68,0x00,0xAF,0xE3,0x03,0x00,0x04,0x40,0x68,0x00,0xAF,0xE3,0x03,0x00,
  0x01,0x45,0x68,0x00,0xAF,0xE3,0x03,0x00,0x02,0x4F,0x68,0x00,0xAF,0xE3,0x03,0x00,0x03,0x51,0x68,0x00,0x17,0xE4,0x03,0x00,
  0x00,0x32,0xD0,0x00,0x17,0xE4,0x03,0x00,0x02,0x3E,0x68,0x00,0x17,0xE4,0x03,0x00,0x04,0x45,0x68,0x00,0x17,0xE4,0x03,0x00,
  0x03,0x4E,0x68,0x00,0x17,0xE4,0x03,0x00,0x01,0x56,0xD0,0x00,0x7F,0xE4,0x03,0x00,0x02,0x3E,0x68,0x00,0x7F,0xE4,0x03,0x00,
  0x04,0x45,0x68,0x00,0x7F,0xE4,0x03,0x00,0x03,0x4E,0x68,0x00,0xE7,0xE4,0x03,0x00,0x00,0x32,0xD1,0x00,0xE7,0xE4,0x03,0x00,
  0x02,0x3E,0x69,0x00,0xE7,0xE4,0x03,0x00,0x04,0x45,0x69,0x00,0xE7,0xE4,0x03,0x00,0x03,0x4E,0x69,0x00,0xE7,0xE4,0x03,0x00,
  0x01,0x51,0xD1,0x00,0x50,0xE5,0x03,0x00,0x02,0x3E,0x68,0x00,0x50,0xE5,0x03,0x00,0x04,0x45,0x68,0x00,0x50,0xE5,0x03,0x00,
  0x03,0x4E,0x68,0x00,0xB8,0xE5,0x03,0x00,0x00,0x32,0xD0,0x00,0xB8,0xE5,0x03,0x00,0x04,0x40,0x68,0x00,0xB8,0xE5,0x03,0x00,
  0x01,0x45,0x68,0x00,0xB8,0xE5,0x03,0x00,0x02,0x4F,0x68,0x00,0xB8,0xE5,0x03,0x00,0x03,0x55,0xD0,0x00,0x20,0xE6,0x03,0x00,
  0x04,0x40,0x68,0x00,0x20,0xE6,0x03,0x00,0x01,0x45,0x68,0x00,0x20,0xE6,0x03,0x00,0x02,0x4F,0x68,0x00,0x88,0xE6,0x03,0x00,
  0x00,0x32,0xD0,0x00,0x88,0xE6,0x03,0x00,0x04,0x40,0x68,0x00,0x88,0xE6,0x03,0x00,0x01,0x45,0x68,0x00,0x88,0xE6,0x03,0x00,
  0x02,0x4F,0x68,0x00,0x88,0xE6,0x03,0x00,0x03,0x51,0xD0,0x00,0xF0,0xE6,0x03,0x00,0x04,0x40,0x68,0x00,0xF0,0xE6,0x03,0x00,
  0x01,0x45,0x68,0x00,0xF0,0xE6,0x03,0x00,0x02,0x4F,0x68,0x00,0x58,0xE7,0x03,0x00,0x00,0x32,0xD1,0x00,0x58,0xE7,0x03,0x00,
  0x02,0x3E,0x69,0x00,0x58,0xE7,0x03,0x00,0x04,0x45,0x69,0x00,0x58,0xE7,0x03,0x00,0x03,0x4E,0x69,0x00,0x58,0xE7,0x03,0x00,
  0x01,0x56,0xD1,0x00,0xC1,0xE7,0x03,0x00,0x02,0x3E,0x68,0x00,0xC1,0xE7,0x03,0x00,0x04,0x45,0x68,0x00,0xC1,0xE7,0x03,0x00,
  0x03,0x4E,0x68,0x00,0x29,0xE8,0x03,0x00,0x00,0x32,0xD0,0x00,0x29,0xE8,0x03,0x00,0x02,0x3E,0x68,0x00,0x29,0xE8,0x03,0x00,
  0x04,0x45,0x68,0x00,0x29,0xE8,0x03,0x00,0x03,0x4E,0x68,0x00,0x29,0xE8,0x03,0x00,0x01,0x51,0xD0,0x00,0x91,0xE8,0x03,0x00,
  0x02,0x3E,0x68,0x00,0x91,0xE8,0x03,0x00,0x04,0x45,0x68,0x00,0x91,0xE8,0x03,0x00,0x03,0x4E,0x68,0x00,0xF9,0xE8,0x03,0x00,
  0x00,0x32,0xD0,0x00,0xF9,0xE8,0x03,0x00,0x04,0x40,0x68,0x00,0xF9,0xE8,0x03,0x00,0x01,0x45,0x68,0x00,0xF9,0xE8,0x03,0x00,
  0x02,0x4F,0x68,0x00,0xF9,0xE8,0x03,0x00,0x03,0x55,0xD0,0x00,0x61,0xE9,0x03,0x00,0x04,0x40,0x68,0x00,0x61,0xE9,0x03,0x00,
  0x01,0x45,0x68,0x00,0x61,0xE9,0x03,0x00,0x02,0x4F,0x68,0x00,0xC9,0xE9,0x03,0x00,0x00,0x32,0xD1,0x00,0xC9,0xE9,0x03,0x00,
  0x04,0x40,0x69,0x00,0xC9,0xE9,0x03,0x00,0x01,0x45,0x69,0x00,0xC9,0xE9,0x03,0x00,0x02,0x4F,0x69,0x00,0xC9,0xE9,0x03,0x00,
  0x03,0x51,0xD1,0x00,0x32,0xEA,0x03,0x00,0x04,0x40,0x68,0x00,0x32,0xEA,0x03,0x00,0x01,0x45,0x68,0x00,0x32,0xEA,0x03,0x00,
  0x02,0x4F,0x68,0x00,0x9A,0xEA,0x03,0x00,0x00,0x32,0xD0,0x00,0x9A,0xEA,0x03,0x00,0x02,0x3E,0xD0,0x00,0x9A,0xEA,0x03,0x00,
  0x04,0x45,0xD0,0x00,0x9A,0xEA,0x03,0x00,0x03,0x4E,0xD0,0x00,0x9A,0xEA,0x03,0x00,0x01,0x56,0xD0,0x00,0x6A,0xEB,0x03,0x00,
  0x00,0x32,0xD0,0x00,0x6A,0xEB,0x03,0x00,0x01,0x32,0xD0,0x00,0x6A,0xEB,0x03,0x00,0x02,0x3E,0xD0,0x00,0x6A,0xEB,0x03,0x00,
  0x03,0x3E,0xD0,0x00,0x3A,0xEC,0x03,0x00,0x00,0x32,0xD1,0x00,0x3A,0xEC,0x03,0x00,0x01,0x32,0xD1,0x00,0x3A,0xEC,0x03,0x00,
  0x02,0x3E,0xD1,0x00,0x3A,0xEC,0x03,0x00,0x03,0x3E,0xD1,0x00,0x0B,0xED,0x03,0x00,0x00,0x32,0xD0,0x00,0x0B,0xED,0x03,0x00,
  0x01,0x32,0xD0,0x00,0x0B,0xED,0x03,0x00,0x02,0x3E,0xD0,0x00,0x0B,0xED,0x03,0x00,0x03,0x3E,0xD0,0x00,0xDB,0xED,0x03,0x00,
  0x00,0x32,0xA1,0x01,0xDB,0xED,0x03,0x00,0x01,0x32,0xA1,0x01,0xDB,0xED,0x03,0x00,0x02,0x3E,0xA1,0x01,0xDB,0xED,0x03,0x00,
  0x03,0x3E,0xA1,0x01,0x1C,0xF1,0x03,0x00,0x02,0x3E,0x71,0x02,0x1C,0xF1,0x03,0x00,0x04,0x4A,0x71,0x02,0x8D,0xF3,0x03,0x00,
  0x00,0x3C,0x46,0x00,0x8D,0xF3,0x03,0x00,0x02,0x48,0x46,0x00,0xD3,0xF3,0x03,0x00,0x04,0x3B,0x45,0x00,0xD3,0xF3,0x03,0x00,
  0x01,0x47,0x45,0x00,0x18,0xF4,0x03,0x00,0x02,0x39,0x46,0x00,0x18,0xF4,0x03,0x00,0x04,0x45,0x46,0x00,0x5E,0xF4,0x03,0x00,
  0x00,0x37,0xD0,0x00,0x5E,0xF4,0x03,0x00,0x02,0x43,0xD0,0x00,0xFE,0xF5,0x03,0x00,0x01,0x38,0xD1,0x00,0xFE,0xF5,0x03,0x00,
  0x04,0x3B,0xD1,0x00,0xFE,0xF5,0x03,0x00,0x00,0x40,0xD1,0x00,0xFE,0xF5,0x03,0x00,0x02,0x4C,0xD1,0x00,0x9F,0xF7,0x03,0x00,
  0x02,0x34,0xD0,0x00,0x9F,0xF7,0x03,0x00,0x03,0x39,0xD0,0x00,0x9F,0xF7,0x03,0x00,0x00,0x3C,0xD0,0x00,0x9F,0xF7,0x03,0x00,
  0x04,0x48,0xD0,0x00,0x40,0xF9,0x03,0x00,0x00,0x37,0xD0,0x00,0x40,0xF9,0x03,0x00,0x02,0x39,0xD0,0x00,0x40,0xF9,0x03,0x00,
  0x01,0x3C,0xD0,0x00,0x40,0xF9,0x03,0x00,0x04,0x45,0xD0,0x00,0xE0,0xFA,0x03,0x00,0x04,0x36,0xD1,0x00,0xE0,0xFA,0x03,0x00,
  0x02,0x39,0xD1,0x00,0xE0,0xFA,0x03,0x00,0x03,0x3E,0xD1,0x00,0xE0,0xFA,0x03,0x00,0x00,0x4A,0xD1,0x00,0x81,0xFC,0x03,0x00,
  0x00,0x32,0xD0,0x00,0x81,0xFC,0x03,0x00,0x04,0x36,0xD0,0x00,0x22,0xFE,0x03,0x00,0x01,0x47,0x71,0x02,0x22,0xFE,0x03,0x00,
  0x03,0x53,0x71,0x02,0xC2,0xFF,0x03,0x00,0x02,0x33,0xA1,0x01,0xC2,0xFF,0x03,0x00,0x04,0x45,0xA1,0x01,0x93,0x00,0x04,0x00,
  0x00,0x45,0x45,0x00,0x93,0x00,0x04,0x00,0x01,0x51,0x45,0x00,0xD8,0x00,0x04,0x00,0x03,0x43,0x46,0x00,0xD8,0x00,0x04,0x00,
  0x00,0x4F,0x46,0x00,0x1E,0x01,0x04,0x00,0x01,0x42,0x45,0x00,0x1E,0x01,0x04,0x00,0x03,0x4E,0x45,0x00,0x63,0x01,0x04,0x00,
  0x02,0x34,0xD0,0x00,0x63,0x01,0x04,0x00,0x04,0x40,0xD0,0x00,0x63,0x01,0x04,0x00,0x03,0x43,0xD0,0x00,0x63,0x01,0x04,0x00,
  0x01,0x4C,0xD0,0x00,0x04,0x03,0x04,0x00,0x03,0x30,0xD0,0x00,0x04,0x03,0x04,0x00,0x04,0x45,0xD0,0x00,0x04,0x03,0x04,0x00,
  0x02,0x48,0xD0,0x00,0x04,0x03,0x04,0x00,0x00,0x54,0xD0,0x00,0xA4,0x04,0x04,0x00,0x00,0x32,0xA1,0x01,0xA4,0x04,0x04,0x00,
  0x02,0x43,0x42,0x03,0xA4,0x04,0x04,0x00,0x01,0x47,0x42,0x03,0xA4,0x04,0x04,0x00,0x03,0x53,0x42,0x03,0x45,0x06,0x04,0x00,
  0x04,0x3E,0x71,0x02,0xE6,0x07,0x04,0x00,0x01,0x42,0xA0,0x01,0xE6,0x07,0x04,0x00,0x00,0x45,0xA0,0x01,0xE6,0x07,0x04,0x00,
  0x02,0x51,0xA0,0x01,0xB6,0x08,0x04,0x00,0x03,0x3D,0xD0,0x00,0x86,0x09,0x04,0x00,0x00,0x3C,0xD1,0x00,0x57,0x0A,0x04,0x00,
  0x02,0x39,0xD0,0x00,0x27,0x0B,0x04,0x00,0x00,0x37,0xD0,0x00,0x27,0x0B,0x04,0x00,0x04,0x4A,0x71,0x02,0xF7,0x0B,0x04,0x00,
  0x01,0x56,0xD1,0x00,0xC8,0x0C,0x04,0x00,0x02,0x39,0xD0,0x00,0xC8,0x0C,0x04,0x00,0x01,0x42,0xA0,0x01,0xC8,0x0C,0x04,0x00,
  0x03,0x56,0xD0,0x00,0x98,0x0D,0x04,0x00,0x02,0x48,0x46,0x00,0x98,0x0D,0x04,0x00,0x03,0x56,0xD0,0x00,0xDE,0x0D,0x04,0x00,
  0x02,0x47,0x45,0x00,0x23,0x0E,0x04,0x00,0x04,0x45,0x45,0x00,0x68,0x0E,0x04,0x00,0x04,0x3B,0xD1,0x00,0x68,0x0E,0x04,0x00,
  0x02,0x43,0xD1,0x00,0x68,0x0E,0x04,0x00,0x03,0x43,0xD1,0x00,0x68,0x0E,0x04,0x00,0x01,0x56,0xD1,0x00,0x39,0x0F,0x04,0x00,
  0x01,0x56,0xD0,0x00,0x09,0x10,0x04,0x00,0x01,0x38,0xD0,0x00,0x09,0x10,0x04,0x00,0x02,0x47,0xD0,0x00,0x09,0x10,0x04,0x00,
  0x03,0x4C,0xD0,0x00,0x09,0x10,0x04,0x00,0x04,0x56,0xD0,0x00,0xD9,0x10,0x04,0x00,0x01,0x56,0xD1,0x00,0xAA,0x11,0x04,0x00,
  0x02,0x39,0xD0,0x00,0xAA,0x11,0x04,0x00,0x04,0x40,0xD0,0x00,0xAA,0x11,0x04,0x00,0x03,0x48,0xD0,0x00,0xAA,0x11,0x04,0x00,
  0x01,0x56,0xD0,0x00,0x7A,0x12,0x04,0x00,0x01,0x56,0xD0,0x00,0x4A,0x13,0x04,0x00,0x00,0x37,0xD1,0x00,0x4A,0x13,0x04,0x00,
  0x01,0x3C,0xD1,0x00,0x4A,0x13,0x04,0x00,0x04,0x45,0xD1,0x00,0x4A,0x13,0x04,0x00,0x02,0x56,0xD1,0x00,0x1B,0x14,0x04,0x00,
  0x01,0x56,0xD0,0x00,0xEB,0x14,0x04,0x00,0x04,0x36,0xD0,0x00,0xEB,0x14,0x04,0x00,0x02,0x39,0xD0,0x00,0xEB,0x14,0x04,0x00,
  0x00,0x4A,0xD0,0x00,0xEB,0x14,0x04,0x00,0x01,0x56,0xD0,0x00,0xBB,0x15,0x04,0x00,0x04,0x54,0xD1,0x00,0x8C,0x16,0x04,0x00,
  0x00,0x32,0xD0,0x00,0x8C,0x16,0x04,0x00,0x04,0x45,0xD0,0x00,0x8C,0x16,0x04,0x00,0x02,0x48,0xD0,0x00,0x8C,0x16,0x04,0x00,
  0x01,0x51,0xD0,0x00,0x5C,0x17,0x04,0x00,0x03,0x4E,0xD0,0x00,0x2C,0x18,0x04,0x00,0x02,0x34,0xD1,0x00,0x2C,0x18,0x04,0x00,
  0x04,0x45,0xD1,0x00,0x2C,0x18,0x04,0x00,0x03,0x48,0xD1,0x00,0x2C,0x18,0x04,0x00,0x00,0x4E,0xD1,0x00,0xFD,0x18,0x04,0x00,
  0x02,0x43,0xD0,0x00,0xFD,0x18,0x04,0x00,0x01,0x47,0xD0,0x00,0xFD,0x18,0x04,0x00,0x04,0x4F,0xD0,0x00,0xCD,0x19,0x04,0x00,
  0x03,0x30,0xD0,0x00,0x9D,0x1A,0x04,0x00,0x02,0x48,0xD1,0x00,0x9D,0x1A,0x04,0x00,0x01,0x4C,0xD1,0x00,0x6E,0x1B,0x04,0x00,
  0x00,0x32,0xD0,0x00,0x6E,0x1B,0x04,0x00,0x02,0x48,0xD0,0x00,0x6E,0x1B,0x04,0x00,0x01,0x4C,0xD0,0x00,0x3E,0x1C,0x04,0x00,
  0x01,0x47,0xD0,0x00,0x3E,0x1C,0x04,0x00,0x04,0x4A,0xD0,0x00,0x0E,0x1D,0x04,0x00,0x00,0x32,0xD1,0x00,0xDF,0x1D,0x04,0x00,
  0x00,0x3C,0xD0,0x00,0xDF,0x1D,0x04,0x00,0x01,0x42,0xD0,0x00,0xAF,0x1E,0x04,0x00,0x03,0x2B,0xA1,0x01,0xAF,0x1E,0x04,0x00,
  0x00,0x37,0xD0,0x00,0xAF,0x1E,0x04,0x00,0x04,0x3B,0xD0,0x00,0xAF,0x1E,0x04,0x00,0x02,0x43,0xA1,0x01,0x7F,0x1F,0x04,0x00,
  0x00,0x37,0xD1,0x00,0x7F,0x1F,0x04,0x00,0x04,0x3B,0xD1,0x00,0x50,0x20,0x04,0x00,0x02,0x39,0xD0,0x00,0x50,0x20,0x04,0x00,
  0x00,0x3C,0xD0,0x00,0x20,0x21,0x04,0x00,0x02,0x39,0xD0,0x00,0x20,0x21,0x04,0x00,0x00,0x3C,0xD0,0x00,0x20,0x21,0x04,0x00,
  0x04,0x4A,0xD0,0x00,0xF0,0x21,0x04,0x00,0x04,0x3B,0xD1,0x00,0xF0,0x21,0x04,0x00,0x02,0x3E,0xD1,0x00,0xF0,0x21,0x04,0x00,
  0x00,0x4F,0xD1,0x00,0xC1,0x22,0x04,0x00,0x04,0x3B,0xD0,0x00,0xC1,0x22,0x04,0x00,0x02,0x3E,0xD0,0x00,0xC1,0x22,0x04,0x00,
  0x03,0x4E,0xD0,0x00,0x91,0x23,0x04,0x00,0x00,0x37,0xD0,0x00,0x91,0x23,0x04,0x00,0x04,0x3B,0xD0,0x00,0x91,0x23,0x04,0x00,
  0x01,0x4C,0xD0,0x00,0x61,0x24,0x04,0x00,0x00,0x37,0xD1,0x00,0x61,0x24,0x04,0x00,0x04,0x3B,0xD1,0x00,0x61,0x24,0x04,0x00,
  0x01,0x4A,0xD1,0x00,0x32,0x25,0x04,0x00,0x00,0x32,0xA0,0x01,0x32,0x25,0x04,0x00,0x04,0x36,0xD0,0x00,0x32,0x25,0x04,0x00,
  0x02,0x39,0xD0,0x00,0x32,0x25,0x04,0x00,0x01,0x4C,0x45,0x00,0x77,0x25,0x04,0x00,0x03,0x4E,0x46,0x00,0xBD,0x25,0x04,0x00,
  0x01,0x4C,0x45,0x00,0x02,0x26,0x04,0x00,0x04,0x36,0xD0,0x00,0x02,0x26,0x04,0x00,0x02,0x39,0xD0,0x00,0x02,0x26,0x04,0x00,
  0x01,0x4A,0xD0,0x00,0xD2,0x26,0x04,0x00,0x00,0x37,0xD1,0x00,0xD2,0x26,0x04,0x00,0x04,0x3B,0xD1,0x00,0xA3,0x27,0x04,0x00,
  0x00,0x37,0xD0,0x00,0xA3,0x27,0x04,0x00,0x04,0x3B,0xD0,0x00,0xA3,0x27,0x04,0x00,0x01,0x4A,0xD0,0x00,0x73,0x28,0x04,0x00,
  0x02,0x39,0xD0,0x00,0x73,0x28,0x04,0x00,0x00,0x3C,0xD0,0x00,0x73,0x28,0x04,0x00,0x04,0x4A,0xD0,0x00,0x43,0x29,0x04,0x00,
  0x02,0x39,0xD1,0x00,0x43,0x29,0x04,0x00,0x00,0x3C,0xD1,0x00,0x43,0x29,0x04,0x00,0x04,0x4A,0xD1,0x00,0x14,0x2A,0x04,0x00,
  0x04,0x36,0xD0,0x00,0x14,0x2A,0x04,0x00,0x02,0x39,0xD0,0x00,0x14,0x2A,0x04,0x00,0x00,0x4A,0xD0,0x00,0xE4,0x2A,0x04,0x00,
  0x04,0x36,0xD0,0x00,0xE4,0x2A,0x04,0x00,0x02,0x39,0xD0,0x00,0xE4,0x2A,0x04,0x00,0x00,0x4A,0xD0,0x00,0xB4,0x2B,0x04,0x00,
  0x03,0x2B,0xA1,0x01,0xB4,0x2B,0x04,0x00,0x00,0x37,0xD1,0x00,0xB4,0x2B,0x04,0x00,0x04,0x3B,0xD1,0x00,0xB4,0x2B,0x04,0x00,
  0x01,0x4C,0x46,0x00,0xFA,0x2B,0x04,0x00,0x01,0x4E,0x45,0x00,0x3F,0x2C,0x04,0x00,0x01,0x4C,0x46,0x00,0x85,0x2C,0x04,0x00,
  0x00,0x37,0xD0,0x00,0x85,0x2C,0x04,0x00,0x04,0x3B,0xD0,0x00,0x85,0x2C,0x04,0x00,0x01,0x4A,0xD0,0x00,0x55,0x2D,0x04,0x00,
  0x02,0x39,0xD0,0x00,0x55,0x2D,0x04,0x00,0x00,0x3C,0xD0,0x00,0x25,0x2E,0x04,0x00,0x02,0x39,0xD1,0x00,0x25,0x2E,0x04,0x00,
  0x00,0x3C,0xD1,0x00,0x25,0x2E,0x04,0x00,0x04,0x4A,0xD1,0x00,0xF6,0x2E,0x04,0x00,0x04,0x3B,0xD0,0x00,0xF6,0x2E,0x04,0x00,
  0x02,0x3E,0xD0,0x00,0xF6,0x2E,0x04,0x00,0x00,0x4F,0xD0,0x00,0xC6,0x2F,0x04,0x00,0x04,0x3B,0xD0,0x00,0xC6,0x2F,0x04,0x00,
  0x02,0x3E,0xD0,0x00,0xC6,0x2F,0x04,0x00,0x03,0x4E,0xD0,0x00,0x96,0x30,0x04,0x00,0x00,0x37,0xD1,0x00,0x96,0x30,0x04,0x00,
  0x04,0x3B,0xD1,0x00,0x96,0x30,0x04,0x00,0x01,0x4C,0xD1,0x00,0x67,0x31,0x04,0x00,0x00,0x37,0xD0,0x00,0x67,0x31,0x04,0x00,
  0x04,0x3B,0xD0,0x00,0x67,0x31,0x04,0x00,0x01,0x4A,0xD0,0x00,0x37,0x32,0x04,0x00,0x00,0x32,0xA1,0x01,0x37,0x32,0x04,0x00,
  0x04,0x36,0xD0,0x00,0x37,0x32,0x04,0x00,0x02,0x39,0xD0,0x00,0x37,0x32,0x04,0x00,0x01,0x4C,0x46,0x00,0x7D,0x32,0x04,0x00,
  0x03,0x4E,0x45,0x00,0xC2,0x32,0x04,0x00,0x01,0x4C,0x45,0x00,0x07,0x33,0x04,0x00,0x04,0x36,0xD1,0x00,0x07,0x33,0x04,0x00,
  0x02,0x39,0xD1,0x00,0x07,0x33,0x04,0x00,0x01,0x4A,0xD1,0x00,0xD8,0x33,0x04,0x00,0x00,0x37,0xD0,0x00,0xD8,0x33,0x04,0x00,
  0x04,0x3B,0xD0,0x00,0xA8,0x34,0x04,0x00,0x00,0x37,0xD0,0x00,0xA8,0x34,0x04,0x00,0x04,0x3B,0xD0,0x00,0xA8,0x34,0x04,0x00,
  0x01,0x4A,0xD0,0x00,0x78,0x35,0x04,0x00,0x02,0x39,0xD1,0x00,0x78,0x35,0x04,0x00,0x00,0x3C,0xD1,0x00,0x78,0x35,0x04,0x00,
  0x04,0x4A,0xD1,0x00,0x49,0x36,0x04,0x00,0x02,0x39,0xD0,0x00,0x49,0x36,0x04,0x00,0x00,0x3C,0xD0,0x00,0x49,0x36,0x04,0x00,
  0x04,0x4A,0xD0,0x00,0x19,0x37,0x04,0x00,0x04,0x36,0xD0,0x00,0x19,0x37,0x04,0x00,0x02,0x39,0xD0,0x00,0x19,0x37,0x04,0x00,
  0x00,0x4A,0xD0,0x00,0xE9,0x37,0x04,0x00,0x04,0x36,0xD1,0x00,0xE9,0x37,0x04,0x00,0x02,0x39,0xD1,0x00,0xE9,0x37,0x04,0x00,
  0x00,0x4A,0xD1,0x00,0xBA,0x38,0x04,0x00,0x00,0x37,0xD0,0x00,0xBA,0x38,0x04,0x00,0x04,0x3B,0xA0,0x01,0xBA,0x38,0x04,0x00,
  0x01,0x4C,0x45,0x00,0xFF,0x38,0x04,0x00,0x03,0x4E,0x46,0x00,0x45,0x39,0x04,0x00,0x01,0x4C,0x45,0x00,0x8A,0x39,0x04,0x00,
  0x00,0x37,0xD0,0x00,0x8A,0x39,0x04,0x00,0x02,0x43,0xD0,0x00,0x8A,0x39,0x04,0x00,0x01,0x4A,0xD0,0x00,0x5A,0x3A,0x04,0x00,
  0x04,0x3B,0xD1,0x00,0x5A,0x3A,0x04,0x00,0x01,0x47,0xD1,0x00,0x2B,0x3B,0x04,0x00,0x02,0x39,0xD0,0x00,0x2B,0x3B,0x04,0x00,
  0x04,0x45,0xD0,0x00,0xFB,0x3B,0x04,0x00,0x01,0x38,0xD0,0x00,0xFB,0x3B,0x04,0x00,0x04,0x40,0x71,0x02,0xFB,0x3B,0x04,0x00,
  0x00,0x40,0x41,0x03,0xFB,0x3B,0x04,0x00,0x03,0x44,0xD0,0x00,0xFB,0x3B,0x04,0x00,0x02,0x47,0x41,0x03,0xFB,0x3B,0x04,0x00,
  0x01,0x4C,0x71,0x02,0xCB,0x3C,0x04,0x00,0x03,0x34,0xD1,0x00,0xCB,0x3C,0x04,0x00,0x03,0x40,0xD1,0x00,0x9C,0x3D,0x04,0x00,
  0x03,0x36,0xD0,0x00,0x9C,0x3D,0x04,0x00,0x04,0x42,0xD0,0x00,0x6C,0x3E,0x04,0x00,0x01,0x38,0xD0,0x00,0x6C,0x3E,0x04,0x00,
  0x03,0x44,0xD0,0x00,0x6C,0x3E,0x04,0x00,0x04,0x4A,0x45,0x00,0xB1,0x3E,0x04,0x00,0x04,0x48,0x46,0x00,0xF7,0x3E,0x04,0x00,
  0x04,0x47,0x45,0x00,0x3C,0x3F,0x04,0x00,0x02,0x39,0xD1,0x00,0x3C,0x3F,0x04,0x00,0x04,0x45,0xD1,0x00,0x3C,0x3F,0x04,0x00,
  0x00,0x45,0xA1,0x01,0x3C,0x3F,0x04,0x00,0x03,0x48,0xA1,0x01,0x0D,0x40,0x04,0x00,0x01,0x3C,0xD0,0x00,0x0D,0x40,0x04,0x00,
  0x02,0x48,0xD0,0x00,0xDD,0x40,0x04,0x00,0x02,0x39,0xD0,0x00,0xDD,0x40,0x04,0x00,0x04,0x45,0xD0,0x00,0xAD,0x41,0x04,0x00,
  0x00,0x37,0xD1,0x00,0xAD,0x41,0x04,0x00,0x02,0x43,0xD1,0x00,0x7E,0x42,0x04,0x00,0x04,0x36,0xD0,0x00,0x7E,0x42,0x04,0x00,
  0x02,0x3E,0x71,0x02,0x7E,0x42,0x04,0x00,0x03,0x3E,0x41,0x03,0x7E,0x42,0x04,0x00,0x01,0x42,0xD0,0x00,0x7E,0x42,0x04,0x00,
  0x00,0x45,0x41,0x03,0x7E,0x42,0x04,0x00,0x04,0x4A,0x71,0x02,0x4E,0x43,0x04,0x00,0x01,0x32,0xD0,0x00,0x4E,0x43,0x04,0x00,
  0x01,0x3E,0xD0,0x00,0x1E,0x44,0x04,0x00,0x01,0x34,0xD1,0x00,0x1E,0x44,0x04,0x00,0x02,0x40,0xD1,0x00,0xEF,0x44,0x04,0x00,
  0x04,0x36,0xD0,0x00,0xEF,0x44,0x04,0x00,0x01,0x42,0xD0,0x00,0xEF,0x44,0x04,0x00,0x02,0x48,0x45,0x00,0x34,0x45,0x04,0x00,
  0x02,0x47,0x46,0x00,0x7A,0x45,0x04,0x00,0x02,0x45,0x45,0x00,0xBF,0x45,0x04,0x00,0x00,0x37,0xD0,0x00,0xBF,0x45,0x04,0x00,
  0x02,0x43,0xD0,0x00,0xBF,0x45,0x04,0x00,0x03,0x43,0xD0,0x00,0xBF,0x45,0x04,0x00,0x01,0x47,0xA1,0x01,0x8F,0x46,0x04,0x00,
  0x00,0x37,0xD1,0x00,0x8F,0x46,0x04,0x00,0x02,0x43,0xD1,0x00,0x8F,0x46,0x04,0x00,0x03,0x47,0xD1,0x00,0x60,0x47,0x04,0x00,
  0x02,0x39,0xD0,0x00,0x60,0x47,0x04,0x00,0x03,0x43,0xD0,0x00,0x60,0x47,0x04,0x00,0x04,0x48,0xD0,0x00,0x30,0x48,0x04,0x00,
  0x04,0x3B,0xD0,0x00,0x30,0x48,0x04,0x00,0x02,0x43,0xD0,0x00,0x30,0x48,0x04,0x00,0x00,0x4A,0xD0,0x00,0x00,0x49,0x04,0x00,
  0x00,0x3C,0xD1,0x00,0x00,0x49,0x04,0x00,0x02,0x43,0xD1,0x00,0x00,0x49,0x04,0x00,0x03,0x48,0xD1,0x00,0x00,0x49,0x04,0x00,
  0x01,0x4C,0xD1,0x00,0xD1,0x49,0x04,0x00,0x00,0x3C,0xD0,0x00,0xD1,0x49,0x04,0x00,0x02,0x43,0xD0,0x00,0xD1,0x49,0x04,0x00,
  0x04,0x4A,0x68,0x00,0xD1,0x49,0x04,0x00,0x03,0x4E,0x68,0x00,0x39,0x4A,0x04,0x00,0x04,0x45,0x68,0x00,0x39,0x4A,0x04,0x00,
  0x01,0x4F,0x68,0x00,0xA1,0x4A,0x04,0x00,0x00,0x3C,0xD0,0x00,0xA1,0x4A,0x04,0x00,0x02,0x43,0xD0,0x00,0xA1,0x4A,0x04,0x00,
  0x04,0x4A,0xD0,0x00,0xA1,0x4A,0x04,0x00,0x03,0x4E,0xD0,0x00,0x71,0x4B,0x04,0x00,0x00,0x3C,0xD1,0x00,0x71,0x4B,0x04,0x00,
  0x02,0x43,0xD1,0x00,0x71,0x4B,0x04,0x00,0x03,0x48,0xD1,0x00,0x71,0x4B,0x04,0x00,0x01,0x4C,0xD1,0x00,0x42,0x4C,0x04,0x00,
  0x02,0x3E,0xD0,0x00,0x42,0x4C,0x04,0x00,0x03,0x43,0xD0,0x00,0x42,0x4C,0x04,0x00,0x04,0x48,0xD0,0x00,0x42,0x4C,0x04,0x00,
  0x01,0x4C,0xD0,0x00,0x12,0x4D,0x04,0x00,0x02,0x3E,0xD0,0x00,0x12,0x4D,0x04,0x00,0x03,0x3E,0xD0,0x00,0x12,0x4D,0x04,0x00,
  0x01,0x47,0xD0,0x00,0x12,0x4D,0x04,0x00,0x04,0x4A,0xD0,0x00,0xE2,0x4D,0x04,0x00,0x02,0x3E,0xD1,0x00,0xE2,0x4D,0x04,0x00,
  0x03,0x3E,0xD1,0x00,0xE2,0x4D,0x04,0x00,0x04,0x43,0xD1,0x00,0xE2,0x4D,0x04,0x00,0x01,0x47,0xD1,0x00,0xB3,0x4E,0x04,0x00,
  0x02,0x3E,0xD0,0x00,0xB3,0x4E,0x04,0x00,0x03,0x3E,0xD0,0x00,0xB3,0x4E,0x04,0x00,0x01,0x47,0xD0,0x00,0xB3,0x4E,0x04,0x00,
  0x04,0x4A,0xD0,0x00,0x83,0x4F,0x04,0x00,0x00,0x32,0xD0,0x00,0x83,0x4F,0x04,0x00,0x02,0x3E,0xD0,0x00,0x83,0x4F,0x04,0x00,
  0x01,0x47,0xD0,0x00,0x83,0x4F,0x04,0x00,0x04,0x4A,0xD0,0x00,0x53,0x50,0x04,0x00,0x00,0x32,0xD1,0x00,0x53,0x50,0x04,0x00,
  0x02,0x3E,0xD1,0x00,0x53,0x50,0x04,0x00,0x04,0x45,0xD1,0x00,0x53,0x50,0x04,0x00,0x03,0x48,0xD1,0x00,0x24,0x51,0x04,0x00,
  0x00,0x32,0xD0,0x00,0x24,0x51,0x04,0x00,0x02,0x3E,0xD0,0x00,0x24,0x51,0x04,0x00,0x03,0x43,0xD0,0x00,0x24,0x51,0x04,0x00,
  0x01,0x47,0xD0,0x00,0xF4,0x51,0x04,0x00,0x00,0x32,0xD0,0x00,0xF4,0x51,0x04,0x00,0x01,0x3C,0xD0,0x00,0xF4,0x51,0x04,0x00,
  0x02,0x42,0xD0,0x00,0xF4,0x51,0x04,0x00,0x04,0x45,0xD0,0x00,0xC4,0x52,0x04,0x00,0x00,0x37,0xA1,0x01,0xC4,0x52,0x04,0x00,
  0x04,0x3B,0xD1,0x00,0xC4,0x52,0x04,0x00,0x02,0x43,0xD1,0x00,0xC4,0x52,0x04,0x00,0x03,0x43,0xA1,0x01,0x95,0x53,0x04,0x00,
  0x01,0x37,0xD0,0x00,0x95,0x53,0x04,0x00,0x04,0x3B,0xD0,0x00,0x65,0x54,0x04,0x00,0x02,0x39,0xD0,0x00,0x65,0x54,0x04,0x00,
  0x00,0x3C,0xD0,0x00,0x35,0x55,0x04,0x00,0x02,0x39,0xD1,0x00,0x35,0x55,0x04,0x00,0x00,0x3C,0xD1,0x00,0x35,0x55,0x04,0x00,
  0x04,0x4A,0xD1,0x00,0x06,0x56,0x04,0x00,0x04,0x3B,0xD0,0x00,0x06,0x56,0x04,0x00,0x02,0x3E,0xD0,0x00,0x06,0x56,0x04,0x00,
  0x00,0x4F,0xD0,0x00,0xD6,0x56,0x04,0x00,0x04,0x3B,0xD0,0x00,0xD6,0x56,0x04,0x00,0x02,0x3E,0xD0,0x00,0xD6,0x56,0x04,0x00,
  0x03,0x4E,0xD0,0x00,0xA6,0x57,0x04,0x00,0x00,0x37,0xD1,0x00,0xA6,0x57,0x04,0x00,0x04,0x3B,0xD1,0x00,0xA6,0x57,0x04,0x00,
  0x01,0x4C,0xD1,0x00,0x77,0x58,0x04,0x00,0x00,0x37,0xD0,0x00,0x77,0x58,0x04,0x00,0x04,0x3B,0xD0,0x00,0x77,0x58,0x04,0x00,
  0x01,0x4A,0xD0,0x00,0x47,0x59,0x04,0x00,0x00,0x32,0xA1,0x01,0x47,0x59,0x04,0x00,0x04,0x36,0xD0,0x00,0x47,0x59,0x04,0x00,
  0x02,0x39,0xD0,0x00,0x47,0x59,0x04,0x00,0x01,0x4C,0x45,0x00,0x8C,0x59,0x04,0x00,0x03,0x4E,0x46,0x00,0xD2,0x59,0x04,0x00,
  0x01,0x4C,0x45,0x00,0x17,0x5A,0x04,0x00,0x04,0x36,0xD1,0x00,0x17,0x5A,0x04,0x00,0x02,0x39,0xD1,0x00,0x17,0x5A,0x04,0x00,
  0x01,0x4A,0xD1,0x00,0xE8,0x5A,0x04,0x00,0x00,0x37,0xD0,0x00,0xE8,0x5A,0x04,0x00,0x04,0x3B,0xD0,0x00,0xB8,0x5B,0x04,0x00,
  0x00,0x37,0xD0,0x00,0xB8,0x5B,0x04,0x00,0x04,0x3B,0xD0,0x00,0xB8,0x5B,0x04,0x00,0x01,0x4A,0xD0,0x00,0x88,0x5C,0x04,0x00,
  0x02,0x39,0xD1,0x00,0x88,0x5C,0x04,0x00,0x00,0x3C,0xD1,0x00,0x88,0x5C,0x04,0x00,0x04,0x4A,0xD1,0x00,0x59,0x5D,0x04,0x00,
  0x02,0x39,0xD0,0x00,0x59,0x5D,0x04,0x00,0x00,0x3C,0xD0,0x00,0x59,0x5D,0x04,0x00,0x04,0x4A,0xD0,0x00,0x29,0x5E,0x04,0x00,
  0x04,0x36,0xD0,0x00,0x29,0x5E,0x04,0x00,0x02,0x39,0xD0,0x00,0x29,0x5E,0x04,0x00,0x00,0x4A,0xD0,0x00,0xF9,0x5E,0x04,0x00,
  0x04,0x36,0xD1,0x00,0xF9,0x5E,0x04,0x00,0x02,0x39,0xD1,0x00,0xF9,0x5E,0x04,0x00,0x00,0x4A,0xD1,0x00,0xCA,0x5F,0x04,0x00,
  0x00,0x37,0xD0,0x00,0xCA,0x5F,0x04,0x00,0x01,0x37,0xA0,0x01,0xCA,0x5F,0x04,0x00,0x04,0x3B,0xD0,0x00,0xCA,0x5F,0x04,0x00,
  0x02,0x4C,0x45,0x00,0x0F,0x60,0x04,0x00,0x03,0x4E,0x46,0x00,0x55,0x60,0x04,0x00,0x02,0x4C,0x45,0x00,0x9A,0x60,0x04,0x00,
  0x02,0x43,0xD0,0x00,0x9A,0x60,0x04,0x00,0x03,0x47,0xD0,0x00,0x9A,0x60,0x04,0x00,0x04,0x4A,0xD0,0x00,0x6A,0x61,0x04,0x00,
  0x04,0x45,0xD1,0x00,0x6A,0x61,0x04,0x00,0x02,0x48,0xD1,0x00,0x3B,0x62,0x04,0x00,0x04,0x45,0xD0,0x00,0x3B,0x62,0x04,0x00,
  0x02,0x48,0xD0,0x00,0x3B,0x62,0x04,0x00,0x00,0x4A,0xD0,0x00,0x0B,0x63,0x04,0x00,0x01,0x47,0xD0,0x00,0x0B,0x63,0x04,0x00,
  0x04,0x4A,0xD0,0x00,0x0B,0x63,0x04,0x00,0x00,0x4F,0xD0,0x00,0xDB,0x63,0x04,0x00,0x01,0x47,0xD1,0x00,0xDB,0x63,0x04,0x00,
  0x04,0x4A,0xD1,0x00,0xDB,0x63,0x04,0x00,0x03,0x4E,0xD1,0x00,0xAC,0x64,0x04,0x00,0x02,0x43,0xD0,0x00,0xAC,0x64,0x04,0x00,
  0x01,0x47,0xD0,0x00,0xAC,0x64,0x04,0x00,0x03,0x4C,0xD0,0x00,0x7C,0x65,0x04,0x00,0x02,0x43,0xD0,0x00,0x7C,0x65,0x04,0x00,
  0x01,0x47,0xD0,0x00,0x7C,0x65,0x04,0x00,0x04,0x4A,0xD0,0x00,0x4C,0x66,0x04,0x00,0x00,0x32,0xA1,0x01,0x4C,0x66,0x04,0x00,
  0x01,0x42,0xD1,0x00,0x4C,0x66,0x04,0x00,0x04,0x45,0xD1,0x00,0x4C,0x66,0x04,0x00,0x02,0x4C,0x46,0x00,0x92,0x66,0x04,0x00,
  0x03,0x4E,0x45,0x00,0xD7,0x66,0x04,0x00,0x02,0x4C,0x46,0x00,0x1D,0x67,0x04,0x00,0x01,0x42,0xD0,0x00,0x1D,0x67,0x04,0x00,
  0x04,0x45,0xD0,0x00,0x1D,0x67,0x04,0x00,0x02,0x4A,0xD0,0x00,0xED,0x67,0x04,0x00,0x02,0x43,0xD0,0x00,0xED,0x67,0x04,0x00,
  0x01,0x47,0xD0,0x00,0xBD,0x68,0x04,0x00,0x02,0x43,0xD1,0x00,0xBD,0x68,0x04,0x00,0x01,0x47,0xD1,0x00,0xBD,0x68,0x04,0x00,
  0x04,0x4A,0xD1,0x00,0x8E,0x69,0x04,0x00,0x04,0x45,0xD0,0x00,0x8E,0x69,0x04,0x00,0x02,0x48,0xD0,0x00,0x8E,0x69,0x04,0x00,
  0x00,0x4A,0xD0,0x00,0x5E,0x6A,0x04,0x00,0x04,0x45,0xD0,0x00,0x5E,0x6A,0x04,0x00,0x02,0x48,0xD0,0x00,0x5E,0x6A,0x04,0x00,
  0x00,0x4A,0xD0,0x00,0x2E,0x6B,0x04,0x00,0x01,0x42,0xD1,0x00,0x2E,0x6B,0x04,0x00,0x04,0x45,0xD1,0x00,0x2E,0x6B,0x04,0x00,
  0x00,0x4A,0xD1,0x00,0xFF,0x6B,0x04,0x00,0x01,0x42,0xD0,0x00,0xFF,0x6B,0x04,0x00,0x04,0x45,0xD0,0x00,0xFF,0x6B,0x04,0x00,
  0x00,0x4A,0xD0,0x00,0xCF,0x6C,0x04,0x00,0x02,0x43,0xD0,0x00,0xCF,0x6C,0x04,0x00,0x01,0x47,0xA1,0x01,0xCF,0x6C,0x04,0x00,
  0x03,0x4C,0x45,0x00,0x14,0x6D,0x04,0x00,0x03,0x4E,0x46,0x00,0x5A,0x6D,0x04,0x00,0x03,0x4C,0x45,0x00,0x9F,0x6D,0x04,0x00,
  0x00,0x37,0xD1,0x00,0x9F,0x6D,0x04,0x00,0x02,0x43,0xD1,0x00,0x9F,0x6D,0x04,0x00,0x04,0x4A,0xD1,0x00,0x70,0x6E,0x04,0x00,
  0x04,0x3B,0xD0,0x00,0x70,0x6E,0x04,0x00,0x01,0x47,0xD0,0x00,0x40,0x6F,0x04,0x00,0x02,0x39,0xD0,0x00,0x40,0x6F,0x04,0x00,
  0x04,0x45,0xD0,0x00,0x10,0x70,0x04,0x00,0x01,0x38,0xD1,0x00,0x10,0x70,0x04,0x00,0x03,0x44,0xD1,0x00,0x10,0x70,0x04,0x00,
  0x04,0x53,0x42,0x03,0x10,0x70,0x04,0x00,0x00,0x58,0x71,0x02,0xE1,0x70,0x04,0x00,0x02,0x34,0xD0,0x00,0xE1,0x70,0x04,0x00,
  0x01,0x40,0xD0,0x00,0xB1,0x71,0x04,0x00,0x01,0x36,0xD0,0x00,0xB1,0x71,0x04,0x00,0x02,0x42,0xD0,0x00,0x81,0x72,0x04,0x00,
  0x01,0x38,0xD1,0x00,0x81,0x72,0x04,0x00,0x03,0x44,0xD1,0x00,0x81,0x72,0x04,0x00,0x02,0x56,0x46,0x00,0xC7,0x72,0x04,0x00,
  0x00,0x54,0x45,0x00,0x0C,0x73,0x04,0x00,0x00,0x53,0x46,0x00,0x52,0x73,0x04,0x00,0x02,0x39,0xD0,0x00,0x52,0x73,0x04,0x00,
  0x04,0x45,0xD0,0x00,0x52,0x73,0x04,0x00,0x01,0x51,0xA0,0x01,0x52,0x73,0x04,0x00,0x00,0x54,0xA0,0x01,0x22,0x74,0x04,0x00,
  0x02,0x3C,0xD0,0x00,0x22,0x74,0x04,0x00,0x03,0x48,0xD0,0x00,0xF2,0x74,0x04,0x00,0x02,0x39,0xD1,0x00,0xF2,0x74,0x04,0x00,
  0x04,0x45,0xD1,0x00,0xC3,0x75,0x04,0x00,0x00,0x37,0xD0,0x00,0xC3,0x75,0x04,0x00,0x02,0x43,0xD0,0x00,0x93,0x76,0x04,0x00,
  0x04,0x36,0xD0,0x00,0x93,0x76,0x04,0x00,0x01,0x42,0xD0,0x00,0x93,0x76,0x04,0x00,0x00,0x4A,0x71,0x02,0x93,0x76,0x04,0x00,
  0x02,0x51,0x41,0x03,0x93,0x76,0x04,0x00,0x03,0x56,0x71,0x02,0x63,0x77,0x04,0x00,0x01,0x32,0xD1,0x00,0x63,0x77,0x04,0x00,
  0x04,0x3E,0xD1,0x00,0x34,0x78,0x04,0x00,0x04,0x34,0xD0,0x00,0x34,0x78,0x04,0x00,0x01,0x40,0xD0,0x00,0x04,0x79,0x04,0x00,
  0x04,0x36,0xD0,0x00,0x04,0x79,0x04,0x00,0x01,0x42,0xD0,0x00,0x04,0x79,0x04,0x00,0x00,0x54,0x45,0x00,0x49,0x79,0x04,0x00,
  0x03,0x53,0x46,0x00,0x8F,0x79,0x04,0x00,0x03,0x51,0x45,0x00,0xD4,0x79,0x04,0x00,0x00,0x37,0xD1,0x00,0xD4,0x79,0x04,0x00,
  0x02,0x43,0xD1,0x00,0xD4,0x79,0x04,0x00,0x04,0x4F,0xD1,0x00,0xD4,0x79,0x04,0x00,0x03,0x53,0xA1,0x01,0xA5,0x7A,0x04,0x00,
  0x00,0x37,0xD0,0x00,0xA5,0x7A,0x04,0x00,0x02,0x43,0xD0,0x00,0xA5,0x7A,0x04,0x00,0x01,0x47,0xD0,0x00,0x75,0x7B,0x04,0x00,
  0x02,0x39,0xD0,0x00,0x75,0x7B,0x04,0x00,0x03,0x43,0xD0,0x00,0x75,0x7B,0x04,0x00,0x04,0x48,0xD0,0x00,0x45,0x7C,0x04,0x00,
  0x04,0x3B,0xD1,0x00,0x45,0x7C,0x04,0x00,0x02,0x43,0xD1,0x00,0x45,0x7C,0x04,0x00,0x00,0x4A,0xD1,0x00,0x16,0x7D,0x04,0x00,
  0x00,0x3C,0xD0,0x00,0x16,0x7D,0x04,0x00,0x02,0x43,0xD0,0x00,0x16,0x7D,0x04,0x00,0x03,0x48,0xD0,0x00,0x16,0x7D,0x04,0x00,
  0x01,0x4C,0xD0,0x00,0xE6,0x7D,0x04,0x00,0x00,0x3C,0xD0,0x00,0xE6,0x7D,0x04,0x00,0x02,0x43,0xD0,0x00,0xE6,0x7D,0x04,0x00,
  0x04,0x4A,0x68,0x00,0xE6,0x7D,0x04,0x00,0x03,0x4E,0x68,0x00,0x4E,0x7E,0x04,0x00,0x01,0x4C,0x68,0x00,0x4E,0x7E,0x04,0x00,
  0x04,0x4F,0x68,0x00,0xB6,0x7E,0x04,0x00,0x00,0x3C,0xD1,0x00,0xB6,0x7E,0x04,0x00,0x02,0x43,0xD1,0x00,0xB6,0x7E,0x04,0x00,
  0x04,0x4A,0xD1,0x00,0xB6,0x7E,0x04,0x00,0x03,0x4E,0xD1,0x00,0x87,0x7F,0x04,0x00,0x00,0x3C,0xD0,0x00,0x87,0x7F,0x04,0x00,
  0x02,0x43,0xD0,0x00,0x87,0x7F,0x04,0x00,0x03,0x48,0xD0,0x00,0x87,0x7F,0x04,0x00,0x01,0x4C,0xD0,0x00,0x57,0x80,0x04,0x00,
  0x02,0x3E,0xD0,0x00,0x57,0x80,0x04,0x00,0x03,0x43,0xD0,0x00,0x57,0x80,0x04,0x00,0x01,0x47,0xD0,0x00,0x57,0x80,0x04,0x00,
  0x04,0x4A,0xD0,0x00,0x27,0x81,0x04,0x00,0x02,0x3E,0xD1,0x00,0x27,0x81,0x04,0x00,0x01,0x47,0xD1,0x00,0x27,0x81,0x04,0x00,
  0x04,0x4A,0xD1,0x00,0x27,0x81,0x04,0x00,0x00,0x4F,0xD1,0x00,0xF8,0x81,0x04,0x00,0x02,0x3E,0xD0,0x00,0xF8,0x81,0x04,0x00,
  0x04,0x4A,0xD0,0x00,0xF8,0x81,0x04,0x00,0x00,0x4F,0xD0,0x00,0xF8,0x81,0x04,0x00,0x03,0x53,0xD0,0x00,0xC8,0x82,0x04,0x00,
  0x02,0x3E,0xD0,0x00,0xC8,0x82,0x04,0x00,0x04,0x4A,0xD0,0x00,0xC8,0x82,0x04,0x00,0x03,0x53,0xD0,0x00,0xC8,0x82,0x04,0x00,
  0x01,0x56,0xD0,0x00,0x98,0x83,0x04,0x00,0x00,0x32,0xD1,0x00,0x98,0x83,0x04,0x00,0x04,0x4A,0xD1,0x00,0x98,0x83,0x04,0x00,
  0x03,0x53,0xD1,0x00,0x98,0x83,0x04,0x00,0x01,0x56,0xD1,0x00,0x69,0x84,0x04,0x00,0x00,0x32,0xD0,0x00,0x69,0x84,0x04,0x00,
  0x04,0x4A,0xD0,0x00,0x69,0x84,0x04,0x00,0x01,0x51,0xD0,0x00,0x69,0x84,0x04,0x00,0x02,0x54,0xD0,0x00,0x39,0x85,0x04,0x00,
  0x00,0x32,0xD0,0x00,0x39,0x85,0x04,0x00,0x04,0x4A,0xD0,0x00,0x39,0x85,0x04,0x00,0x01,0x4F,0xD0,0x00,0x39,0x85,0x04,0x00,
  0x03,0x53,0xD0,0x00,0x09,0x86,0x04,0x00,0x00,0x32,0xD1,0x00,0x09,0x86,0x04,0x00,0x02,0x48,0xD1,0x00,0x09,0x86,0x04,0x00,
  0x03,0x4E,0xD1,0x00,0x09,0x86,0x04,0x00,0x01,0x51,0xD1,0x00,0xDA,0x86,0x04,0x00,0x00,0x37,0xD0,0x00,0xDA,0x86,0x04,0x00,
  0x01,0x47,0xD0,0x00,0xDA,0x86,0x04,0x00,0x04,0x4F,0xD0,0x00,0xDA,0x86,0x04,0x00,0x02,0x4F,0xD0,0x00,0xAA,0x87,0x04,0x00,
  0x00,0x32,0xD0,0x00,0xAA,0x87,0x04,0x00,0x02,0x3E,0xD0,0x00,0xAA,0x87,0x04,0x00,0x03,0x3E,0xD0,0x00,0xAA,0x87,0x04,0x00,
  0x04,0x3E,0xD0,0x00,0x7A,0x88,0x04,0x00,0x02,0x34,0xD1,0x00,0x7A,0x88,0x04,0x00,0x04,0x40,0xD1,0x00,0x7A,0x88,0x04,0x00,
  0x00,0x40,0xD1,0x00,0x7A,0x88,0x04,0x00,0x01,0x40,0xD1,0x00,0x4B,0x89,0x04,0x00,0x04,0x36,0xD0,0x00,0x4B,0x89,0x04,0x00,
  0x01,0x42,0xD0,0x00,0x4B,0x89,0x04,0x00,0x02,0x42,0xD0,0x00,0x4B,0x89,0x04,0x00,0x03,0x42,0xD0,0x00,0x1B,0x8A,0x04,0x00,
  0x00,0x37,0xD0,0x00,0x1B,0x8A,0x04,0x00,0x02,0x43,0xD0,0x00,0x1B,0x8A,0x04,0x00,0x03,0x43,0xD0,0x00,0x1B,0x8A,0x04,0x00,
  0x04,0x43,0xD0,0x00,0xEB,0x8A,0x04,0x00,0x00,0x37,0xD1,0x00,0xEB,0x8A,0x04,0x00,0x02,0x43,0xD1,0x00,0xEB,0x8A,0x04,0x00,
  0x03,0x43,0xD1,0x00,0xEB,0x8A,0x04,0x00,0x04,0x43,0xD1,0x00,0xBC,0x8B,0x04,0x00,0x02,0x39,0xD0,0x00,0xBC,0x8B,0x04,0x00,
  0x04,0x45,0x45,0x00,0xBC,0x8B,0x04,0x00,0x00,0x45,0x45,0x00,0xBC,0x8B,0x04,0x00,0x01,0x45,0xD0,0x00,0x01,0x8C,0x04,0x00,
  0x03,0x47,0x46,0x00,0x01,0x8C,0x04,0x00,0x04,0x47,0x46,0x00,0x47,0x8C,0x04,0x00,0x04,0x45,0x45,0x00,0x47,0x8C,0x04,0x00,
  0x00,0x45,0x45,0x00,0x8C,0x8C,0x04,0x00,0x02,0x39,0xD0,0x00,0x8C,0x8C,0x04,0x00,0x03,0x43,0x68,0x00,0x8C,0x8C,0x04,0x00,
  0x04,0x43,0x68,0x00,0x8C,0x8C,0x04,0x00,0x00,0x45,0xD0,0x00,0xF4,0x8C,0x04,0x00,0x04,0x45,0x68,0x00,0xF4,0x8C,0x04,0x00,
  0x01,0x45,0x68,0x00,0x5C,0x8D,0x04,0x00,0x04,0x3B,0xD1,0x00,0x5C,0x8D,0x04,0x00,0x01,0x47,0xD1,0x00,0x5C,0x8D,0x04,0x00,
  0x02,0x47,0xD1,0x00,0x5C,0x8D,0x04,0x00,0x03,0x47,0xD1,0x00,0x2D,0x8E,0x04,0x00,0x04,0x36,0xD0,0x00,0x2D,0x8E,0x04,0x00,
  0x00,0x36,0xD0,0x00,0x2D,0x8E,0x04,0x00,0x01,0x42,0xD0,0x00,0x2D,0x8E,0x04,0x00,0x02,0x42,0xD0,0x00,0xFD,0x8E,0x04,0x00,
  0x00,0x37,0xD0,0x00,0xFD,0x8E,0x04,0x00,0x01,0x37,0xD0,0x00,0xFD,0x8E,0x04,0x00,0x02,0x43,0xD0,0x00,0xFD,0x8E,0x04,0x00,
  0x03,0x43,0xD0,0x00,0xCD,0x8F,0x04,0x00,0x02,0x39,0xD1,0x00,0xCD,0x8F,0x04,0x00,0x03,0x39,0xD1,0x00,0xCD,0x8F,0x04,0x00,
  0x04,0x45,0xD1,0x00,0xCD,0x8F,0x04,0x00,0x00,0x45,0xD1,0x00,0x9E,0x90,0x04,0x00,0x04,0x3B,0xD0,0x00,0x9E,0x90,0x04,0x00,
  0x00,0x3B,0xD0,0x00,0x9E,0x90,0x04,0x00,0x01,0x47,0xD0,0x00,0x9E,0x90,0x04,0x00,0x02,0x47,0xD0,0x00,0x6E,0x91,0x04,0x00,
  0x04,0x3B,0xD0,0x00,0x6E,0x91,0x04,0x00,0x00,0x3B,0xD0,0x00,0x6E,0x91,0x04,0x00,0x01,0x47,0xD0,0x00,0x6E,0x91,0x04,0x00,
  0x02,0x47,0xD0,0x00,0x3E,0x92,0x04,0x00,0x00,0x3C,0xD1,0x00,0x3E,0x92,0x04,0x00,0x01,0x3C,0xD1,0x00,0x3E,0x92,0x04,0x00,
  0x02,0x48,0x46,0x00,0x3E,0x92,0x04,0x00,0x03,0x48,0x46,0x00,0x84,0x92,0x04,0x00,0x04,0x4A,0x45,0x00,0x84,0x92,0x04,0x00,
  0x02,0x4A,0x45,0x00,0xC9,0x92,0x04,0x00,0x02,0x48,0x46,0x00,0xC9,0x92,0x04,0x00,0x03,0x48,0x46,0x00,0x0F,0x93,0x04,0x00,
  0x00,0x3C,0xD0,0x00,0x0F,0x93,0x04,0x00,0x01,0x3C,0xD0,0x00,0x0F,0x93,0x04,0x00,0x02,0x47,0x68,0x00,0x0F,0x93,0x04,0x00,
  0x03,0x47,0x68,0x00,0x77,0x93,0x04,0x00,0x02,0x48,0x68,0x00,0x77,0x93,0x04,0x00,0x03,0x48,0x68,0x00,0xDF,0x93,0x04,0x00,
  0x02,0x3E,0xD0,0x00,0xDF,0x93,0x04,0x00,0x03,0x3E,0xD0,0x00,0xDF,0x93,0x04,0x00,0x04,0x4A,0xD0,0x00,0xDF,0x93,0x04,0x00,
  0x00,0x4A,0xD0,0x00,0xAF,0x94,0x04,0x00,0x02,0x3E,0xD1,0x00,0xAF,0x94,0x04,0x00,0x03,0x3E,0xD1,0x00,0xAF,0x94,0x04,0x00,
  0x04,0x4A,0xD1,0x00,0xAF,0x94,0x04,0x00,0x00,0x4A,0xD1,0x00,0x80,0x95,0x04,0x00,0x03,0x3F,0xD0,0x00,0x80,0x95,0x04,0x00,
  0x04,0x3F,0xD0,0x00,0x80,0x95,0x04,0x00,0x00,0x4B,0x45,0x00,0x80,0x95,0x04,0x00,0x01,0x4B,0x45,0x00,0xC5,0x95,0x04,0x00,
  0x01,0x4C,0x46,0x00,0xC5,0x95,0x04,0x00,0x02,0x4C,0x46,0x00,0x0B,0x96,0x04,0x00,0x00,0x4B,0x45,0x00,0x0B,0x96,0x04,0x00,
  0x01,0x4B,0x45,0x00,0x50,0x96,0x04,0x00,0x03,0x3F,0xD0,0x00,0x50,0x96,0x04,0x00,0x04,0x3F,0xD0,0x00,0x50,0x96,0x04,0x00,
  0x00,0x49,0x68,0x00,0x50,0x96,0x04,0x00,0x01,0x49,0x68,0x00,0xB8,0x96,0x04,0x00,0x00,0x4B,0x68,0x00,0xB8,0x96,0x04,0x00,
  0x01,0x4B,0x68,0x00,0x20,0x97,0x04,0x00,0x04,0x40,0xA1,0x01,0x20,0x97,0x04,0x00,0x00,0x40,0xA1,0x01,0x20,0x97,0x04,0x00,
  0x01,0x4C,0xA1,0x01,0x20,0x97,0x04,0x00,0x02,0x4C,0xA1,0x01,0x62,0x9A,0x04,0x00,0x03,0x30,0x41,0x03,0x62,0x9A,0x04,0x00,
  0x02,0x39,0xE2,0x04,0x62,0x9A,0x04,0x00,0x00,0x3C,0x82,0x06,0x62,0x9A,0x04,0x00,0x04,0x40,0x71,0x02,0xD3,0x9C,0x04,0x00,
  0x04,0x45,0xD0,0x00,0xA3,0x9D,0x04,0x00,0x01,0x32,0x41,0x03,0xA3,0x9D,0x04,0x00,0x03,0x43,0xD0,0x00,0x73,0x9E,0x04,0x00,
  0x03,0x42,0xD1,0x00,0x44,0x9F,0x04,0x00,0x02,0x37,0xD0,0x00,0x44,0x9F,0x04,0x00,0x04,0x40,0xD0,0x00,0x14,0xA0,0x04,0x00,
  0x04,0x36,0xD0,0x00,0x14,0xA0,0x04,0x00,0x02,0x3E,0xD0,0x00,0xE4,0xA0,0x04,0x00,0x03,0x2B,0xA1,0x01,0xE4,0xA0,0x04,0x00,
  0x00,0x37,0xA1,0x01,0xE4,0xA0,0x04,0x00,0x04,0x3B,0xA1,0x01,0xE4,0xA0,0x04,0x00,0x01,0x4A,0xD1,0x00,0xB5,0xA1,0x04,0x00,
  0x01,0x49,0xD0,0x00,0x85,0xA2,0x04,0x00,0x02,0x48,0xD0,0x00,0x55,0xA3,0x04,0x00,0x01,0x47,0xD1,0x00,0x26,0xA4,0x04,0x00,
  0x04,0x4A,0xD0,0x00,0xF6,0xA4,0x04,0x00,0x03,0x49,0xD0,0x00,0xC6,0xA5,0x04,0x00,0x02,0x48,0xD1,0x00,0x97,0xA6,0x04,0x00,
  0x01,0x47,0xD0,0x00,0x67,0xA7,0x04,0x00,0x03,0x30,0x41,0x03,0x67,0xA7,0x04,0x00,0x02,0x39,0xE2,0x04,0x67,0xA7,0x04,0x00,
  0x00,0x3C,0x83,0x06,0x67,0xA7,0x04,0x00,0x04,0x40,0x71,0x02,0xD8,0xA9,0x04,0x00,0x04,0x45,0xD0,0x00,0xA8,0xAA,0x04,0x00,
  0x01,0x32,0x42,0x03,0xA8,0xAA,0x04,0x00,0x03,0x43,0xD1,0x00,0x79,0xAB,0x04,0x00,0x03,0x42,0xD0,0x00,0x49,0xAC,0x04,0x00,
  0x02,0x37,0xD0,0x00,0x49,0xAC,0x04,0x00,0x04,0x40,0xD0,0x00,0x19,0xAD,0x04,0x00,0x04,0x36,0xD1,0x00,0x19,0xAD,0x04,0x00,
  0x02,0x3E,0xD1,0x00,0xEA,0xAD,0x04,0x00,0x03,0x2B,0xA0,0x01,0xEA,0xAD,0x04,0x00,0x00,0x37,0xA0,0x01,0xEA,0xAD,0x04,0x00,
  0x04,0x3B,0xA0,0x01,0xEA,0xAD,0x04,0x00,0x01,0x4A,0xD0,0x00,0xBA,0xAE,0x04,0x00,0x01,0x4C,0xD0,0x00,0x8A,0xAF,0x04,0x00,
  0x03,0x4E,0xD1,0x00,0x5B,0xB0,0x04,0x00,0x04,0x4F,0xD0,0x00,0x2B,0xB1,0x04,0x00,0x02,0x43,0xA1,0x01,0x2B,0xB1,0x04,0x00,
  0x01,0x47,0xA1,0x01,0x2B,0xB1,0x04,0x00,0x04,0x4A,0xD0,0x00,0xFB,0xB1,0x04,0x00,0x03,0x4C,0xD1,0x00,0xCC,0xB2,0x04,0x00,
  0x03,0x4E,0xD0,0x00,0x9C,0xB3,0x04,0x00,0x04,0x4F,0xD0,0x00,0x6C,0xB4,0x04,0x00,0x03,0x30,0xA1,0x01,0x6C,0xB4,0x04,0x00,
  0x04,0x40,0xA1,0x01,0x6C,0xB4,0x04,0x00,0x01,0x4C,0xA1,0x01,0x6C,0xB4,0x04,0x00,0x02,0x51,0xA1,0x01,0xAE,0xB7,0x04,0x00,
  0x00,0x32,0xA0,0x01,0xAE,0xB7,0x04,0x00,0x02,0x3E,0xA0,0x01,0xAE,0xB7,0x04,0x00,0x04,0x45,0xA0,0x01,0xAE,0xB7,0x04,0x00,
  0x03,0x48,0xA0,0x01,0xAE,0xB7,0x04,0x00,0x01,0x4A,0xA0,0x01,0xAE,0xB7,0x04,0x00,0x00,0x4E,0xA0,0x01,0xAE,0xB7,0x04,0x00,
  0x00,0x56,0xA0,0x01,0xEF,0xBA,0x04,0x00,0x03,0x2B,0xD0,0x00,0xEF,0xBA,0x04,0x00,0x00,0x37,0x68,0x00,0xEF,0xBA,0x04,0x00,
  0x04,0x3B,0x68,0x00,0xEF,0xBA,0x04,0x00,0x02,0x3E,0x68,0x00,0xEF,0xBA,0x04,0x00,0x01,0x3E,0xA1,0x01,0xEF,0xBA,0x04,0x00,
  0x00,0x47,0xA1,0x01,0xEF,0xBA,0x04,0x00,0x04,0x4F,0xA1,0x01,0x57,0xBB,0x04,0x00,0x02,0x37,0x68,0x00,0x57,0xBB,0x04,0x00,
  0x03,0x3B,0x68,0x00,0x57,0xBB,0x04,0x00,0x03,0x3E,0x68,0x00,0xBF,0xBB,0x04,0x00,0x03,0x2B,0xD1,0x00,0xBF,0xBB,0x04,0x00,
  0x02,0x37,0x69,0x00,0xBF,0xBB,0x04,0x00,0x02,0x3B,0x69,0x00,0xBF,0xBB,0x04,0x00,0x02,0x3E,0x69,0x00,0x28,0xBC,0x04,0x00,
  0x02,0x37,0x68,0x00,0x28,0xBC,0x04,0x00,0x01,0x3B,0x68,0x00,0x28,0xBC,0x04,0x00,0x01,0x3E,0x68,0x00,0x90,0xBC,0x04,0x00,
  0x03,0x2B,0xD0,0x00,0x90,0xBC,0x04,0x00,0x00,0x37,0x68,0x00,0x90,0xBC,0x04,0x00,0x04,0x3B,0x68,0x00,0x90,0xBC,0x04,0x00,
  0x02,0x3E,0x68,0x00,0xF8,0xBC,0x04,0x00,0x00,0x37,0x68,0x00,0xF8,0xBC,0x04,0x00,0x04,0x3B,0x68,0x00,0xF8,0xBC,0x04,0x00,
  0x02,0x3E,0x68,0x00,0x60,0xBD,0x04,0x00,0x03,0x2B,0xD0,0x00,0x60,0xBD,0x04,0x00,0x00,0x37,0x68,0x00,0x60,0xBD,0x04,0x00,
  0x04,0x3B,0x68,0x00,0x60,0xBD,0x04,0x00,0x02,0x3E,0x68,0x00,0x60,0xBD,0x04,0x00,0x01,0x4A,0xD0,0x00,0xC8,0xBD,0x04,0x00,
  0x00,0x37,0x68,0x00,0xC8,0xBD,0x04,0x00,0x04,0x3B,0x68,0x00,0xC8,0xBD,0x04,0x00,0x02,0x3E,0x68,0x00,0x30,0xBE,0x04,0x00,
  0x03,0x2B,0xD1,0x00,0x30,0xBE,0x04,0x00,0x00,0x37,0x69,0x00,0x30,0xBE,0x04,0x00,0x04,0x3B,0x69,0x00,0x30,0xBE,0x04,0x00,
  0x02,0x3E,0x69,0x00,0x30,0xBE,0x04,0x00,0x01,0x47,0xD1,0x00,0x99,0xBE,0x04,0x00,0x00,0x37,0x68,0x00,0x99,0xBE,0x04,0x00,
  0x04,0x3B,0x68,0x00,0x99,0xBE,0x04,0x00,0x02,0x3E,0x68,0x00,0x01,0xBF,0x04,0x00,0x03,0x2B,0xD0,0x00,0x01,0xBF,0x04,0x00,
  0x00,0x37,0x68,0x00,0x01,0xBF,0x04,0x00,0x04,0x3B,0x68,0x00,0x01,0xBF,0x04,0x00,0x02,0x3E,0x68,0x00,0x01,0xBF,0x04,0x00,
  0x01,0x43,0xD0,0x00,0x69,0xBF,0x04,0x00,0x00,0x37,0x68,0x00,0x69,0xBF,0x04,0x00,0x04,0x3B,0x68,0x00,0x69,0xBF,0x04,0x00,
  0x02,0x3E,0x68,0x00,0xD1,0xBF,0x04,0x00,0x03,0x2B,0xD0,0x00,0xD1,0xBF,0x04,0x00,0x00,0x37,0x68,0x00,0xD1,0xBF,0x04,0x00,
  0x04,0x3B,0x68,0x00,0xD1,0xBF,0x04,0x00,0x02,0x3E,0x68,0x00,0xD1,0xBF,0x04,0x00,0x01,0x47,0xD0,0x00,0x39,0xC0,0x04,0x00,
  0x00,0x37,0x68,0x00,0x39,0xC0,0x04,0x00,0x04,0x3B,0x68,0x00,0x39,0xC0,0x04,0x00,0x02,0x3E,0x68,0x00,0xA1,0xC0,0x04,0x00,
  0x03,0x2B,0xD1,0x00,0xA1,0xC0,0x04,0x00,0x00,0x37,0x69,0x00,0xA1,0xC0,0x04,0x00,0x04,0x3B,0x69,0x00,0xA1,0xC0,0x04,0x00,
  0x02,0x3E,0x69,0x00,0xA1,0xC0,0x04,0x00,0x01,0x4A,0xD1,0x00,0x0A,0xC1,0x04,0x00,0x00,0x37,0x68,0x00,0x0A,0xC1,0x04,0x00,
  0x04,0x3B,0x68,0x00,0x0A,0xC1,0x04,0x00,0x02,0x3E,0x68,0x00,0x72,0xC1,0x04,0x00,0x03,0x2B,0xD0,0x00,0x72,0xC1,0x04,0x00,
  0x00,0x37,0x68,0x00,0x72,0xC1,0x04,0x00,0x04,0x3B,0x68,0x00,0x72,0xC1,0x04,0x00,0x02,0x3E,0x68,0x00,0x72,0xC1,0x04,0x00,
  0x01,0x4F,0xD0,0x00,0xDA,0xC1,0x04,0x00,0x00,0x37,0x68,0x00,0xDA,0xC1,0x04,0x00,0x04,0x3B,0x68,0x00,0xDA,0xC1,0x04,0x00,
  0x02,0x3E,0x68,0x00,0x42,0xC2,0x04,0x00,0x03,0x2B,0xD0,0x00,0x42,0xC2,0x04,0x00,0x00,0x37,0x68,0x00,0x42,0xC2,0x04,0x00,
  0x04,0x3B,0x68,0x00,0x42,0xC2,0x04,0x00,0x02,0x3E,0x68,0x00,0x42,0xC2,0x04,0x00,0x01,0x4A,0xD0,0x00,0xAA,0xC2,0x04,0x00,
  0x00,0x37,0x68,0x00,0xAA,0xC2,0x04,0x00,0x04,0x3B,0x68,0x00,0xAA,0xC2,0x04,0x00,0x02,0x3E,0x68,0x00,0x12,0xC3,0x04,0x00,
  0x03,0x2B,0xD1,0x00,0x12,0xC3,0x04,0x00,0x00,0x37,0x69,0x00,0x12,0xC3,0x04,0x00,0x04,0x3B,0x69,0x00,0x12,0xC3,0x04,0x00,
  0x02,0x3E,0x69,0x00,0x12,0xC3,0x04,0x00,0x01,0x4F,0xD1,0x00,0x7B,0xC3,0x04,0x00,0x00,0x37,0x68,0x00,0x7B,0xC3,0x04,0x00,
  0x04,0x3B,0x68,0x00,0x7B,0xC3,0x04,0x00,0x02,0x3E,0x68,0x00,0xE3,0xC3,0x04,0x00,0x03,0x2B,0xD0,0x00,0xE3,0xC3,0x04,0x00,
  0x00,0x37,0x68,0x00,0xE3,0xC3,0x04,0x00,0x04,0x3B,0x68,0x00,0xE3,0xC3,0x04,0x00,0x02,0x3E,0x68,0x00,0xE3,0xC3,0x04,0x00,
  0x01,0x53,0xD0,0x00,0x4B,0xC4,0x04,0x00,0x00,0x37,0x68,0x00,0x4B,0xC4,0x04,0x00,0x04,0x3B,0x68,0x00,0x4B,0xC4,0x04,0x00,
  0x02,0x3E,0x68,0x00,0xB3,0xC4,0x04,0x00,0x03,0x2B,0xD0,0x00,0xB3,0xC4,0x04,0x00,0x00,0x37,0x68,0x00,0xB3,0xC4,0x04,0x00,
  0x04,0x3B,0x68,0x00,0xB3,0xC4,0x04,0x00,0x02,0x3E,0x68,0x00,0xB3,0xC4,0x04,0x00,0x01,0x56,0xA1,0x01,0x1B,0xC5,0x04,0x00,
  0x00,0x37,0x68,0x00,0x1B,0xC5,0x04,0x00,0x04,0x3B,0x68,0x00,0x1B,0xC5,0x04,0x00,0x02,0x3E,0x68,0x00,0x83,0xC5,0x04,0x00,
  0x03,0x2B,0xD1,0x00,0x83,0xC5,0x04,0x00,0x00,0x37,0x68,0x00,0x83,0xC5,0x04,0x00,0x04,0x3B,0x68,0x00,0x83,0xC5,0x04,0x00,
  0x02,0x3E,0x68,0x00,0xEB,0xC5,0x04,0x00,0x00,0x37,0x69,0x00,0xEB,0xC5,0x04,0x00,0x04,0x3B,0x69,0x00,0xEB,0xC5,0x04,0x00,
  0x02,0x3E,0x69,0x00,0x54,0xC6,0x04,0x00,0x03,0x2B,0xD0,0x00,0x54,0xC6,0x04,0x00,0x02,0x39,0x68,0x00,0x54,0xC6,0x04,0x00,
  0x00,0x3C,0x68,0x00,0x54,0xC6,0x04,0x00,0x04,0x3E,0x68,0x00,0x54,0xC6,0x04,0x00,0x01,0x3E,0xA0,0x01,0x54,0xC6,0x04,0x00,
  0x02,0x45,0xA0,0x01,0x54,0xC6,0x04,0x00,0x00,0x4E,0xA0,0x01,0xBC,0xC6,0x04,0x00,0x04,0x39,0x68,0x00,0xBC,0xC6,0x04,0x00,
  0x03,0x3C,0x68,0x00,0xBC,0xC6,0x04,0x00,0x03,0x3E,0x68,0x00,0x24,0xC7,0x04,0x00,0x03,0x2B,0xD0,0x00,0x24,0xC7,0x04,0x00,
  0x04,0x39,0x68,0x00,0x24,0xC7,0x04,0x00,0x04,0x3C,0x68,0x00,0x24,0xC7,0x04,0x00,0x04,0x3E,0x68,0x00,0x8C,0xC7,0x04,0x00,
  0x04,0x39,0x68,0x00,0x8C,0xC7,0x04,0x00,0x01,0x3C,0x68,0x00,0x8C,0xC7,0x04,0x00,0x01,0x3E,0x68,0x00,0xF4,0xC7,0x04,0x00,
  0x03,0x2B,0xD1,0x00,0xF4,0xC7,0x04,0x00,0x00,0x37,0x68,0x00,0xF4,0xC7,0x04,0x00,0x04,0x3B,0x68,0x00,0xF4,0xC7,0x04,0x00,
  0x02,0x3E,0x68,0x00,0xF4,0xC7,0x04,0x00,0x01,0x3E,0xA1,0x01,0xF4,0xC7,0x04,0x00,0x00,0x47,0xA1,0x01,0xF4,0xC7,0x04,0x00,
  0x04,0x4F,0xA1,0x01,0x5C,0xC8,0x04,0x00,0x02,0x37,0x69,0x00,0x5C,0xC8,0x04,0x00,0x03,0x3B,0x69,0x00,0x5C,0xC8,0x04,0x00,
  0x03,0x3E,0x69,0x00,0xC5,0xC8,0x04,0x00,0x03,0x2B,0xD0,0x00,0xC5,0xC8,0x04,0x00,0x02,0x37,0x68,0x00,0xC5,0xC8,0x04,0x00,
  0x02,0x3B,0x68,0x00,0xC5,0xC8,0x04,0x00,0x02,0x3E,0x68,0x00,0x2D,0xC9,0x04,0x00,0x02,0x37,0x68,0x00,0x2D,0xC9,0x04,0x00,
  0x01,0x3B,0x68,0x00,0x2D,0xC9,0x04,0x00,0x01,0x3E,0x68,0x00,0x95,0xC9,0x04,0x00,0x03,0x2B,0xD0,0x00,0x95,0xC9,0x04,0x00,
  0x00,0x37,0x68,0x00,0x95,0xC9,0x04,0x00,0x04,0x3B,0x68,0x00,0x95,0xC9,0x04,0x00,0x02,0x3E,0x68,0x00,0xFD,0xC9,0x04,0x00,
  0x00,0x37,0x68,0x00,0xFD,0xC9,0x04,0x00,0x04,0x3B,0x68,0x00,0xFD,0xC9,0x04,0x00,0x02,0x3E,0x68,0x00,0x65,0xCA,0x04,0x00,
  0x03,0x2B,0xD1,0x00,0x65,0xCA,0x04,0x00,0x00,0x37,0x68,0x00,0x65,0xCA,0x04,0x00,0x04,0x3B,0x68,0x00,0x65,0xCA,0x04,0x00,
  0x02,0x3E,0x68,0x00,0x65,0xCA,0x04,0x00,0x01,0x4A,0xD1,0x00,0xCD,0xCA,0x04,0x00,0x00,0x37,0x69,0x00,0xCD,0xCA,0x04,0x00,
  0x04,0x3B,0x69,0x00,0xCD,0xCA,0x04,0x00,0x02,0x3E,0x69,0x00,0x36,0xCB,0x04,0x00,0x03,0x2B,0xD0,0x00,0x36,0xCB,0x04,0x00,
  0x00,0x37,0x68,0x00,0x36,0xCB,0x04,0x00,0x04,0x3B,0x68,0x00,0x36,0xCB,0x04,0x00,0x02,0x3E,0x68,0x00,0x36,0xCB,0x04,0x00,
  0x01,0x47,0xD0,0x00,0x9E,0xCB,0x04,0x00,0x00,0x37,0x68,0x00,0x9E,0xCB,0x04,0x00,0x04,0x3B,0x68,0x00,0x9E,0xCB,0x04,0x00,
  0x02,0x3E,0x68,0x00,0x06,0xCC,0x04,0x00,0x03,0x2B,0xD0,0x00,0x06,0xCC,0x04,0x00,0x00,0x37,0x68,0x00,0x06,0xCC,0x04,0x00,
  0x04,0x3B,0x68,0x00,0x06,0xCC,0x04,0x00,0x02,0x3E,0x68,0x00,0x06,0xCC,0x04,0x00,0x01,0x43,0xD0,0x00,0x6E,0xCC,0x04,0x00,
  0x00,0x37,0x68,0x00,0x6E,0xCC,0x04,0x00,0x04,0x3B,0x68,0x00,0x6E,0xCC,0x04,0x00,0x02,0x3E,0x68,0x00,0xD6,0xCC,0x04,0x00,
  0x03,0x2B,0xD1,0x00,0xD6,0xCC,0x04,0x00,0x00,0x37,0x68,0x00,0xD6,0xCC,0x04,0x00,0x04,0x3B,0x68,0x00,0xD6,0xCC,0x04,0x00,
  0x02,0x3E,0x68,0x00,0xD6,0xCC,0x04,0x00,0x01,0x47,0xD1,0x00,0x3E,0xCD,0x04,0x00,0x00,0x37,0x69,0x00,0x3E,0xCD,0x04,0x00,
  0x04,0x3B,0x69,0x00,0x3E,0xCD,0x04,0x00,0x02,0x3E,0x69,0x00,0xA7,0xCD,0x04,0x00,0x03,0x2B,0xD0,0x00,0xA7,0xCD,0x04,0x00,
  0x00,0x37,0x68,0x00,0xA7,0xCD,0x04,0x00,0x04,0x3B,0x68,0x00,0xA7,0xCD,0x04,0x00,0x02,0x3E,0x68,0x00,0xA7,0xCD,0x04,0x00,
  0x01,0x4A,0xD0,0x00,0x0F,0xCE,0x04,0x00,0x00,0x37,0x68,0x00,0x0F,0xCE,0x04,0x00,0x04,0x3B,0x68,0x00,0x0F,0xCE,0x04,0x00,
  0x02,0x3E,0x68,0x00,0x77,0xCE,0x04,0x00,0x03,0x2B,0xD0,0x00,0x77,0xCE,0x04,0x00,0x00,0x37,0x68,0x00,0x77,0xCE,0x04,0x00,
  0x04,0x3B,0x68,0x00,0x77,0xCE,0x04,0x00,0x02,0x3E,0x68,0x00,0x77,0xCE,0x04,0x00,0x01,0x4F,0xD0,0x00,0xDF,0xCE,0x04,0x00,
  0x00,0x37,0x68,0x00,0xDF,0xCE,0x04,0x00,0x04,0x3B,0x68,0x00,0xDF,0xCE,0x04,0x00,0x02,0x3E,0x68,0x00,0x47,0xCF,0x04,0x00,
  0x03,0x2B,0xD1,0x00,0x47,0xCF,0x04,0x00,0x00,0x37,0x68,0x00,0x47,0xCF,0x04,0x00,0x04,0x3B,0x68,0x00,0x47,0xCF,0x04,0x00,
  0x02,0x3E,0x68,0x00,0x47,0xCF,0x04,0x00,0x01,0x4A,0xD1,0x00,0xAF,0xCF,0x04,0x00,0x00,0x37,0x69,0x00,0xAF,0xCF,0x04,0x00,
  0x04,0x3B,0x69,0x00,0xAF,0xCF,0x04,0x00,0x02,0x3E,0x69,0x00,0x18,0xD0,0x04,0x00,0x03,0x2B,0xD0,0x00,0x18,0xD0,0x04,0x00,
  0x00,0x37,0x68,0x00,0x18,0xD0,0x04,0x00,0x04,0x3B,0x68,0x00,0x18,0xD0,0x04,0x00,0x02,0x3E,0x68,0x00,0x18,0xD0,0x04,0x00,
  0x01,0x4F,0xD0,0x00,0x80,0xD0,0x04,0x00,0x00,0x37,0x68,0x00,0x80,0xD0,0x04,0x00,0x04,0x3B,0x68,0x00,0x80,0xD0,0x04,0x00,
  0x02,0x3E,0x68,0x00,0xE8,0xD0,0x04,0x00,0x03,0x2B,0xD0,0x00,0xE8,0xD0,0x04,0x00,0x00,0x37,0x68,0x00,0xE8,0xD0,0x04,0x00,
  0x04,0x3B,0x68,0x00,0xE8,0xD0,0x04,0x00,0x02,0x3E,0x68,0x00,0xE8,0xD0,0x04,0x00,0x01,0x53,0xD0,0x00,0x50,0xD1,0x04,0x00,
  0x00,0x37,0x68,0x00,0x50,0xD1,0x04,0x00,0x04,0x3B,0x68,0x00,0x50,0xD1,0x04,0x00,0x02,0x3E,0x68,0x00,0xB8,0xD1,0x04,0x00,
  0x03,0x2B,0xD1,0x00,0xB8,0xD1,0x04,0x00,0x00,0x37,0x68,0x00,0xB8,0xD1,0x04,0x00,0x04,0x3B,0x68,0x00,0xB8,0xD1,0x04,0x00,
  0x02,0x3E,0x68,0x00,0xB8,0xD1,0x04,0x00,0x01,0x56,0xA1,0x01,0x20,0xD2,0x04,0x00,0x00,0x37,0x69,0x00,0x20,0xD2,0x04,0x00,
  0x04,0x3B,0x69,0x00,0x20,0xD2,0x04,0x00,0x02,0x3E,0x69,0x00,0x89,0xD2,0x04,0x00,0x03,0x2B,0xD0,0x00,0x89,0xD2,0x04,0x00,
  0x00,0x37,0x68,0x00,0x89,0xD2,0x04,0x00,0x04,0x3B,0x68,0x00,0x89,0xD2,0x04,0x00,0x02,0x3E,0x68,0x00,0xF1,0xD2,0x04,0x00,
  0x00,0x37,0x68,0x00,0xF1,0xD2,0x04,0x00,0x04,0x3B,0x68,0x00,0xF1,0xD2,0x04,0x00,0x02,0x3E,0x68,0x00,0x59,0xD3,0x04,0x00,
  0x03,0x2B,0xD0,0x00,0x59,0xD3,0x04,0x00,0x02,0x39,0x68,0x00,0x59,0xD3,0x04,0x00,0x00,0x3C,0x68,0x00,0x59,0xD3,0x04,0x00,
  0x04,0x3E,0x68,0x00,0x59,0xD3,0x04,0x00,0x01,0x3E,0xA1,0x01,0x59,0xD3,0x04,0x00,0x02,0x45,0xA1,0x01,0x59,0xD3,0x04,0x00,
  0x00,0x4E,0xA1,0x01,0xC1,0xD3,0x04,0x00,0x04,0x39,0x68,0x00,0xC1,0xD3,0x04,0x00,0x03,0x3C,0x68,0x00,0xC1,0xD3,0x04,0x00,
  0x03,0x3E,0x68,0x00,0x29,0xD4,0x04,0x00,0x03,0x2B,0xD1,0x00,0x29,0xD4,0x04,0x00,0x04,0x39,0x68,0x00,0x29,0xD4,0x04,0x00,
  0x04,0x3C,0x68,0x00,0x29,0xD4,0x04,0x00,0x04,0x3E,0x68,0x00,0x91,0xD4,0x04,0x00,0x04,0x39,0x69,0x00,0x91,0xD4,0x04,0x00,
  0x01,0x3C,0x69,0x00,0x91,0xD4,0x04,0x00,0x01,0x3E,0x69,0x00,0xFA,0xD4,0x04,0x00,0x03,0x2B,0xD0,0x00,0xFA,0xD4,0x04,0x00,
  0x00,0x37,0xD0,0x00,0xFA,0xD4,0x04,0x00,0x04,0x3B,0xA0,0x01,0xFA,0xD4,0x04,0x00,0x02,0x3E,0xA0,0x01,0xFA,0xD4,0x04,0x00,
  0x01,0x3E,0xA0,0x01,0xFA,0xD4,0x04,0x00,0x03,0x47,0xA0,0x01,0xFA,0xD4,0x04,0x00,0x00,0x4F,0xA0,0x01,0xCA,0xD5,0x04,0x00,
  0x04,0x2F,0xD0,0x00,0xCA,0xD5,0x04,0x00,0x04,0x3B,0xD0,0x00,0x9A,0xD6,0x04,0x00,0x00,0x32,0xD1,0x00,0x9A,0xD6,0x04,0x00,
  0x02,0x3E,0xD1,0x00,0x6B,0xD7,0x04,0x00,0x00,0x37,0xD0,0x00,0x6B,0xD7,0x04,0x00,0x02,0x43,0xD0,0x00,0x3B,0xD8,0x04,0x00,
  0x04,0x3B,0xD0,0x00,0x3B,0xD8,0x04,0x00,0x02,0x3E,0xA1,0x01,0x3B,0xD8,0x04,0x00,0x03,0x3E,0xA1,0x01,0x3B,0xD8,0x04,0x00,
  0x01,0x47,0xD0,0x00,0x3B,0xD8,0x04,0x00,0x00,0x47,0xA1,0x01,0x3B,0xD8,0x04,0x00,0x04,0x47,0xA1,0x01,0x3B,0xD8,0x04,0x00,
  0x01,0x4F,0xA1,0x01,0x3B,0xD8,0x04,0x00,0x04,0x4F,0xA1,0x01,0x0B,0xD9,0x04,0x00,0x02,0x37,0xD1,0x00,0x0B,0xD9,0x04,0x00,
  0x02,0x43,0xD1,0x00,0xDC,0xD9,0x04,0x00,0x02,0x3E,0xD0,0x00,0xDC,0xD9,0x04,0x00,0x04,0x4A,0xD0,0x00,0xAC,0xDA,0x04,0x00,
  0x04,0x3B,0xD0,0x00,0xAC,0xDA,0x04,0x00,0x01,0x47,0xD0,0x00,0x7C,0xDB,0x04,0x00,0x00,0x37,0xA1,0x01,0x7C,0xDB,0x04,0x00,
  0x02,0x3E,0xA1,0x01,0x7C,0xDB,0x04,0x00,0x03,0x3E,0xA1,0x01,0x7C,0xDB,0x04,0x00,0x04,0x43,0xA1,0x01,0x7C,0xDB,0x04,0x00,
  0x01,0x47,0xA1,0x01,0x7C,0xDB,0x04,0x00,0x00,0x47,0xA1,0x01,0x7C,0xDB,0x04,0x00,0x00,0x4F,0xA1,0x01,0x7C,0xDB,0x04,0x00,
  0x00,0x4F,0xA1,0x01,0x1D,0xDD,0x04,0x00,0x03,0x2B,0x38,0x01,0x1D,0xDD,0x04,0x00,0x00,0x37,0x38,0x01,0x1D,0xDD,0x04,0x00,
  0x01,0x37,0x38,0x01,0x1D,0xDD,0x04,0x00,0x02,0x37,0x38,0x01,0x1D,0xDD,0x04,0x00,0x04,0x43,0x38,0x01,0x1D,0xDD,0x04,0x00,
  0x03,0x43,0x38,0x01,0x55,0xDE,0x04,0x00,0x03,0x2B,0x69,0x00,0x55,0xDE,0x04,0x00,0x00,0x37,0x69,0x00,0x55,0xDE,0x04,0x00,
  0x01,0x37,0x69,0x00,0x55,0xDE,0x04,0x00,0x02,0x37,0x69,0x00,0x55,0xDE,0x04,0x00,0x04,0x43,0x69,0x00,0x55,0xDE,0x04,0x00,
  0x03,0x43,0x69,0x00,0xBE,0xDE,0x04,0x00,0x03,0x2B,0xA0,0x01,0xBE,0xDE,0x04,0x00,0x00,0x37,0xA0,0x01,0xBE,0xDE,0x04,0x00,
  0x01,0x37,0xA0,0x01,0xBE,0xDE,0x04,0x00,0x02,0x37,0xA0,0x01,0xBE,0xDE,0x04,0x00,0x04,0x43,0xA0,0x01,0xBE,0xDE,0x04,0x00,
  0x03,0x43,0xA0,0x01,
};

// Fur Elise (7252 bytes)
static const uint8_t song_Fur_Elise[] PROGMEM = {
  0x53,0x54,0x50,0x4D,0x01,0x00,0x00,0x00,0x89,0x03,0x00,0x00,0x00,0x00,0x00,0x00,0x01,0x4C,0xD0,0x00,0xD0,0x00,0x00,0x00,
  0x00,0x4B,0xD0,0x00,0xA0,0x01,0x00,0x00,0x01,0x4C,0xD0,0x00,0x70,0x02,0x00,0x00,0x00,0x4B,0xD1,0x00,0x41,0x03,0x00,0x00,
  0x01,0x4C,0xD0,0x00,0x11,0x04,0x00,0x00,0x01,0x47,0xD0,0x00,0xE1,0x04,0x00,0x00,0x04,0x4A,0xD1,0x00,0xB2,0x05,0x00,0x00,
  0x02,0x48,0xD0,0x00,0x82,0x06,0x00,0x00,0x00,0x2D,0xD0,0x00,0x82,0x06,0x00,0x00,0x04,0x45,0xA1,0x01,0x52,0x07,0x00,0x00,
  0x02,0x34,0xD1,0x00,0x23,0x08,0x00,0x00,0x02,0x39,0xD0,0x00,0xF3,0x08,0x00,0x00,0x00,0x3C,0xD0,0x00,0xC3,0x09,0x00,0x00,
  0x04,0x40,0xD1,0x00,0x94,0x0A,0x00,0x00,0x04,0x45,0xD0,0x00,0x64,0x0B,0x00,0x00,0x00,0x28,0xD0,0x00,0x64,0x0B,0x00,0x00,
  0x01,0x47,0xA1,0x01,0x34,0x0C,0x00,0x00,0x02,0x34,0xD1,0x00,0x05,0x0D,0x00,0x00,0x01,0x38,0xD0,0x00,0xD5,0x0D,0x00,0x00,
  0x04,0x40,0xD0,0x00,0xA5,0x0E,0x00,0x00,0x03,0x44,0xD1,0x00,0x76,0x0F,0x00,0x00,0x01,0x47,0xD0,0x00,0x46,0x10,0x00,0x00,
  0x00,0x2D,0xD0,0x00,0x46,0x10,0x00,0x00,0x02,0x48,0xA1,0x01,0x16,0x11,0x00,0x00,0x03,0x34,0xD1,0x00,0xE7,0x11,0x00,0x00,
  0x02,0x39,0xD0,0x00,0xB7,0x12,0x00,0x00,0x04,0x40,0xD0,0x00,0x87,0x13,0x00,0x00,0x01,0x4C,0xD1,0x00,0x58,0x14,0x00,0x00,
  0x00,0x4B,0xD0,0x00,0x28,0x15,0x00,0x00,0x01,0x4C,0xD0,0x00,0xF8,0x15,0x00,0x00,0x00,0x4B,0xD1,0x00,0xC9,0x16,0x00,0x00,
  0x01,0x4C,0xD0,0x00,0x99,0x17,0x00,0x00,0x01,0x47,0xD0,0x00,0x69,0x18,0x00,0x00,0x04,0x4A,0xD1,0x00,0x3A,0x19,0x00,0x00,
  0x02,0x48,0xD0,0x00,0x0A,0x1A,0x00,0x00,0x00,0x2D,0xD0,0x00,0x0A,0x1A,0x00,0x00,0x04,0x45,0xA1,0x01,0xDA,0x1A,0x00,0x00,
  0x02,0x34,0xD1,0x00,0xAB,0x1B,0x00,0x00,0x02,0x39,0xD0,0x00,0x7B,0x1C,0x00,0x00,0x00,0x3C,0xD0,0x00,0x4B,0x1D,0x00,0x00,
  0x04,0x40,0xD1,0x00,0x1C,0x1E,0x00,0x00,0x04,0x45,0xD0,0x00,0xEC,0x1E,0x00,0x00,0x00,0x28,0xD0,0x00,0xEC,0x1E,0x00,0x00,
  0x01,0x47,0xA1,0x01,0xBC,0x1F,0x00,0x00,0x02,0x34,0xD1,0x00,0x8D,0x20,0x00,0x00,0x01,0x38,0xD0,0x00,0x5D,0x21,0x00,0x00,
  0x04,0x40,0xD0,0x00,0x2D,0x22,0x00,0x00,0x02,0x48,0xD1,0x00,0xFE,0x22,0x00,0x00,0x01,0x47,0xD0,0x00,0xCE,0x23,0x00,0x00,
  0x00,0x2D,0xD0,0x00,0xCE,0x23,0x00,0x00,0x04,0x45,0x41,0x03,0x9E,0x24,0x00,0x00,0x02,0x34,0xD1,0x00,0x6F,0x25,0x00,0x00,
  0x02,0x39,0xD0,0x00,0x0F,0x27,0x00,0x00,0x00,0x2D,0xD1,0x00,0x0F,0x27,0x00,0x00,0x04,0x45,0xA1,0x01,0xE0,0x27,0x00,0x00,
  0x02,0x34,0xD0,0x00,0xB0,0x28,0x00,0x00,0x02,0x39,0xD0,0x00,0x80,0x29,0x00,0x00,0x01,0x47,0xD1,0x00,0x51,0x2A,0x00,0x00,
  0x02,0x48,0xD0,0x00,0x21,0x2B,0x00,0x00,0x04,0x4A,0xD0,0x00,0xF1,0x2B,0x00,0x00,0x03,0x30,0xD1,0x00,0xF1,0x2B,0x00,0x00,
  0x01,0x4C,0x71,0x02,0xC2,0x2C,0x00,0x00,0x00,0x37,0xD0,0x00,0x92,0x2D,0x00,0x00,0x00,0x3C,0xD0,0x00,0x62,0x2E,0x00,0x00,
  0x02,0x43,0xD1,0x00,0x33,0x2F,0x00,0x00,0x02,0x4D,0xD0,0x00,0x03,0x30,0x00,0x00,0x01,0x4C,0xD0,0x00,0xD3,0x30,0x00,0x00,
  0x03,0x2B,0xD1,0x00,0xD3,0x30,0x00,0x00,0x04,0x4A,0x71,0x02,0xA4,0x31,0x00,0x00,0x00,0x37,0xD0,0x00,0x74,0x32,0x00,0x00,
  0x00,0x3B,0xD0,0x00,0x44,0x33,0x00,0x00,0x00,0x41,0xD1,0x00,0x15,0x34,0x00,0x00,0x01,0x4C,0xD0,0x00,0xE5,0x34,0x00,0x00,
  0x04,0x4A,0xD0,0x00,0xB5,0x35,0x00,0x00,0x00,0x2D,0xD1,0x00,0xB5,0x35,0x00,0x00,0x02,0x48,0x71,0x02,0x86,0x36,0x00,0x00,
  0x03,0x34,0xD0,0x00,0x56,0x37,0x00,0x00,0x03,0x39,0xD0,0x00,0x26,0x38,0x00,0x00,0x04,0x40,0xD1,0x00,0xF7,0x38,0x00,0x00,
  0x04,0x4A,0xD0,0x00,0xC7,0x39,0x00,0x00,0x02,0x48,0xD0,0x00,0x97,0x3A,0x00,0x00,0x00,0x28,0xD1,0x00,0x97,0x3A,0x00,0x00,
  0x01,0x47,0xA1,0x01,0x68,0x3B,0x00,0x00,0x02,0x34,0xD0,0x00,0x38,0x3C,0x00,0x00,0x04,0x40,0xD0,0x00,0x08,0x3D,0x00,0x00,
  0x04,0x40,0xD1,0x00,0xD9,0x3D,0x00,0x00,0x01,0x4C,0xD0,0x00,0xA9,0x3E,0x00,0x00,0x04,0x40,0xD0,0x00,0x79,0x3F,0x00,0x00,
  0x01,0x4C,0xD1,0x00,0x4A,0x40,0x00,0x00,0x01,0x4C,0xD0,0x00,0x1A,0x41,0x00,0x00,0x03,0x58,0xD0,0x00,0xEA,0x41,0x00,0x00,
  0x00,0x4B,0xD1,0x00,0xBB,0x42,0x00,0x00,0x01,0x4C,0xD0,0x00,0x8B,0x43,0x00,0x00,0x00,0x4B,0xD0,0x00,0x5B,0x44,0x00,0x00,
  0x01,0x4C,0xA1,0x01,0x2C,0x45,0x00,0x00,0x00,0x4B,0xD0,0x00,0xFC,0x45,0x00,0x00,0x01,0x4C,0xD0,0x00,0xCC,0x46,0x00,0x00,
  0x00,0x4B,0xD1,0x00,0x9D,0x47,0x00,0x00,0x01,0x4C,0xD0,0x00,0x6D,0x48,0x00,0x00,0x00,0x4B,0xD0,0x00,0x3D,0x49,0x00,0x00,
  0x01,0x4C,0xD1,0x00,0x0E,0x4A,0x00,0x00,0x00,0x4B,0xD0,0x00,0xDE,0x4A,0x00,0x00,0x01,0x4C,0xD0,0x00,0xAE,0x4B,0x00,0x00,
  0x01,0x47,0xD1,0x00,0x7F,0x4C,0x00,0x00,0x04,0x4A,0xD0,0x00,0x4F,0x4D,0x00,0x00,0x02,0x48,0xD0,0x00,0x1F,0x4E,0x00,0x00,
  0x00,0x2D,0xD1,0x00,0x1F,0x4E,0x00,0x00,0x04,0x45,0xA1,0x01,0xF0,0x4E,0x00,0x00,0x02,0x34,0xD0,0x00,0xC0,0x4F,0x00,0x00,
  0x02,0x39,0xD0,0x00,0x90,0x50,0x00,0x00,0x00,0x3C,0xD1,0x00,0x61,0x51,0x00,0x00,0x04,0x40,0xD0,0x00,0x31,0x52,0x00,0x00,
  0x04,0x45,0xD0,0x00,0x01,0x53,0x00,0x00,0x00,0x28,0xD1,0x00,0x01,0x53,0x00,0x00,0x01,0x47,0xA1,0x01,0xD2,0x53,0x00,0x00,
  0x02,0x34,0xD0,0x00,0xA2,0x54,0x00,0x00,0x01,0x38,0xD0,0x00,0x72,0x55,0x00,0x00,0x04,0x40,0xD1,0x00,0x43,0x56,0x00,0x00,
  0x03,0x44,0xD0,0x00,0x13,0x57,0x00,0x00,0x01,0x47,0xD0,0x00,0xE3,0x57,0x00,0x00,0x00,0x2D,0xD1,0x00,0xE3,0x57,0x00,0x00,
  0x02,0x48,0xA1,0x01,0xB4,0x58,0x00,0x00,0x03,0x34,0xD0,0x00,0x84,0x59,0x00,0x00,0x02,0x39,0xD0,0x00,0x54,0x5A,0x00,0x00,
  0x04,0x40,0xD1,0x00,0x25,0x5B,0x00,0x00,0x01,0x4C,0xD0,0x00,0xF5,0x5B,0x00,0x00,0x00,0x4B,0xD0,0x00,0xC5,0x5C,0x00,0x00,
  0x01,0x4C,0xD1,0x00,0x96,0x5D,0x00,0x00,0x00,0x4B,0xD0,0x00,0x66,0x5E,0x00,0x00,0x01,0x4C,0xD0,0x00,0x36,0x5F,0x00,0x00,
  0x01,0x47,0xD1,0x00,0x07,0x60,0x00,0x00,0x04,0x4A,0xD0,0x00,0xD7,0x60,0x00,0x00,0x02,0x48,0xD0,0x00,0xA7,0x61,0x00,0x00,
  0x00,0x2D,0xD1,0x00,0xA7,0x61,0x00,0x00,0x04,0x45,0xA1,0x01,0x78,0x62,0x00,0x00,0x02,0x34,0xD0,0x00,0x48,0x63,0x00,0x00,
  0x02,0x39,0xD0,0x00,0x18,0x64,0x00,0x00,0x00,0x3C,0xD1,0x00,0xE9,0x64,0x00,0x00,0x04,0x40,0xD0,0x00,0xB9,0x65,0x00,0x00,
  0x04,0x45,0xD0,0x00,0x89,0x66,0x00,0x00,0x00,0x28,0xD1,0x00,0x89,0x66,0x00,0x00,0x01,0x47,0xA1,0x01,0x5A,0x67,0x00,0x00,
  0x02,0x34,0xD0,0x00,0x2A,0x68,0x00,0x00,0x01,0x38,0xD0,0x00,0xFA,0x68,0x00,0x00,0x04,0x40,0xD1,0x00,0xCB,0x69,0x00,0x00,
  0x02,0x48,0xD0,0x00,0x9B,0x6A,0x00,0x00,0x01,0x47,0xD0,0x00,0x6B,0x6B,0x00,0x00,0x00,0x2D,0xD1,0x00,0x6B,0x6B,0x00,0x00,
  0x04,0x45,0xA1,0x01,0x3C,0x6C,0x00,0x00,0x02,0x34,0xD0,0x00,0x0C,0x6D,0x00,0x00,0x02,0x39,0xD0,0x00,0xDC,0x6D,0x00,0x00,
  0x01,0x47,0xD1,0x00,0xAD,0x6E,0x00,0x00,0x02,0x48,0xD0,0x00,0x7D,0x6F,0x00,0x00,0x04,0x4A,0xD0,0x00,0x4D,0x70,0x00,0x00,
  0x00,0x2D,0xD1,0x00,0x4D,0x70,0x00,0x00,0x04,0x45,0xA1,0x01,0x1E,0x71,0x00,0x00,0x02,0x34,0xD0,0x00,0xEE,0x71,0x00,0x00,
  0x02,0x39,0xD0,0x00,0xBE,0x72,0x00,0x00,0x03,0x3A,0xD1,0x00,0xBE,0x72,0x00,0x00,0x00,0x3C,0xD1,0x00,0xBE,0x72,0x00,0x00,
  0x04,0x40,0xD1,0x00,0xBE,0x72,0x00,0x00,0x02,0x48,0xD1,0x00,0x8F,0x73,0x00,0x00,0x02,0x39,0xD0,0x00,0x8F,0x73,0x00,0x00,
  0x00,0x3C,0xD0,0x00,0x8F,0x73,0x00,0x00,0x01,0x41,0xD0,0x00,0x8F,0x73,0x00,0x00,0x03,0x48,0xD0,0x00,0x5F,0x74,0x00,0x00,
  0x00,0x37,0xD0,0x00,0x5F,0x74,0x00,0x00,0x03,0x3A,0xD0,0x00,0x5F,0x74,0x00,0x00,0x01,0x3C,0xD0,0x00,0x5F,0x74,0x00,0x00,
  0x04,0x40,0x71,0x00,0x5F,0x74,0x00,0x00,0x02,0x43,0x71,0x00,0x5F,0x74,0x00,0x00,0x04,0x48,0x71,0x00,0xD0,0x74,0x00,0x00,
  0x02,0x41,0x2E,0x00,0x00,0x75,0x00,0x00,0x04,0x45,0x2D,0x00,0x2F,0x75,0x00,0x00,0x03,0x35,0xD1,0x00,0x2F,0x75,0x00,0x00,
  0x02,0x48,0x42,0x03,0x00,0x76,0x00,0x00,0x03,0x39,0xD0,0x00,0xD0,0x76,0x00,0x00,0x00,0x3C,0xD0,0x00,0xA0,0x77,0x00,0x00,
  0x03,0x39,0xD1,0x00,0x71,0x78,0x00,0x00,0x00,0x3C,0xD0,0x00,0x71,0x78,0x00,0x00,0x02,0x4D,0x38,0x01,0x41,0x79,0x00,0x00,
  0x03,0x39,0xD0,0x00,0xA9,0x79,0x00,0x00,0x01,0x4C,0x68,0x00,0x11,0x7A,0x00,0x00,0x03,0x35,0xD1,0x00,0x11,0x7A,0x00,0x00,
  0x01,0x4C,0xA1,0x01,0xE2,0x7A,0x00,0x00,0x03,0x3A,0xD0,0x00,0xB2,0x7B,0x00,0x00,0x02,0x3E,0xD0,0x00,0xB2,0x7B,0x00,0x00,
  0x04,0x4A,0xA1,0x01,0x82,0x7C,0x00,0x00,0x03,0x3A,0xD1,0x00,0x53,0x7D,0x00,0x00,0x02,0x3E,0xD0,0x00,0x53,0x7D,0x00,0x00,
  0x03,0x52,0x38,0x01,0x23,0x7E,0x00,0x00,0x04,0x3A,0xD0,0x00,0x8B,0x7E,0x00,0x00,0x01,0x51,0x68,0x00,0xF3,0x7E,0x00,0x00,
  0x03,0x35,0xD1,0x00,0xF3,0x7E,0x00,0x00,0x01,0x51,0xD1,0x00,0xC4,0x7F,0x00,0x00,0x04,0x40,0xD0,0x00,0xC4,0x7F,0x00,0x00,
  0x00,0x4F,0xD0,0x00,0x94,0x80,0x00,0x00,0x03,0x35,0xD0,0x00,0x94,0x80,0x00,0x00,0x00,0x37,0xD0,0x00,0x94,0x80,0x00,0x00,
  0x04,0x3A,0xD0,0x00,0x94,0x80,0x00,0x00,0x02,0x4D,0xD0,0x00,0x64,0x81,0x00,0x00,0x04,0x40,0xD1,0x00,0x64,0x81,0x00,0x00,
  0x01,0x4C,0xD1,0x00,0x35,0x82,0x00,0x00,0x03,0x35,0xD0,0x00,0x35,0x82,0x00,0x00,0x00,0x37,0xD0,0x00,0x35,0x82,0x00,0x00,
  0x04,0x3A,0xD0,0x00,0x35,0x82,0x00,0x00,0x01,0x4A,0xD0,0x00,0x05,0x83,0x00,0x00,0x04,0x40,0xD0,0x00,0x05,0x83,0x00,0x00,
  0x02,0x48,0xD0,0x00,0xD5,0x83,0x00,0x00,0x03,0x35,0xD1,0x00,0xD5,0x83,0x00,0x00,0x00,0x46,0xA1,0x01,0xA6,0x84,0x00,0x00,
  0x02,0x39,0xD0,0x00,0x76,0x85,0x00,0x00,0x00,0x3C,0xD0,0x00,0x76,0x85,0x00,0x00,0x04,0x45,0x89,0x01,0x46,0x86,0x00,0x00,
  0x02,0x39,0xD1,0x00,0xFF,0x86,0x00,0x00,0x00,0x46,0x16,0x00,0x17,0x87,0x00,0x00,0x00,0x3C,0xD0,0x00,0x17,0x87,0x00,0x00,
  0x04,0x45,0x68,0x00,0x7F,0x87,0x00,0x00,0x02,0x43,0x68,0x00,0xE7,0x87,0x00,0x00,0x02,0x39,0xD0,0x00,0xE7,0x87,0x00,0x00,
  0x04,0x45,0x68,0x00,0x4F,0x88,0x00,0x00,0x00,0x46,0x68,0x00,0xB7,0x88,0x00,0x00,0x03,0x35,0xD1,0x00,0xB7,0x88,0x00,0x00,
  0x02,0x48,0x42,0x03,0x88,0x89,0x00,0x00,0x03,0x39,0xD0,0x00,0x58,0x8A,0x00,0x00,0x00,0x3C,0xD0,0x00,0x28,0x8B,0x00,0x00,
  0x03,0x39,0xD1,0x00,0xF9,0x8B,0x00,0x00,0x00,0x3C,0xD0,0x00,0xF9,0x8B,0x00,0x00,0x04,0x4A,0xD0,0x00,0xC9,0x8C,0x00,0x00,
  0x02,0x39,0xD0,0x00,0xC9,0x8C,0x00,0x00,0x00,0x4B,0xD0,0x00,0x99,0x8D,0x00,0x00,0x02,0x34,0xD1,0x00,0x99,0x8D,0x00,0x00,
  0x01,0x4C,0x71,0x02,0x6A,0x8E,0x00,0x00,0x02,0x39,0xD0,0x00,0x3A,0x8F,0x00,0x00,0x00,0x3C,0xD0,0x00,0x0A,0x90,0x00,0x00,
  0x02,0x39,0xD1,0x00,0x0A,0x90,0x00,0x00,0x01,0x4C,0xD1,0x00,0xDB,0x90,0x00,0x00,0x00,0x32,0xD0,0x00,0xDB,0x90,0x00,0x00,
  0x02,0x3E,0xD0,0x00,0xDB,0x90,0x00,0x00,0x03,0x4D,0xD0,0x00,0xAB,0x91,0x00,0x00,0x03,0x35,0xD0,0x00,0xAB,0x91,0x00,0x00,
  0x04,0x45,0xD0,0x00,0x7B,0x92,0x00,0x00,0x00,0x37,0xD1,0x00,0x7B,0x92,0x00,0x00,0x02,0x48,0x42,0x03,0x4C,0x93,0x00,0x00,
  0x04,0x40,0xD0,0x00,0x1C,0x94,0x00,0x00,0x00,0x37,0xD0,0x00,0xEC,0x94,0x00,0x00,0x04,0x40,0xD1,0x00,0xBD,0x95,0x00,0x00,
  0x00,0x37,0xD0,0x00,0xBD,0x95,0x00,0x00,0x04,0x4A,0x38,0x01,0x8D,0x96,0x00,0x00,0x00,0x41,0xD0,0x00,0xF5,0x96,0x00,0x00,
  0x01,0x47,0x68,0x00,0x5D,0x97,0x00,0x00,0x00,0x3C,0xA1,0x01,0x5D,0x97,0x00,0x00,0x04,0x40,0xA1,0x01,0x5D,0x97,0x00,0x00,
  0x02,0x48,0x69,0x00,0xC6,0x97,0x00,0x00,0x01,0x4F,0x68,0x00,0x2E,0x98,0x00,0x00,0x02,0x43,0x68,0x00,0x96,0x98,0x00,0x00,
  0x01,0x4F,0x68,0x00,0xFE,0x98,0x00,0x00,0x04,0x45,0x68,0x00,0x66,0x99,0x00,0x00,0x04,0x4F,0x68,0x00,0xCE,0x99,0x00,0x00,
  0x00,0x41,0xD1,0x00,0xCE,0x99,0x00,0x00,0x02,0x43,0xD1,0x00,0xCE,0x99,0x00,0x00,0x01,0x47,0x69,0x00,0x37,0x9A,0x00,0x00,
  0x04,0x4F,0x68,0x00,0x9F,0x9A,0x00,0x00,0x04,0x40,0xD0,0x00,0x9F,0x9A,0x00,0x00,0x02,0x43,0xD0,0x00,0x9F,0x9A,0x00,0x00,
  0x03,0x48,0x68,0x00,0x07,0x9B,0x00,0x00,0x00,0x4F,0x68,0x00,0x6F,0x9B,0x00,0x00,0x02,0x3E,0xD0,0x00,0x6F,0x9B,0x00,0x00,
  0x00,0x41,0xD0,0x00,0x6F,0x9B,0x00,0x00,0x03,0x43,0xD0,0x00,0x6F,0x9B,0x00,0x00,0x04,0x4A,0x68,0x00,0xD7,0x9B,0x00,0x00,
  0x04,0x4F,0x68,0x00,0x3F,0x9C,0x00,0x00,0x00,0x3C,0xA1,0x01,0x3F,0x9C,0x00,0x00,0x04,0x40,0xA1,0x01,0x3F,0x9C,0x00,0x00,
  0x02,0x43,0xA1,0x01,0x3F,0x9C,0x00,0x00,0x01,0x4C,0x69,0x00,0xA8,0x9C,0x00,0x00,0x01,0x4F,0x68,0x00,0x10,0x9D,0x00,0x00,
  0x01,0x54,0x68,0x00,0x78,0x9D,0x00,0x00,0x03,0x53,0x68,0x00,0xE0,0x9D,0x00,0x00,0x03,0x35,0xA1,0x01,0xE0,0x9D,0x00,0x00,
  0x02,0x39,0xA1,0x01,0xE0,0x9D,0x00,0x00,0x01,0x51,0x68,0x00,0x48,0x9E,0x00,0x00,0x04,0x4F,0x68,0x00,0xB0,0x9E,0x00,0x00,
  0x04,0x4D,0x69,0x00,0x19,0x9F,0x00,0x00,0x01,0x4C,0x68,0x00,0x81,0x9F,0x00,0x00,0x00,0x37,0xA0,0x01,0x81,0x9F,0x00,0x00,
  0x04,0x3B,0xA0,0x01,0x81,0x9F,0x00,0x00,0x01,0x4A,0x68,0x00,0xE9,0x9F,0x00,0x00,0x01,0x4F,0x68,0x00,0x51,0xA0,0x00,0x00,
  0x02,0x4D,0x68,0x00,0xB9,0xA0,0x00,0x00,0x01,0x4A,0x68,0x00,0x21,0xA1,0x00,0x00,0x00,0x3C,0xA1,0x01,0x21,0xA1,0x00,0x00,
  0x02,0x48,0x69,0x00,0x8A,0xA1,0x00,0x00,0x04,0x4F,0x68,0x00,0xF2,0xA1,0x00,0x00,0x02,0x43,0x68,0x00,0x5A,0xA2,0x00,0x00,
  0x04,0x4F,0x68,0x00,0xC2,0xA2,0x00,0x00,0x04,0x45,0x68,0x00,0x2A,0xA3,0x00,0x00,0x04,0x4F,0x68,0x00,0x92,0xA3,0x00,0x00,
  0x00,0x41,0xD1,0x00,0x92,0xA3,0x00,0x00,0x02,0x43,0xD1,0x00,0x92,0xA3,0x00,0x00,0x01,0x47,0x69,0x00,0xFB,0xA3,0x00,0x00,
  0x04,0x4F,0x68,0x00,0x63,0xA4,0x00,0x00,0x04,0x40,0xD0,0x00,0x63,0xA4,0x00,0x00,0x02,0x43,0xD0,0x00,0x63,0xA4,0x00,0x00,
  0x03,0x48,0x68,0x00,0xCB,0xA4,0x00,0x00,0x00,0x4F,0x68,0x00,0x33,0xA5,0x00,0x00,0x02,0x3E,0xD0,0x00,0x33,0xA5,0x00,0x00,
  0x00,0x41,0xD0,0x00,0x33,0xA5,0x00,0x00,0x03,0x43,0xD0,0x00,0x33,0xA5,0x00,0x00,0x04,0x4A,0x68,0x00,0x9B,0xA5,0x00,0x00,
  0x04,0x4F,0x68,0x00,0x03,0xA6,0x00,0x00,0x00,0x3C,0xA1,0x01,0x03,0xA6,0x00,0x00,0x04,0x40,0xA1,0x01,0x03,0xA6,0x00,0x00,
  0x02,0x43,0xA1,0x01,0x03,0xA6,0x00,0x00,0x01,0x4C,0x69,0x00,0x6C,0xA6,0x00,0x00,0x01,0x4F,0x68,0x00,0xD4,0xA6,0x00,0x00,
  0x01,0x54,0x68,0x00,0x3C,0xA7,0x00,0x00,0x03,0x53,0x68,0x00,0xA4,0xA7,0x00,0x00,0x03,0x35,0xA1,0x01,0xA4,0xA7,0x00,0x00,
  0x02,0x39,0xA1,0x01,0xA4,0xA7,0x00,0x00,0x01,0x51,0x68,0x00,0x0C,0xA8,0x00,0x00,0x04,0x4F,0x68,0x00,0x74,0xA8,0x00,0x00,
  0x04,0x4D,0x69,0x00,0xDD,0xA8,0x00,0x00,0x01,0x4C,0x68,0x00,0x45,0xA9,0x00,0x00,0x00,0x37,0xA0,0x01,0x45,0xA9,0x00,0x00,
  0x04,0x3B,0xA0,0x01,0x45,0xA9,0x00,0x00,0x01,0x4A,0x68,0x00,0xAD,0xA9,0x00,0x00,0x01,0x4F,0x68,0x00,0x15,0xAA,0x00,0x00,
  0x02,0x4D,0x68,0x00,0x7D,0xAA,0x00,0x00,0x01,0x4A,0x68,0x00,0xE5,0xAA,0x00,0x00,0x01,0x38,0xA1,0x01,0xE5,0xAA,0x00,0x00,
  0x04,0x3B,0xA1,0x01,0xE5,0xAA,0x00,0x00,0x02,0x4C,0x69,0x00,0x4E,0xAB,0x00,0x00,0x02,0x4D,0x68,0x00,0xB6,0xAB,0x00,0x00,
  0x02,0x4C,0x68,0x00,0x1E,0xAC,0x00,0x00,0x00,0x4B,0x68,0x00,0x86,0xAC,0x00,0x00,0x01,0x4C,0x68,0x00,0xEE,0xAC,0x00,0x00,
  0x01,0x47,0x68,0x00,0x56,0xAD,0x00,0x00,0x01,0x4C,0x69,0x00,0xBF,0xAD,0x00,0x00,0x00,0x4B,0x68,0x00,0x27,0xAE,0x00,0x00,
  0x01,0x4C,0x68,0x00,0x8F,0xAE,0x00,0x00,0x01,0x47,0x68,0x00,0xF7,0xAE,0x00,0x00,0x01,0x4C,0x68,0x00,0x5F,0xAF,0x00,0x00,
  0x00,0x4B,0x68,0x00,0xC7,0xAF,0x00,0x00,0x01,0x4C,0x71,0x02,0x38,0xB2,0x00,0x00,0x01,0x47,0xD1,0x00,0x09,0xB3,0x00,0x00,
  0x01,0x4C,0xD0,0x00,0xD9,0xB3,0x00,0x00,0x00,0x4B,0xD0,0x00,0xA9,0xB4,0x00,0x00,0x01,0x4C,0x71,0x02,0x1A,0xB7,0x00,0x00,
  0x01,0x47,0xD1,0x00,0xEB,0xB7,0x00,0x00,0x01,0x4C,0xD0,0x00,0xBB,0xB8,0x00,0x00,0x00,0x4B,0xD0,0x00,0x8B,0xB9,0x00,0x00,
  0x01,0x4C,0xD1,0x00,0x5C,0xBA,0x00,0x00,0x00,0x4B,0xD0,0x00,0x2C,0xBB,0x00,0x00,0x01,0x4C,0xD0,0x00,0xFC,0xBB,0x00,0x00,
  0x00,0x4B,0xD1,0x00,0xCD,0xBC,0x00,0x00,0x01,0x4C,0xD0,0x00,0x9D,0xBD,0x00,0x00,0x00,0x4B,0xD0,0x00,0x6D,0xBE,0x00,0x00,
  0x01,0x4C,0xD1,0x00,0x3E,0xBF,0x00,0x00,0x00,0x4B,0xD0,0x00,0x0E,0xC0,0x00,0x00,0x01,0x4C,0xD0,0x00,0xDE,0xC0,0x00,0x00,
  0x01,0x47,0xD1,0x00,0xAF,0xC1,0x00,0x00,0x04,0x4A,0xD0,0x00,0x7F,0xC2,0x00,0x00,0x02,0x48,0xD0,0x00,0x4F,0xC3,0x00,0x00,
  0x00,0x2D,0xD1,0x00,0x4F,0xC3,0x00,0x00,0x04,0x45,0xA1,0x01,0x20,0xC4,0x00,0x00,0x02,0x34,0xD0,0x00,0xF0,0xC4,0x00,0x00,
  0x02,0x39,0xD0,0x00,0xC0,0xC5,0x00,0x00,0x00,0x3C,0xD1,0x00,0x91,0xC6,0x00,0x00,0x04,0x40,0xD0,0x00,0x61,0xC7,0x00,0x00,
  0x04,0x45,0xD0,0x00,0x31,0xC8,0x00,0x00,0x00,0x28,0xD1,0x00,0x31,0xC8,0x00,0x00,0x01,0x47,0xA1,0x01,0x02,0xC9,0x00,0x00,
  0x02,0x34,0xD0,0x00,0xD2,0xC9,0x00,0x00,0x01,0x38,0xD0,0x00,0xA2,0xCA,0x00,0x00,0x04,0x40,0xD1,0x00,0x73,0xCB,0x00,0x00,
  0x03,0x44,0xD0,0x00,0x43,0xCC,0x00,0x00,0x01,0x47,0xD0,0x00,0x13,0xCD,0x00,0x00,0x00,0x2D,0xD1,0x00,0x13,0xCD,0x00,0x00,
  0x02,0x48,0xA1,0x01,0xE4,0xCD,0x00,0x00,0x03,0x34,0xD0,0x00,0xB4,0xCE,0x00,0x00,0x02,0x39,0xD0,0x00,0x84,0xCF,0x00,0x00,
  0x04,0x40,0xD1,0x00,0x55,0xD0,0x00,0x00,0x01,0x4C,0xD0,0x00,0x25,0xD1,0x00,0x00,0x00,0x4B,0xD0,0x00,0xF5,0xD1,0x00,0x00,
  0x01,0x4C,0xD1,0x00,0xC6,0xD2,0x00,0x00,0x00,0x4B,0xD0,0x00,0x96,0xD3,0x00,0x00,0x01,0x4C,0xD0,0x00,0x66,0xD4,0x00,0x00,
  0x01,0x47,0xD1,0x00,0x37,0xD5,0x00,0x00,0x04,0x4A,0xD0,0x00,0x07,0xD6,0x00,0x00,0x02,0x48,0xD0,0x00,0xD7,0xD6,0x00,0x00,
  0x00,0x2D,0xD1,0x00,0xD7,0xD6,0x00,0x00,0x04,0x45,0xA1,0x01,0xA8,0xD7,0x00,0x00,0x02,0x34,0xD0,0x00,0x78,0xD8,0x00,0x00,
  0x02,0x39,0xD0,0x00,0x48,0xD9,0x00,0x00,0x00,0x3C,0xD1,0x00,0x19,0xDA,0x00,0x00,0x04,0x40,0xD0,0x00,0xE9,0xDA,0x00,0x00,
  0x04,0x45,0xD0,0x00,0xB9,0xDB,0x00,0x00,0x00,0x28,0xD1,0x00,0xB9,0xDB,0x00,0x00,0x01,0x47,0xA1,0x01,0x8A,0xDC,0x00,0x00,
  0x02,0x34,0xD0,0x00,0x5A,0xDD,0x00,0x00,0x01,0x38,0xD0,0x00,0x2A,0xDE,0x00,0x00,0x04,0x40,0xD1,0x00,0xFB,0xDE,0x00,0x00,
  0x02,0x48,0xD0,0x00,0xCB,0xDF,0x00,0x00,0x01,0x47,0xD0,0x00,0x9B,0xE0,0x00,0x00,0x00,0x2D,0xD1,0x00,0x9B,0xE0,0x00,0x00,
  0x04,0x45,0xA1,0x01,0x6C,0xE1,0x00,0x00,0x02,0x34,0xD0,0x00,0x3C,0xE2,0x00,0x00,0x02,0x39,0xD0,0x00,0x0C,0xE3,0x00,0x00,
  0x01,0x47,0xD1,0x00,0xDD,0xE3,0x00,0x00,0x02,0x48,0xD0,0x00,0xAD,0xE4,0x00,0x00,0x04,0x4A,0xD0,0x00,0x7D,0xE5,0x00,0x00,
  0x03,0x30,0xD1,0x00,0x7D,0xE5,0x00,0x00,0x01,0x4C,0x71,0x02,0x4E,0xE6,0x00,0x00,0x00,0x37,0xD0,0x00,0x1E,0xE7,0x00,0x00,
  0x00,0x3C,0xD0,0x00,0xEE,0xE7,0x00,0x00,0x02,0x43,0xD1,0x00,0xBF,0xE8,0x00,0x00,0x02,0x4D,0xD0,0x00,0x8F,0xE9,0x00,0x00,
  0x01,0x4C,0xD0,0x00,0x5F,0xEA,0x00,0x00,0x03,0x2B,0xD1,0x00,0x5F,0xEA,0x00,0x00,0x04,0x4A,0x71,0x02,0x30,0xEB,0x00,0x00,
  0x00,0x37,0xD0,0x00,0x00,0xEC,0x00,0x00,0x00,0x3B,0xD0,0x00,0xD0,0xEC,0x00,0x00,0x00,0x41,0xD1,0x00,0xA1,0xED,0x00,0x00,
  0x01,0x4C,0xD0,0x00,0x71,0xEE,0x00,0x00,0x04,0x4A,0xD0,0x00,0x41,0xEF,0x00,0x00,0x00,0x2D,0xD1,0x00,0x41,0xEF,0x00,0x00,
  0x02,0x48,0x71,0x02,0x12,0xF0,0x00,0x00,0x03,0x34,0xD0,0x00,0xE2,0xF0,0x00,0x00,0x03,0x39,0xD0,0x00,0xB2,0xF1,0x00,0x00,
  0x04,0x40,0xD1,0x00,0x83,0xF2,0x00,0x00,0x04,0x4A,0xD0,0x00,0x53,0xF3,0x00,0x00,0x02,0x48,0xD0,0x00,0x23,0xF4,0x00,0x00,
  0x00,0x28,0xD1,0x00,0x23,0xF4,0x00,0x00,0x01,0x47,0xA1,0x01,0xF4,0xF4,0x00,0x00,0x02,0x34,0xD0,0x00,0xC4,0xF5,0x00,0x00,
  0x04,0x40,0xD0,0x00,0x94,0xF6,0x00,0x00,0x04,0x40,0xD1,0x00,0x65,0xF7,0x00,0x00,0x01,0x4C,0xD0,0x00,0x35,0xF8,0x00,0x00,
  0x04,0x40,0xD0,0x00,0x05,0xF9,0x00,0x00,0x01,0x4C,0xD1,0x00,0xD6,0xF9,0x00,0x00,0x01,0x4C,0xD0,0x00,0xA6,0xFA,0x00,0x00,
  0x03,0x58,0xD0,0x00,0x76,0xFB,0x00,0x00,0x00,0x4B,0xD1,0x00,0x47,0xFC,0x00,0x00,0x01,0x4C,0xD0,0x00,0x17,0xFD,0x00,0x00,
  0x00,0x4B,0xD0,0x00,0xE7,0xFD,0x00,0x00,0x01,0x4C,0xD1,0x00,0xB8,0xFE,0x00,0x00,0x00,0x4B,0xD0,0x00,0x88,0xFF,0x00,0x00,
  0x01,0x4C,0xD0,0x00,0x58,0x00,0x01,0x00,0x00,0x4B,0xD1,0x00,0x29,0x01,0x01,0x00,0x01,0x4C,0xD0,0x00,0xF9,0x01,0x01,0x00,
  0x00,0x4B,0xD0,0x00,0xC9,0x02,0x01,0x00,0x01,0x4C,0xD1,0x00,0x9A,0x03,0x01,0x00,0x00,0x4B,0xD0,0x00,0x6A,0x04,0x01,0x00,
  0x01,0x4C,0xD0,0x00,0x3A,0x05,0x01,0x00,0x01,0x47,0xD1,0x00,0x0B,0x06,0x01,0x00,0x04,0x4A,0xD0,0x00,0xDB,0x06,0x01,0x00,
  0x02,0x48,0xD0,0x00,0xAB,0x07,0x01,0x00,0x00,0x2D,0xD1,0x00,0xAB,0x07,0x01,0x00,0x04,0x45,0xA1,0x01,0x7C,0x08,0x01,0x00,
  0x02,0x34,0xD0,0x00,0x4C,0x09,0x01,0x00,0x02,0x39,0xD0,0x00,0x1C,0x0A,0x01,0x00,0x00,0x3C,0xD1,0x00,0xED,0x0A,0x01,0x00,
  0x04,0x40,0xD0,0x00,0xBD,0x0B,0x01,0x00,0x04,0x45,0xD0,0x00,0x8D,0x0C,0x01,0x00,0x00,0x28,0xD1,0x00,0x8D,0x0C,0x01,0x00,
  0x01,0x47,0xA1,0x01,0x5E,0x0D,0x01,0x00,0x02,0x34,0xD0,0x00,0x2E,0x0E,0x01,0x00,0x01,0x38,0xD0,0x00,0xFE,0x0E,0x01,0x00,
  0x04,0x40,0xD1,0x00,0xCF,0x0F,0x01,0x00,0x03,0x44,0xD0,0x00,0x9F,0x10,0x01,0x00,0x01,0x47,0xD0,0x00,0x6F,0x11,0x01,0x00,
  0x00,0x2D,0xD1,0x00,0x6F,0x11,0x01,0x00,0x02,0x48,0xA1,0x01,0x40,0x12,0x01,0x00,0x03,0x34,0xD0,0x00,0x10,0x13,0x01,0x00,
  0x02,0x39,0xD0,0x00,0xE0,0x13,0x01,0x00,0x04,0x40,0xD1,0x00,0xB1,0x14,0x01,0x00,0x01,0x4C,0xD0,0x00,0x81,0x15,0x01,0x00,
  0x00,0x4B,0xD0,0x00,0x51,0x16,0x01,0x00,0x01,0x4C,0xD1,0x00,0x22,0x17,0x01,0x00,0x00,0x4B,0xD0,0x00,0xF2,0x17,0x01,0x00,
  0x01,0x4C,0xD0,0x00,0xC2,0x18,0x01,0x00,0x01,0x47,0xD1,0x00,0x93,0x19,0x01,0x00,0x04,0x4A,0xD0,0x00,0x63,0x1A,0x01,0x00,
  0x02,0x48,0xD0,0x00,0x33,0x1B,0x01,0x00,0x00,0x2D,0xD1,0x00,0x33,0x1B,0x01,0x00,0x04,0x45,0xA1,0x01,0x04,0x1C,0x01,0x00,
  0x02,0x34,0xD0,0x00,0xD4,0x1C,0x01,0x00,0x02,0x39,0xD0,0x00,0xA4,0x1D,0x01,0x00,0x00,0x3C,0xD1,0x00,0x75,0x1E,0x01,0x00,
  0x04,0x40,0xD0,0x00,0x45,0x1F,0x01,0x00,0x04,0x45,0xD0,0x00,0x15,0x20,0x01,0x00,0x00,0x28,0xD1,0x00,0x15,0x20,0x01,0x00,
  0x01,0x47,0xA1,0x01,0xE6,0x20,0x01,0x00,0x02,0x34,0xD0,0x00,0xB6,0x21,0x01,0x00,0x01,0x38,0xD0,0x00,0x86,0x22,0x01,0x00,
  0x04,0x40,0xD1,0x00,0x57,0x23,0x01,0x00,0x02,0x48,0xD0,0x00,0x27,0x24,0x01,0x00,0x01,0x47,0xD0,0x00,0xF7,0x24,0x01,0x00,
  0x00,0x2D,0xD1,0x00,0xF7,0x24,0x01,0x00,0x04,0x45,0xA1,0x01,0xC8,0x25,0x01,0x00,0x00,0x2D,0xD0,0x00,0x98,0x26,0x01,0x00,
  0x00,0x2D,0xD0,0x00,0x68,0x27,0x01,0x00,0x00,0x2D,0xD1,0x00,0x39,0x28,0x01,0x00,0x00,0x2D,0xD0,0x00,0x09,0x29,0x01,0x00,
  0x00,0x2D,0xD0,0x00,0xD9,0x29,0x01,0x00,0x00,0x2D,0xD1,0x00,0xD9,0x29,0x01,0x00,0x04,0x40,0xE2,0x04,0xD9,0x29,0x01,0x00,
  0x02,0x43,0xE2,0x04,0xD9,0x29,0x01,0x00,0x01,0x46,0xE2,0x04,0xD9,0x29,0x01,0x00,0x03,0x49,0xE2,0x04,0xAA,0x2A,0x01,0x00,
  0x00,0x2D,0xD0,0x00,0x7A,0x2B,0x01,0x00,0x00,0x2D,0xD0,0x00,0x4A,0x2C,0x01,0x00,0x00,0x2D,0xD1,0x00,0x1B,0x2D,0x01,0x00,
  0x00,0x2D,0xD0,0x00,0xEB,0x2D,0x01,0x00,0x00,0x2D,0xD0,0x00,0xBB,0x2E,0x01,0x00,0x00,0x2D,0xD1,0x00,0xBB,0x2E,0x01,0x00,
  0x01,0x41,0x42,0x03,0xBB,0x2E,0x01,0x00,0x04,0x45,0x42,0x03,0xBB,0x2E,0x01,0x00,0x02,0x4A,0x42,0x03,0x8C,0x2F,0x01,0x00,
  0x00,0x2D,0xD0,0x00,0x5C,0x30,0x01,0x00,0x00,0x2D,0xD0,0x00,0x2C,0x31,0x01,0x00,0x00,0x2D,0xD1,0x00,0xFD,0x31,0x01,0x00,
  0x00,0x2D,0xD0,0x00,0xFD,0x31,0x01,0x00,0x03,0x49,0xD0,0x00,0xFD,0x31,0x01,0x00,0x01,0x4C,0xD0,0x00,0xCD,0x32,0x01,0x00,
  0x00,0x2D,0xD0,0x00,0xCD,0x32,0x01,0x00,0x04,0x4A,0xD0,0x00,0xCD,0x32,0x01,0x00,0x02,0x4D,0xD0,0x00,0x9D,0x33,0x01,0x00,
  0x00,0x2D,0xD1,0x00,0x9D,0x33,0x01,0x00,0x03,0x44,0x42,0x03,0x9D,0x33,0x01,0x00,0x04,0x4A,0x42,0x03,0x9D,0x33,0x01,0x00,
  0x02,0x4D,0x42,0x03,0x6E,0x34,0x01,0x00,0x00,0x2D,0xD0,0x00,0x3E,0x35,0x01,0x00,0x00,0x2D,0xD0,0x00,0x0E,0x36,0x01,0x00,
  0x00,0x2D,0xD1,0x00,0xDF,0x36,0x01,0x00,0x00,0x2D,0xD0,0x00,0xDF,0x36,0x01,0x00,0x03,0x44,0xA0,0x01,0xDF,0x36,0x01,0x00,
  0x04,0x4A,0xA0,0x01,0xDF,0x36,0x01,0x00,0x02,0x4D,0xA0,0x01,0xAF,0x37,0x01,0x00,0x00,0x2D,0xD0,0x00,0x7F,0x38,0x01,0x00,
  0x00,0x2D,0xD1,0x00,0x7F,0x38,0x01,0x00,0x04,0x45,0xE2,0x04,0x7F,0x38,0x01,0x00,0x02,0x48,0xE2,0x04,0x7F,0x38,0x01,0x00,
  0x01,0x4C,0xE2,0x04,0x50,0x39,0x01,0x00,0x00,0x2D,0xD0,0x00,0x20,0x3A,0x01,0x00,0x00,0x2D,0xD0,0x00,0xF0,0x3A,0x01,0x00,
  0x00,0x2D,0xD1,0x00,0xC1,0x3B,0x01,0x00,0x00,0x2D,0xD0,0x00,0x91,0x3C,0x01,0x00,0x00,0x2D,0xD0,0x00,0x61,0x3D,0x01,0x00,
  0x03,0x26,0xD1,0x00,0x61,0x3D,0x01,0x00,0x00,0x2D,0xD1,0x00,0x61,0x3D,0x01,0x00,0x01,0x41,0x42,0x03,0x61,0x3D,0x01,0x00,
  0x04,0x4A,0x42,0x03,0x32,0x3E,0x01,0x00,0x03,0x26,0xD0,0x00,0x32,0x3E,0x01,0x00,0x00,0x2D,0xD0,0x00,0x02,0x3F,0x01,0x00,
  0x03,0x26,0xD0,0x00,0x02,0x3F,0x01,0x00,0x00,0x2D,0xD0,0x00,0xD2,0x3F,0x01,0x00,0x03,0x26,0xD1,0x00,0xD2,0x3F,0x01,0x00,
  0x00,0x2D,0xD1,0x00,0xA3,0x40,0x01,0x00,0x03,0x26,0xD0,0x00,0xA3,0x40,0x01,0x00,0x00,0x2D,0xD0,0x00,0xA3,0x40,0x01,0x00,
  0x04,0x40,0xD0,0x00,0xA3,0x40,0x01,0x00,0x02,0x48,0xD0,0x00,0x73,0x41,0x01,0x00,0x03,0x26,0xD0,0x00,0x73,0x41,0x01,0x00,
  0x00,0x2D,0xD0,0x00,0x73,0x41,0x01,0x00,0x02,0x3E,0xD0,0x00,0x73,0x41,0x01,0x00,0x01,0x47,0xD0,0x00,0x43,0x42,0x01,0x00,
  0x04,0x27,0xD1,0x00,0x43,0x42,0x01,0x00,0x00,0x2D,0xD1,0x00,0x43,0x42,0x01,0x00,0x01,0x3C,0x42,0x03,0x43,0x42,0x01,0x00,
  0x02,0x42,0x42,0x03,0x43,0x42,0x01,0x00,0x03,0x45,0x42,0x03,0x14,0x43,0x01,0x00,0x04,0x27,0xD0,0x00,0x14,0x43,0x01,0x00,
  0x00,0x2D,0xD0,0x00,0xE4,0x43,0x01,0x00,0x04,0x27,0xD0,0x00,0xE4,0x43,0x01,0x00,0x00,0x2D,0xD0,0x00,0xB4,0x44,0x01,0x00,
  0x04,0x27,0xD1,0x00,0xB4,0x44,0x01,0x00,0x00,0x2D,0xD1,0x00,0x85,0x45,0x01,0x00,0x04,0x27,0xD0,0x00,0x85,0x45,0x01,0x00,
  0x00,0x2D,0xD0,0x00,0x85,0x45,0x01,0x00,0x01,0x3C,0xA0,0x01,0x85,0x45,0x01,0x00,0x02,0x45,0xA0,0x01,0x55,0x46,0x01,0x00,
  0x04,0x27,0xD0,0x00,0x55,0x46,0x01,0x00,0x00,0x2D,0xD0,0x00,0x25,0x47,0x01,0x00,0x00,0x28,0xD1,0x00,0x25,0x47,0x01,0x00,
  0x01,0x2D,0xD1,0x00,0x25,0x47,0x01,0x00,0x02,0x3C,0xA1,0x01,0x25,0x47,0x01,0x00,0x04,0x45,0xA1,0x01,0xF6,0x47,0x01,0x00,
  0x00,0x28,0xD0,0x00,0xF6,0x47,0x01,0x00,0x01,0x2D,0xD0,0x00,0xC6,0x48,0x01,0x00,0x00,0x28,0xD0,0x00,0xC6,0x48,0x01,0x00,
  0x01,0x2D,0xD0,0x00,0xC6,0x48,0x01,0x00,0x04,0x40,0xA1,0x01,0xC6,0x48,0x01,0x00,0x02,0x48,0xA1,0x01,0x96,0x49,0x01,0x00,
  0x00,0x28,0xD1,0x00,0x96,0x49,0x01,0x00,0x01,0x2D,0xD1,0x00,0x67,0x4A,0x01,0x00,0x00,0x28,0xD0,0x00,0x67,0x4A,0x01,0x00,
  0x04,0x2C,0xD0,0x00,0x67,0x4A,0x01,0x00,0x02,0x3E,0xA0,0x01,0x67,0x4A,0x01,0x00,0x01,0x47,0xA0,0x01,0x37,0x4B,0x01,0x00,
  0x00,0x28,0xD0,0x00,0x37,0x4B,0x01,0x00,0x04,0x2C,0xD0,0x00,0x07,0x4C,0x01,0x00,0x03,0x21,0xD1,0x00,0x07,0x4C,0x01,0x00,
  0x00,0x2D,0xD1,0x00,0x07,0x4C,0x01,0x00,0x01,0x3C,0xE2,0x04,0x07,0x4C,0x01,0x00,0x04,0x45,0xE2,0x04,0xD8,0x4C,0x01,0x00,
  0x00,0x2D,0xD0,0x00,0xA8,0x4D,0x01,0x00,0x00,0x2D,0xD0,0x00,0x78,0x4E,0x01,0x00,0x00,0x2D,0xD1,0x00,0x49,0x4F,0x01,0x00,
  0x00,0x2D,0xD0,0x00,0x19,0x50,0x01,0x00,0x00,0x2D,0xD0,0x00,0xE9,0x50,0x01,0x00,0x00,0x2D,0xD1,0x00,0xE9,0x50,0x01,0x00,
  0x04,0x40,0xE2,0x04,0xE9,0x50,0x01,0x00,0x02,0x43,0xE2,0x04,0xE9,0x50,0x01,0x00,0x01,0x46,0xE2,0x04,0xE9,0x50,0x01,0x00,
  0x03,0x49,0xE2,0x04,0xBA,0x51,0x01,0x00,0x00,0x2D,0xD0,0x00,0x8A,0x52,0x01,0x00,0x00,0x2D,0xD0,0x00,0x5A,0x53,0x01,0x00,
  0x00,0x2D,0xD1,0x00,0x2B,0x54,0x01,0x00,0x00,0x2D,0xD0,0x00,0xFB,0x54,0x01,0x00,0x00,0x2D,0xD0,0x00,0xCB,0x55,0x01,0x00,
  0x00,0x2D,0xD1,0x00,0xCB,0x55,0x01,0x00,0x01,0x41,0x42,0x03,0xCB,0x55,0x01,0x00,0x04,0x45,0x42,0x03,0xCB,0x55,0x01,0x00,
  0x02,0x4A,0x42,0x03,0x9C,0x56,0x01,0x00,0x00,0x2D,0xD0,0x00,0x6C,0x57,0x01,0x00,0x00,0x2D,0xD0,0x00,0x3C,0x58,0x01,0x00,
  0x00,0x2D,0xD1,0x00,0x0D,0x59,0x01,0x00,0x00,0x2D,0xD0,0x00,0x0D,0x59,0x01,0x00,0x03,0x49,0xD0,0x00,0x0D,0x59,0x01,0x00,
  0x01,0x4C,0xD0,0x00,0xDD,0x59,0x01,0x00,0x00,0x2D,0xD0,0x00,0xDD,0x59,0x01,0x00,0x04,0x4A,0xD0,0x00,0xDD,0x59,0x01,0x00,
  0x02,0x4D,0xD0,0x00,0xAD,0x5A,0x01,0x00,0x00,0x2D,0xD1,0x00,0xAD,0x5A,0x01,0x00,0x04,0x4A,0x42,0x03,0xAD,0x5A,0x01,0x00,
  0x02,0x4D,0x42,0x03,0x7E,0x5B,0x01,0x00,0x00,0x2D,0xD0,0x00,0x4E,0x5C,0x01,0x00,0x00,0x2D,0xD0,0x00,0x1E,0x5D,0x01,0x00,
  0x00,0x2D,0xD1,0x00,0xEF,0x5D,0x01,0x00,0x00,0x2D,0xD0,0x00,0xEF,0x5D,0x01,0x00,0x04,0x4A,0xA0,0x01,0xEF,0x5D,0x01,0x00,
  0x02,0x4D,0xA0,0x01,0xBF,0x5E,0x01,0x00,0x00,0x2D,0xD0,0x00,0x8F,0x5F,0x01,0x00,0x01,0x2E,0xD1,0x00,0x8F,0x5F,0x01,0x00,
  0x04,0x4A,0xE2,0x04,0x8F,0x5F,0x01,0x00,0x02,0x4D,0xE2,0x04,0x60,0x60,0x01,0x00,0x01,0x2E,0xD0,0x00,0x30,0x61,0x01,0x00,
  0x01,0x2E,0xD0,0x00,0x00,0x62,0x01,0x00,0x01,0x2E,0xD1,0x00,0xD1,0x62,0x01,0x00,0x01,0x2E,0xD0,0x00,0xA1,0x63,0x01,0x00,
  0x01,0x2E,0xD0,0x00,0x71,0x64,0x01,0x00,0x01,0x2E,0xD1,0x00,0x71,0x64,0x01,0x00,0x02,0x43,0x42,0x03,0x71,0x64,0x01,0x00,
  0x00,0x4B,0x42,0x03,0x42,0x65,0x01,0x00,0x01,0x2E,0xD0,0x00,0x12,0x66,0x01,0x00,0x01,0x2E,0xD0,0x00,0xE2,0x66,0x01,0x00,
  0x01,0x2E,0xD1,0x00,0xB3,0x67,0x01,0x00,0x01,0x2E,0xD0,0x00,0xB3,0x67,0x01,0x00,0x00,0x41,0xD0,0x00,0xB3,0x67,0x01,0x00,
  0x04,0x4A,0xD0,0x00,0x83,0x68,0x01,0x00,0x01,0x2E,0xD0,0x00,0x83,0x68,0x01,0x00,0x03,0x3F,0xD0,0x00,0x83,0x68,0x01,0x00,
  0x02,0x48,0xD0,0x00,0x53,0x69,0x01,0x00,0x01,0x2E,0xD1,0x00,0x53,0x69,0x01,0x00,0x02,0x3E,0x42,0x03,0x53,0x69,0x01,0x00,
  0x00,0x41,0x42,0x03,0x53,0x69,0x01,0x00,0x03,0x46,0x42,0x03,0x24,0x6A,0x01,0x00,0x01,0x2E,0xD0,0x00,0xF4,0x6A,0x01,0x00,
  0x01,0x2E,0xD0,0x00,0xC4,0x6B,0x01,0x00,0x01,0x2E,0xD1,0x00,0x95,0x6C,0x01,0x00,0x01,0x2E,0xD0,0x00,0x95,0x6C,0x01,0x00,
  0x02,0x3E,0xA0,0x01,0x95,0x6C,0x01,0x00,0x00,0x41,0xA0,0x01,0x95,0x6C,0x01,0x00,0x04,0x45,0xA0,0x01,0x65,0x6D,0x01,0x00,
  0x01,0x2E,0xD0,0x00,0x35,0x6E,0x01,0x00,0x02,0x2F,0xD1,0x00,0x35,0x6E,0x01,0x00,0x03,0x3E,0x42,0x03,0x35,0x6E,0x01,0x00,
  0x00,0x41,0x42,0x03,0x35,0x6E,0x01,0x00,0x04,0x44,0x42,0x03,0x06,0x6F,0x01,0x00,0x02,0x2F,0xD0,0x00,0xD6,0x6F,0x01,0x00,
  0x02,0x2F,0xD0,0x00,0xA6,0x70,0x01,0x00,0x02,0x2F,0xD1,0x00,0x77,0x71,0x01,0x00,0x02,0x2F,0xD0,0x00,0x77,0x71,0x01,0x00,
  0x03,0x3E,0xA0,0x01,0x77,0x71,0x01,0x00,0x00,0x41,0xA0,0x01,0x77,0x71,0x01,0x00,0x04,0x44,0xA0,0x01,0x47,0x72,0x01,0x00,
  0x02,0x2F,0xD0,0x00,0x17,0x73,0x01,0x00,0x03,0x30,0x42,0x03,0x17,0x73,0x01,0x00,0x00,0x3C,0x42,0x03,0x17,0x73,0x01,0x00,
  0x04,0x40,0x42,0x03,0x17,0x73,0x01,0x00,0x01,0x45,0x42,0x03,0xF9,0x77,0x01,0x00,0x02,0x34,0xA1,0x01,0xF9,0x77,0x01,0x00,
  0x01,0x38,0xA1,0x01,0xF9,0x77,0x01,0x00,0x04,0x40,0xA1,0x01,0xF9,0x77,0x01,0x00,0x03,0x47,0xA1,0x01,0xDB,0x7C,0x01,0x00,
  0x03,0x21,0xA1,0x01,0xDB,0x7C,0x01,0x00,0x02,0x39,0x8B,0x00,0x66,0x7D,0x01,0x00,0x00,0x3C,0x8B,0x00,0xF1,0x7D,0x01,0x00,
  0x04,0x40,0x8B,0x00,0x7C,0x7E,0x01,0x00,0x04,0x45,0x8B,0x00,0x07,0x7F,0x01,0x00,0x02,0x48,0x8B,0x00,0x92,0x7F,0x01,0x00,
  0x01,0x4C,0x8B,0x00,0x1D,0x80,0x01,0x00,0x02,0x39,0xA0,0x01,0x1D,0x80,0x01,0x00,0x00,0x3C,0xA0,0x01,0x1D,0x80,0x01,0x00,
  0x04,0x40,0xA0,0x01,0x1D,0x80,0x01,0x00,0x01,0x4A,0x8B,0x00,0xA8,0x80,0x01,0x00,0x03,0x48,0x8B,0x00,0x33,0x81,0x01,0x00,
  0x01,0x47,0x8A,0x00,0xBD,0x81,0x01,0x00,0x02,0x39,0xA1,0x01,0xBD,0x81,0x01,0x00,0x00,0x3C,0xA1,0x01,0xBD,0x81,0x01,0x00,
  0x04,0x40,0xA1,0x01,0xBD,0x81,0x01,0x00,0x01,0x45,0x8B,0x00,0x48,0x82,0x01,0x00,0x03,0x48,0x8B,0x00,0xD3,0x82,0x01,0x00,
  0x01,0x4C,0x8B,0x00,0x5E,0x83,0x01,0x00,0x01,0x51,0x8B,0x00,0xE9,0x83,0x01,0x00,0x04,0x54,0x8B,0x00,0x74,0x84,0x01,0x00,
  0x03,0x58,0x8B,0x00,0xFF,0x84,0x01,0x00,0x02,0x39,0xA0,0x01,0xFF,0x84,0x01,0x00,0x00,0x3C,0xA0,0x01,0xFF,0x84,0x01,0x00,
  0x04,0x40,0xA0,0x01,0xFF,0x84,0x01,0x00,0x01,0x56,0x8B,0x00,0x8A,0x85,0x01,0x00,0x01,0x54,0x8B,0x00,0x15,0x86,0x01,0x00,
  0x03,0x53,0x8A,0x00,0x9F,0x86,0x01,0x00,0x02,0x39,0xA1,0x01,0x9F,0x86,0x01,0x00,0x00,0x3C,0xA1,0x01,0x9F,0x86,0x01,0x00,
  0x04,0x40,0xA1,0x01,0x9F,0x86,0x01,0x00,0x01,0x51,0x8B,0x00,0x2A,0x87,0x01,0x00,0x01,0x54,0x8B,0x00,0xB5,0x87,0x01,0x00,
  0x03,0x58,0x8B,0x00,0x40,0x88,0x01,0x00,0x03,0x5D,0x8B,0x00,0xCB,0x88,0x01,0x00,0x01,0x60,0x8B,0x00,0x56,0x89,0x01,0x00,
  0x00,0x64,0x8B,0x00,0xE1,0x89,0x01,0x00,0x02,0x39,0xA0,0x01,0xE1,0x89,0x01,0x00,0x00,0x3C,0xA0,0x01,0xE1,0x89,0x01,0x00,
  0x04,0x40,0xA0,0x01,0xE1,0x89,0x01,0x00,0x03,0x62,0x8B,0x00,0x6C,0x8A,0x01,0x00,0x01,0x60,0x8B,0x00,0xF7,0x8A,0x01,0x00,
  0x01,0x5F,0x8A,0x00,0x81,0x8B,0x01,0x00,0x02,0x39,0xA1,0x01,0x81,0x8B,0x01,0x00,0x00,0x3C,0xA1,0x01,0x81,0x8B,0x01,0x00,
  0x04,0x40,0xA1,0x01,0x81,0x8B,0x01,0x00,0x01,0x5E,0x8B,0x00,0x0C,0x8C,0x01,0x00,0x03,0x5D,0x8B,0x00,0x97,0x8C,0x01,0x00,
  0x03,0x5C,0x8B,0x00,0x22,0x8D,0x01,0x00,0x01,0x5B,0x8B,0x00,0xAD,0x8D,0x01,0x00,0x00,0x5A,0x8B,0x00,0x38,0x8E,0x01,0x00,
  0x04,0x59,0x8B,0x00,0xC3,0x8E,0x01,0x00,0x03,0x58,0x8B,0x00,0x4E,0x8F,0x01,0x00,0x02,0x57,0x8B,0x00,0xD9,0x8F,0x01,0x00,
  0x01,0x56,0x8A,0x00,0x63,0x90,0x01,0x00,0x00,0x55,0x8B,0x00,0xEE,0x90,0x01,0x00,0x04,0x54,0x8B,0x00,0x79,0x91,0x01,0x00,
  0x03,0x53,0x8B,0x00,0x04,0x92,0x01,0x00,0x02,0x52,0x8B,0x00,0x8F,0x92,0x01,0x00,0x01,0x51,0x8B,0x00,0x1A,0x93,0x01,0x00,
  0x00,0x50,0x8B,0x00,0xA5,0x93,0x01,0x00,0x04,0x4F,0x8B,0x00,0x30,0x94,0x01,0x00,0x03,0x4E,0x8B,0x00,0xBB,0x94,0x01,0x00,
  0x02,0x4D,0x8A,0x00,0x45,0x95,0x01,0x00,0x01,0x4C,0xD1,0x00,0x16,0x96,0x01,0x00,0x00,0x4B,0xD0,0x00,0xE6,0x96,0x01,0x00,
  0x01,0x4C,0xD0,0x00,0xB6,0x97,0x01,0x00,0x01,0x47,0xD1,0x00,0x87,0x98,0x01,0x00,0x04,0x4A,0xD0,0x00,0x57,0x99,0x01,0x00,
  0x02,0x48,0xD0,0x00,0x27,0x9A,0x01,0x00,0x00,0x2D,0xD1,0x00,0x27,0x9A,0x01,0x00,0x04,0x45,0xA1,0x01,0xF8,0x9A,0x01,0x00,
  0x02,0x34,0xD0,0x00,0xC8,0x9B,0x01,0x00,0x02,0x39,0xD0,0x00,0x98,0x9C,0x01,0x00,0x00,0x3C,0xD1,0x00,0x69,0x9D,0x01,0x00,
  0x04,0x40,0xD0,0x00,0x39,0x9E,0x01,0x00,0x04,0x45,0xD0,0x00,0x09,0x9F,0x01,0x00,0x00,0x28,0xD1,0x00,0x09,0x9F,0x01,0x00,
  0x01,0x47,0xA1,0x01,0xDA,0x9F,0x01,0x00,0x02,0x34,0xD0,0x00,0xAA,0xA0,0x01,0x00,0x01,0x38,0xD0,0x00,0x7A,0xA1,0x01,0x00,
  0x04,0x40,0xD1,0x00,0x4B,0xA2,0x01,0x00,0x03,0x44,0xD0,0x00,0x1B,0xA3,0x01,0x00,0x01,0x47,0xD0,0x00,0xEB,0xA3,0x01,0x00,
  0x00,0x2D,0xD1,0x00,0xEB,0xA3,0x01,0x00,0x02,0x48,0xA1,0x01,0xBC,0xA4,0x01,0x00,0x03,0x34,0xD0,0x00,0x8C,0xA5,0x01,0x00,
  0x02,0x39,0xD0,0x00,0x5C,0xA6,0x01,0x00,0x04,0x40,0xD1,0x00,0x2D,0xA7,0x01,0x00,0x01,0x4C,0xD0,0x00,0xFD,0xA7,0x01,0x00,
  0x00,0x4B,0xD0,0x00,0xCD,0xA8,0x01,0x00,0x01,0x4C,0xD1,0x00,0x9E,0xA9,0x01,0x00,0x00,0x4B,0xD0,0x00,0x6E,0xAA,0x01,0x00,
  0x01,0x4C,0xD0,0x00,0x3E,0xAB,0x01,0x00,0x01,0x47,0xD1,0x00,0x0F,0xAC,0x01,0x00,0x04,0x4A,0xD0,0x00,0xDF,0xAC,0x01,0x00,
  0x02,0x48,0xD0,0x00,0xAF,0xAD,0x01,0x00,0x00,0x2D,0xD1,0x00,0xAF,0xAD,0x01,0x00,0x04,0x45,0xA1,0x01,0x80,0xAE,0x01,0x00,
  0x02,0x34,0xD0,0x00,0x50,0xAF,0x01,0x00,0x02,0x39,0xD0,0x00,0x20,0xB0,0x01,0x00,0x00,0x3C,0xD1,0x00,0xF1,0xB0,0x01,0x00,
  0x04,0x40,0xD0,0x00,0xC1,0xB1,0x01,0x00,0x04,0x45,0xD0,0x00,0x91,0xB2,0x01,0x00,0x00,0x28,0xD1,0x00,0x91,0xB2,0x01,0x00,
  0x01,0x47,0xA1,0x01,0x62,0xB3,0x01,0x00,0x02,0x34,0xD0,0x00,0x32,0xB4,0x01,0x00,0x01,0x38,0xD0,0x00,0x02,0xB5,0x01,0x00,
  0x04,0x40,0xD1,0x00,0xD3,0xB5,0x01,0x00,0x02,0x48,0xD0,0x00,0xA3,0xB6,0x01,0x00,0x01,0x47,0xD0,0x00,0x73,0xB7,0x01,0x00,
  0x00,0x2D,0xD1,0x00,0x73,0xB7,0x01,0x00,0x04,0x45,0xA1,0x01,0x44,0xB8,0x01,0x00,0x02,0x34,0xD0,0x00,0x14,0xB9,0x01,0x00,
  0x02,0x39,0xD0,0x00,0xE4,0xB9,0x01,0x00,0x01,0x47,0xD1,0x00,0xB5,0xBA,0x01,0x00,0x02,0x48,0xD0,0x00,0x85,0xBB,0x01,0x00,
  0x04,0x4A,0xD0,0x00,0x55,0xBC,0x01,0x00,0x03,0x30,0xD1,0x00,0x55,0xBC,0x01,0x00,0x01,0x4C,0x71,0x02,0x26,0xBD,0x01,0x00,
  0x00,0x37,0xD0,0x00,0xF6,0xBD,0x01,0x00,0x00,0x3C,0xD0,0x00,0xC6,0xBE,0x01,0x00,0x02,0x43,0xD1,0x00,0x97,0xBF,0x01,0x00,
  0x02,0x4D,0xD0,0x00,0x67,0xC0,0x01,0x00,0x01,0x4C,0xD0,0x00,0x37,0xC1,0x01,0x00,0x03,0x2B,0xD1,0x00,0x37,0xC1,0x01,0x00,
  0x04,0x4A,0x71,0x02,0x08,0xC2,0x01,0x00,0x00,0x37,0xD0,0x00,0xD8,0xC2,0x01,0x00,0x00,0x3B,0xD0,0x00,0xA8,0xC3,0x01,0x00,
  0x00,0x41,0xD1,0x00,0x79,0xC4,0x01,0x00,0x01,0x4C,0xD0,0x00,0x49,0xC5,0x01,0x00,0x04,0x4A,0xD0,0x00,0x19,0xC6,0x01,0x00,
  0x00,0x2D,0xD1,0x00,0x19,0xC6,0x01,0x00,0x02,0x48,0x71,0x02,0xEA,0xC6,0x01,0x00,0x03,0x34,0xD0,0x00,0xBA,0xC7,0x01,0x00,
  0x03,0x39,0xD0,0x00,0x8A,0xC8,0x01,0x00,0x04,0x40,0xD1,0x00,0x5B,0xC9,0x01,0x00,0x04,0x4A,0xD0,0x00,0x2B,0xCA,0x01,0x00,
  0x02,0x48,0xD0,0x00,0xFB,0xCA,0x01,0x00,0x00,0x28,0xD1,0x00,0xFB,0xCA,0x01,0x00,0x01,0x47,0xA1,0x01,0xCC,0xCB,0x01,0x00,
  0x02,0x34,0xD0,0x00,0x9C,0xCC,0x01,0x00,0x04,0x40,0xD0,0x00,0x6C,0xCD,0x01,0x00,0x04,0x40,0xD1,0x00,0x3D,0xCE,0x01,0x00,
  0x01,0x4C,0xD0,0x00,0x0D,0xCF,0x01,0x00,0x04,0x40,0xD0,0x00,0xDD,0xCF,0x01,0x00,0x01,0x4C,0xD1,0x00,0xAE,0xD0,0x01,0x00,
  0x01,0x4C,0xD0,0x00,0x7E,0xD1,0x01,0x00,0x03,0x58,0xD0,0x00,0x4E,0xD2,0x01,0x00,0x00,0x4B,0xD1,0x00,0x1F,0xD3,0x01,0x00,
  0x01,0x4C,0xD0,0x00,0xEF,0xD3,0x01,0x00,0x00,0x4B,0xD0,0x00,0xBF,0xD4,0x01,0x00,0x01,0x4C,0xD1,0x00,0x90,0xD5,0x01,0x00,
  0x00,0x4B,0xD0,0x00,0x60,0xD6,0x01,0x00,0x01,0x4C,0xD0,0x00,0x30,0xD7,0x01,0x00,0x00,0x4B,0xD1,0x00,0x01,0xD8,0x01,0x00,
  0x01,0x4C,0xD0,0x00,0xD1,0xD8,0x01,0x00,0x00,0x4B,0xD0,0x00,0xA1,0xD9,0x01,0x00,0x01,0x4C,0xD1,0x00,0x72,0xDA,0x01,0x00,
  0x00,0x4B,0xD0,0x00,0x42,0xDB,0x01,0x00,0x01,0x4C,0xD0,0x00,0x12,0xDC,0x01,0x00,0x01,0x47,0xD1,0x00,0xE3,0xDC,0x01,0x00,
  0x04,0x4A,0xD0,0x00,0xB3,0xDD,0x01,0x00,0x02,0x48,0xD0,0x00,0x83,0xDE,0x01,0x00,0x00,0x2D,0xD1,0x00,0x83,0xDE,0x01,0x00,
  0x04,0x45,0xA1,0x01,0x54,0xDF,0x01,0x00,0x02,0x34,0xD0,0x00,0x24,0xE0,0x01,0x00,0x02,0x39,0xD0,0x00,0xF4,0xE0,0x01,0x00,
  0x00,0x3C,0xD1,0x00,0xC5,0xE1,0x01,0x00,0x04,0x40,0xD0,0x00,0x95,0xE2,0x01,0x00,0x04,0x45,0xD0,0x00,0x65,0xE3,0x01,0x00,
  0x00,0x28,0xD1,0x00,0x65,0xE3,0x01,0x00,0x01,0x47,0xA1,0x01,0x36,0xE4,0x01,0x00,0x02,0x34,0xD0,0x00,0x06,0xE5,0x01,0x00,
  0x01,0x38,0xD0,0x00,0xD6,0xE5,0x01,0x00,0x04,0x40,0xD1,0x00,0xA7,0xE6,0x01,0x00,0x03,0x44,0xD0,0x00,0x77,0xE7,0x01,0x00,
  0x01,0x47,0xD0,0x00,0x47,0xE8,0x01,0x00,0x00,0x2D,0xD1,0x00,0x47,0xE8,0x01,0x00,0x02,0x48,0xA1,0x01,0x18,0xE9,0x01,0x00,
  0x03,0x34,0xD0,0x00,0xE8,0xE9,0x01,0x00,0x02,0x39,0xD0,0x00,0xB8,0xEA,0x01,0x00,0x04,0x40,0xD1,0x00,0x89,0xEB,0x01,0x00,
  0x01,0x4C,0xD0,0x00,0x59,0xEC,0x01,0x00,0x00,0x4B,0xD0,0x00,0x29,0xED,0x01,0x00,0x01,0x4C,0xD1,0x00,0xFA,0xED,0x01,0x00,
  0x00,0x4B,0xD0,0x00,0xCA,0xEE,0x01,0x00,0x01,0x4C,0xD0,0x00,0x9A,0xEF,0x01,0x00,0x01,0x47,0xD1,0x00,0x6B,0xF0,0x01,0x00,
  0x04,0x4A,0xD0,0x00,0x3B,0xF1,0x01,0x00,0x02,0x48,0xD0,0x00,0x0B,0xF2,0x01,0x00,0x00,0x2D,0xD1,0x00,0x0B,0xF2,0x01,0x00,
  0x04,0x45,0xA1,0x01,0xDC,0xF2,0x01,0x00,0x02,0x34,0xD0,0x00,0xAC,0xF3,0x01,0x00,0x02,0x39,0xD0,0x00,0x7C,0xF4,0x01,0x00,
  0x00,0x3C,0xD1,0x00,0x4D,0xF5,0x01,0x00,0x04,0x40,0xD0,0x00,0x1D,0xF6,0x01,0x00,0x04,0x45,0xD0,0x00,0xED,0xF6,0x01,0x00,
  0x00,0x28,0xD1,0x00,0xED,0xF6,0x01,0x00,0x01,0x47,0xA1,0x01,0xBE,0xF7,0x01,0x00,0x02,0x34,0xD0,0x00,0x8E,0xF8,0x01,0x00,
  0x01,0x38,0xD0,0x00,0x5E,0xF9,0x01,0x00,0x04,0x40,0xD1,0x00,0x2F,0xFA,0x01,0x00,0x02,0x48,0xD0,0x00,0xFF,0xFA,0x01,0x00,
  0x01,0x47,0xD0,0x00,0xCF,0xFB,0x01,0x00,0x03,0x21,0xA1,0x01,0xCF,0xFB,0x01,0x00,0x00,0x2D,0xA1,0x01,0xCF,0xFB,0x01,0x00,
  0x04,0x45,0xA1,0x01,
};

// Greensleeves (2332 bytes)
static const uint8_t song_Greensleeves[] PROGMEM = {
  0x53,0x54,0x50,0x4D,0x01,0x00,0x00,0x00,0x22,0x01,0x00,0x00,0x00,0x00,0x00,0x00,0x04,0x45,0x90,0x01,0x90,0x01,0x00,0x00,
  0x00,0x2D,0x90,0x01,0x90,0x01,0x00,0x00,0x02,0x48,0x20,0x03,0x20,0x03,0x00,0x00,0x03,0x34,0x90,0x01,0x20,0x03,0x00,0x00,
  0x04,0x39,0x90,0x01,0x20,0x03,0x00,0x00,0x00,0x3C,0x90,0x01,0xB0,0x04,0x00,0x00,0x02,0x34,0x90,0x01,0xB0,0x04,0x00,0x00,
  0x03,0x39,0x90,0x01,0xB0,0x04,0x00,0x00,0x00,0x3C,0x90,0x01,0xB0,0x04,0x00,0x00,0x04,0x4A,0x90,0x01,0x40,0x06,0x00,0x00,
  0x00,0x28,0x90,0x01,0x40,0x06,0x00,0x00,0x01,0x4C,0x58,0x02,0xD0,0x07,0x00,0x00,0x02,0x34,0x90,0x01,0xD0,0x07,0x00,0x00,
  0x03,0x39,0x90,0x01,0xD0,0x07,0x00,0x00,0x00,0x3C,0x90,0x01,0x98,0x08,0x00,0x00,0x04,0x4D,0xC8,0x00,0x60,0x09,0x00,0x00,
  0x02,0x34,0x90,0x01,0x60,0x09,0x00,0x00,0x03,0x39,0x90,0x01,0x60,0x09,0x00,0x00,0x00,0x3C,0x90,0x01,0x60,0x09,0x00,0x00,
  0x01,0x4C,0x90,0x01,0xF0,0x0A,0x00,0x00,0x03,0x2B,0x90,0x01,0xF0,0x0A,0x00,0x00,0x04,0x4A,0x20,0x03,0x80,0x0C,0x00,0x00,
  0x00,0x37,0x90,0x01,0x80,0x0C,0x00,0x00,0x01,0x3B,0x90,0x01,0x80,0x0C,0x00,0x00,0x02,0x3E,0x90,0x01,0x10,0x0E,0x00,0x00,
  0x00,0x37,0x90,0x01,0x10,0x0E,0x00,0x00,0x04,0x3B,0x90,0x01,0x10,0x0E,0x00,0x00,0x02,0x3E,0x90,0x01,0x10,0x0E,0x00,0x00,
  0x01,0x47,0x90,0x01,0xA0,0x0F,0x00,0x00,0x00,0x32,0x90,0x01,0xA0,0x0F,0x00,0x00,0x02,0x43,0x58,0x02,0x30,0x11,0x00,0x00,
  0x00,0x37,0x90,0x01,0x30,0x11,0x00,0x00,0x04,0x3B,0x90,0x01,0x30,0x11,0x00,0x00,0x03,0x3E,0x90,0x01,0xF8,0x11,0x00,0x00,
  0x01,0x45,0xC8,0x00,0xC0,0x12,0x00,0x00,0x00,0x37,0x90,0x01,0xC0,0x12,0x00,0x00,0x04,0x3B,0x90,0x01,0xC0,0x12,0x00,0x00,
  0x02,0x3E,0x90,0x01,0xC0,0x12,0x00,0x00,0x01,0x47,0x90,0x01,0x50,0x14,0x00,0x00,0x01,0x29,0x90,0x01,0x50,0x14,0x00,0x00,
  0x02,0x48,0x20,0x03,0xE0,0x15,0x00,0x00,0x03,0x35,0x90,0x01,0xE0,0x15,0x00,0x00,0x04,0x39,0x90,0x01,0xE0,0x15,0x00,0x00,
  0x00,0x3C,0x90,0x01,0x70,0x17,0x00,0x00,0x03,0x35,0x90,0x01,0x70,0x17,0x00,0x00,0x02,0x39,0x90,0x01,0x70,0x17,0x00,0x00,
  0x00,0x3C,0x90,0x01,0x70,0x17,0x00,0x00,0x04,0x45,0x90,0x01,0x00,0x19,0x00,0x00,0x03,0x30,0x90,0x01,0x00,0x19,0x00,0x00,
  0x04,0x45,0x58,0x02,0x90,0x1A,0x00,0x00,0x03,0x35,0x90,0x01,0x90,0x1A,0x00,0x00,0x02,0x39,0x90,0x01,0x90,0x1A,0x00,0x00,
  0x00,0x3C,0x90,0x01,0x58,0x1B,0x00,0x00,0x04,0x44,0xC8,0x00,0x20,0x1C,0x00,0x00,0x03,0x35,0x90,0x01,0x20,0x1C,0x00,0x00,
  0x02,0x39,0x90,0x01,0x20,0x1C,0x00,0x00,0x00,0x3C,0x90,0x01,0x20,0x1C,0x00,0x00,0x04,0x45,0x90,0x01,0xB0,0x1D,0x00,0x00,
  0x00,0x28,0x90,0x01,0xB0,0x1D,0x00,0x00,0x01,0x47,0x20,0x03,0x40,0x1F,0x00,0x00,0x02,0x34,0x90,0x01,0x40,0x1F,0x00,0x00,
  0x03,0x38,0x90,0x01,0x40,0x1F,0x00,0x00,0x04,0x3B,0x90,0x01,0xD0,0x20,0x00,0x00,0x02,0x34,0x90,0x01,0xD0,0x20,0x00,0x00,
  0x01,0x38,0x90,0x01,0xD0,0x20,0x00,0x00,0x04,0x3B,0x90,0x01,0xD0,0x20,0x00,0x00,0x03,0x44,0x90,0x01,0x60,0x22,0x00,0x00,
  0x02,0x2F,0x90,0x01,0x60,0x22,0x00,0x00,0x04,0x40,0x20,0x03,0xF0,0x23,0x00,0x00,0x02,0x34,0x90,0x01,0xF0,0x23,0x00,0x00,
  0x01,0x38,0x90,0x01,0xF0,0x23,0x00,0x00,0x00,0x3B,0x90,0x01,0x80,0x25,0x00,0x00,0x02,0x34,0x90,0x01,0x80,0x25,0x00,0x00,
  0x01,0x38,0x90,0x01,0x80,0x25,0x00,0x00,0x04,0x3B,0x90,0x01,0x80,0x25,0x00,0x00,0x00,0x45,0x90,0x01,0x10,0x27,0x00,0x00,
  0x00,0x2D,0x90,0x01,0x10,0x27,0x00,0x00,0x02,0x48,0x20,0x03,0xA0,0x28,0x00,0x00,0x03,0x34,0x90,0x01,0xA0,0x28,0x00,0x00,
  0x04,0x39,0x90,0x01,0xA0,0x28,0x00,0x00,0x00,0x3C,0x90,0x01,0x30,0x2A,0x00,0x00,0x02,0x34,0x90,0x01,0x30,0x2A,0x00,0x00,
  0x03,0x39,0x90,0x01,0x30,0x2A,0x00,0x00,0x00,0x3C,0x90,0x01,0x30,0x2A,0x00,0x00,0x04,0x4A,0x90,0x01,0xC0,0x2B,0x00,0x00,
  0x00,0x28,0x90,0x01,0xC0,0x2B,0x00,0x00,0x01,0x4C,0x58,0x02,0x50,0x2D,0x00,0x00,0x02,0x34,0x90,0x01,0x50,0x2D,0x00,0x00,
  0x03,0x39,0x90,0x01,0x50,0x2D,0x00,0x00,0x00,0x3C,0x90,0x01,0x18,0x2E,0x00,0x00,0x04,0x4D,0xC8,0x00,0xE0,0x2E,0x00,0x00,
  0x02,0x34,0x90,0x01,0xE0,0x2E,0x00,0x00,0x03,0x39,0x90,0x01,0xE0,0x2E,0x00,0x00,0x00,0x3C,0x90,0x01,0xE0,0x2E,0x00,0x00,
  0x01,0x4C,0x90,0x01,0x70,0x30,0x00,0x00,0x03,0x2B,0x90,0x01,0x70,0x30,0x00,0x00,0x04,0x4A,0x20,0x03,0x00,0x32,0x00,0x00,
  0x00,0x37,0x90,0x01,0x00,0x32,0x00,0x00,0x01,0x3B,0x90,0x01,0x00,0x32,0x00,0x00,0x02,0x3E,0x90,0x01,0x90,0x33,0x00,0x00,
  0x00,0x37,0x90,0x01,0x90,0x33,0x00,0x00,0x04,0x3B,0x90,0x01,0x90,0x33,0x00,0x00,0x02,0x3E,0x90,0x01,0x90,0x33,0x00,0x00,
  0x01,0x47,0x90,0x01,0x20,0x35,0x00,0x00,0x00,0x32,0x90,0x01,0x20,0x35,0x00,0x00,0x02,0x43,0x58,0x02,0xB0,0x36,0x00,0x00,
  0x00,0x37,0x90,0x01,0xB0,0x36,0x00,0x00,0x04,0x3B,0x90,0x01,0xB0,0x36,0x00,0x00,0x03,0x3E,0x90,0x01,0x78,0x37,0x00,0x00,
  0x01,0x45,0xC8,0x00,0x40,0x38,0x00,0x00,0x00,0x37,0x90,0x01,0x40,0x38,0x00,0x00,0x04,0x3B,0x90,0x01,0x40,0x38,0x00,0x00,
  0x02,0x3E,0x90,0x01,0x40,0x38,0x00,0x00,0x01,0x47,0x90,0x01,0xD0,0x39,0x00,0x00,0x01,0x29,0x90,0x01,0xD0,0x39,0x00,0x00,
  0x02,0x48,0x58,0x02,0x60,0x3B,0x00,0x00,0x03,0x35,0x90,0x01,0x60,0x3B,0x00,0x00,0x04,0x39,0x90,0x01,0x60,0x3B,0x00,0x00,
  0x00,0x3C,0x90,0x01,0x28,0x3C,0x00,0x00,0x01,0x47,0xC8,0x00,0xF0,0x3C,0x00,0x00,0x03,0x35,0x90,0x01,0xF0,0x3C,0x00,0x00,
  0x02,0x39,0x90,0x01,0xF0,0x3C,0x00,0x00,0x00,0x3C,0x90,0x01,0xF0,0x3C,0x00,0x00,0x04,0x45,0x90,0x01,0x80,0x3E,0x00,0x00,
  0x00,0x28,0x90,0x01,0x80,0x3E,0x00,0x00,0x03,0x44,0x58,0x02,0x10,0x40,0x00,0x00,0x02,0x34,0x90,0x01,0x10,0x40,0x00,0x00,
  0x01,0x38,0x90,0x01,0x10,0x40,0x00,0x00,0x04,0x3E,0x90,0x01,0xD8,0x40,0x00,0x00,0x03,0x42,0xC8,0x00,0xA0,0x41,0x00,0x00,
  0x02,0x34,0x90,0x01,0xA0,0x41,0x00,0x00,0x01,0x38,0x90,0x01,0xA0,0x41,0x00,0x00,0x03,0x3E,0x90,0x01,0xA0,0x41,0x00,0x00,
  0x04,0x44,0x90,0x01,0x30,0x43,0x00,0x00,0x00,0x2D,0x90,0x01,0x30,0x43,0x00,0x00,0x04,0x45,0xB0,0x04,0xC0,0x44,0x00,0x00,
  0x02,0x34,0x90,0x01,0xC0,0x44,0x00,0x00,0x03,0x39,0x90,0x01,0xC0,0x44,0x00,0x00,0x00,0x3C,0x90,0x01,0x50,0x46,0x00,0x00,
  0x02,0x34,0x90,0x01,0x50,0x46,0x00,0x00,0x03,0x39,0x90,0x01,0x50,0x46,0x00,0x00,0x00,0x3C,0x90,0x01,0xE0,0x47,0x00,0x00,
  0x00,0x2D,0xB0,0x04,0xE0,0x47,0x00,0x00,0x02,0x34,0xB0,0x04,0xE0,0x47,0x00,0x00,0x03,0x39,0xB0,0x04,0xE0,0x47,0x00,0x00,
  0x01,0x3C,0xB0,0x04,0xE0,0x47,0x00,0x00,0x04,0x45,0xB0,0x04,0x90,0x4C,0x00,0x00,0x03,0x30,0x90,0x01,0x90,0x4C,0x00,0x00,
  0x04,0x4F,0xB0,0x04,0x20,0x4E,0x00,0x00,0x02,0x34,0x90,0x01,0x20,0x4E,0x00,0x00,0x00,0x37,0x90,0x01,0x20,0x4E,0x00,0x00,
  0x01,0x3C,0x90,0x01,0xB0,0x4F,0x00,0x00,0x02,0x34,0x90,0x01,0xB0,0x4F,0x00,0x00,0x00,0x37,0x90,0x01,0xB0,0x4F,0x00,0x00,
  0x01,0x3C,0x90,0x01,0x40,0x51,0x00,0x00,0x03,0x2B,0x90,0x01,0x40,0x51,0x00,0x00,0x04,0x4F,0x58,0x02,0xD0,0x52,0x00,0x00,
  0x02,0x34,0x90,0x01,0xD0,0x52,0x00,0x00,0x00,0x37,0x90,0x01,0xD0,0x52,0x00,0x00,0x01,0x3C,0x90,0x01,0x98,0x53,0x00,0x00,
  0x03,0x4E,0xC8,0x00,0x60,0x54,0x00,0x00,0x02,0x34,0x90,0x01,0x60,0x54,0x00,0x00,0x00,0x37,0x90,0x01,0x60,0x54,0x00,0x00,
  0x01,0x3C,0x90,0x01,0x60,0x54,0x00,0x00,0x03,0x4C,0x90,0x01,0xF0,0x55,0x00,0x00,0x00,0x32,0x90,0x01,0xF0,0x55,0x00,0x00,
  0x04,0x4A,0x20,0x03,0x80,0x57,0x00,0x00,0x00,0x37,0x90,0x01,0x80,0x57,0x00,0x00,0x01,0x3B,0x90,0x01,0x80,0x57,0x00,0x00,
  0x02,0x3E,0x90,0x01,0x10,0x59,0x00,0x00,0x00,0x37,0x90,0x01,0x10,0x59,0x00,0x00,0x04,0x3B,0x90,0x01,0x10,0x59,0x00,0x00,
  0x02,0x3E,0x90,0x01,0x10,0x59,0x00,0x00,0x01,0x47,0x90,0x01,0xA0,0x5A,0x00,0x00,0x03,0x2B,0x90,0x01,0xA0,0x5A,0x00,0x00,
  0x02,0x43,0x58,0x02,0x30,0x5C,0x00,0x00,0x00,0x37,0x90,0x01,0x30,0x5C,0x00,0x00,0x04,0x3B,0x90,0x01,0x30,0x5C,0x00,0x00,
  0x03,0x3E,0x90,0x01,0xF8,0x5C,0x00,0x00,0x01,0x45,0xC8,0x00,0xC0,0x5D,0x00,0x00,0x00,0x37,0x90,0x01,0xC0,0x5D,0x00,0x00,
  0x04,0x3B,0x90,0x01,0xC0,0x5D,0x00,0x00,0x02,0x3E,0x90,0x01,0xC0,0x5D,0x00,0x00,0x01,0x47,0x90,0x01,0x50,0x5F,0x00,0x00,
  0x01,0x29,0x90,0x01,0x50,0x5F,0x00,0x00,0x02,0x48,0x20,0x03,0xE0,0x60,0x00,0x00,0x03,0x35,0x90,0x01,0xE0,0x60,0x00,0x00,
  0x04,0x39,0x90,0x01,0xE0,0x60,0x00,0x00,0x00,0x3C,0x90,0x01,0x70,0x62,0x00,0x00,0x03,0x35,0x90,0x01,0x70,0x62,0x00,0x00,
  0x02,0x39,0x90,0x01,0x70,0x62,0x00,0x00,0x00,0x3C,0x90,0x01,0x70,0x62,0x00,0x00,0x04,0x45,0x90,0x01,0x00,0x64,0x00,0x00,
  0x03,0x30,0x90,0x01,0x00,0x64,0x00,0x00,0x04,0x45,0x58,0x02,0x90,0x65,0x00,0x00,0x03,0x35,0x90,0x01,0x90,0x65,0x00,0x00,
  0x02,0x39,0x90,0x01,0x90,0x65,0x00,0x00,0x00,0x3C,0x90,0x01,0x58,0x66,0x00,0x00,0x04,0x44,0xC8,0x00,0x20,0x67,0x00,0x00,
  0x03,0x35,0x90,0x01,0x20,0x67,0x00,0x00,0x02,0x39,0x90,0x01,0x20,0x67,0x00,0x00,0x00,0x3C,0x90,0x01,0x20,0x67,0x00,0x00,
  0x04,0x45,0x90,0x01,0xB0,0x68,0x00,0x00,0x00,0x28,0x90,0x01,0xB0,0x68,0x00,0x00,0x01,0x47,0x20,0x03,0x40,0x6A,0x00,0x00,
  0x02,0x34,0x90,0x01,0x40,0x6A,0x00,0x00,0x03,0x38,0x90,0x01,0x40,0x6A,0x00,0x00,0x04,0x3E,0x90,0x01,0xD0,0x6B,0x00,0x00,
  0x02,0x34,0x90,0x01,0xD0,0x6B,0x00,0x00,0x01,0x38,0x90,0x01,0xD0,0x6B,0x00,0x00,0x03,0x3E,0x90,0x01,0xD0,0x6B,0x00,0x00,
  0x04,0x44,0x90,0x01,0x60,0x6D,0x00,0x00,0x02,0x2F,0x90,0x01,0x60,0x6D,0x00,0x00,0x04,0x40,0xB0,0x04,0xF0,0x6E,0x00,0x00,
  0x02,0x34,0x90,0x01,0xF0,0x6E,0x00,0x00,0x01,0x38,0x90,0x01,0xF0,0x6E,0x00,0x00,0x03,0x3E,0x90,0x01,0x80,0x70,0x00,0x00,
  0x02,0x34,0x90,0x01,0x80,0x70,0x00,0x00,0x01,0x38,0x90,0x01,0x80,0x70,0x00,0x00,0x03,0x3E,0x90,0x01,0x10,0x72,0x00,0x00,
  0x03,0x30,0x90,0x01,0x10,0x72,0x00,0x00,0x04,0x4F,0xB0,0x04,0xA0,0x73,0x00,0x00,0x02,0x34,0x90,0x01,0xA0,0x73,0x00,0x00,
  0x00,0x37,0x90,0x01,0xA0,0x73,0x00,0x00,0x01,0x3C,0x90,0x01,0x30,0x75,0x00,0x00,0x02,0x34,0x90,0x01,0x30,0x75,0x00,0x00,
  0x00,0x37,0x90,0x01,0x30,0x75,0x00,0x00,0x01,0x3C,0x90,0x01,0xC0,0x76,0x00,0x00,0x03,0x2B,0x90,0x01,0xC0,0x76,0x00,0x00,
  0x04,0x4F,0x58,0x02,0x50,0x78,0x00,0x00,0x02,0x34,0x90,0x01,0x50,0x78,0x00,0x00,0x00,0x37,0x90,0x01,0x50,0x78,0x00,0x00,
  0x01,0x3C,0x90,0x01,0x18,0x79,0x00,0x00,0x03,0x4E,0xC8,0x00,0xE0,0x79,0x00,0x00,0x02,0x34,0x90,0x01,0xE0,0x79,0x00,0x00,
  0x00,0x37,0x90,0x01,0xE0,0x79,0x00,0x00,0x01,0x3C,0x90,0x01,0xE0,0x79,0x00,0x00,0x03,0x4C,0x90,0x01,0x70,0x7B,0x00,0x00,
  0x00,0x32,0x90,0x01,0x70,0x7B,0x00,0x00,0x04,0x4A,0x20,0x03,0x00,0x7D,0x00,0x00,0x00,0x37,0x90,0x01,0x00,0x7D,0x00,0x00,
  0x01,0x3B,0x90,0x01,0x00,0x7D,0x00,0x00,0x02,0x3E,0x90,0x01,0x90,0x7E,0x00,0x00,0x00,0x37,0x90,0x01,0x90,0x7E,0x00,0x00,
  0x04,0x3B,0x90,0x01,0x90,0x7E,0x00,0x00,0x02,0x3E,0x90,0x01,0x90,0x7E,0x00,0x00,0x01,0x47,0x90,0x01,0x20,0x80,0x00,0x00,
  0x03,0x2B,0x90,0x01,0x20,0x80,0x00,0x00,0x02,0x43,0x58,0x02,0xB0,0x81,0x00,0x00,0x00,0x37,0x90,0x01,0xB0,0x81,0x00,0x00,
  0x04,0x3B,0x90,0x01,0xB0,0x81,0x00,0x00,0x03,0x3E,0x90,0x01,0x78,0x82,0x00,0x00,0x01,0x45,0xC8,0x00,0x40,0x83,0x00,0x00,
  0x00,0x37,0x90,0x01,0x40,0x83,0x00,0x00,0x04,0x3B,0x90,0x01,0x40,0x83,0x00,0x00,0x02,0x3E,0x90,0x01,0x40,0x83,0x00,0x00,
  0x01,0x47,0x90,0x01,0xD0,0x84,0x00,0x00,0x01,0x29,0x90,0x01,0xD0,0x84,0x00,0x00,0x02,0x48,0x58,0x02,0x60,0x86,0x00,0x00,
  0x03,0x35,0x90,0x01,0x60,0x86,0x00,0x00,0x04,0x39,0x90,0x01,0x60,0x86,0x00,0x00,0x00,0x3C,0x90,0x01,0x28,0x87,0x00,0x00,
  0x01,0x47,0xC8,0x00,0xF0,0x87,0x00,0x00,0x03,0x35,0x90,0x01,0xF0,0x87,0x00,0x00,0x02,0x39,0x90,0x01,0xF0,0x87,0x00,0x00,
  0x00,0x3C,0x90,0x01,0xF0,0x87,0x00,0x00,0x04,0x45,0x90,0x01,0x80,0x89,0x00,0x00,0x00,0x28,0x90,0x01,0x80,0x89,0x00,0x00,
  0x03,0x44,0x58,0x02,0x10,0x8B,0x00,0x00,0x02,0x34,0x90,0x01,0x10,0x8B,0x00,0x00,0x01,0x38,0x90,0x01,0x10,0x8B,0x00,0x00,
  0x04,0x3E,0x90,0x01,0xD8,0x8B,0x00,0x00,0x03,0x42,0xC8,0x00,0xA0,0x8C,0x00,0x00,0x02,0x34,0x90,0x01,0xA0,0x8C,0x00,0x00,
  0x01,0x38,0x90,0x01,0xA0,0x8C,0x00,0x00,0x03,0x3E,0x90,0x01,0xA0,0x8C,0x00,0x00,0x04,0x44,0x90,0x01,0x30,0x8E,0x00,0x00,
  0x00,0x2D,0x90,0x01,0x30,0x8E,0x00,0x00,0x04,0x45,0xB0,0x04,0xC0,0x8F,0x00,0x00,0x02,0x34,0x90,0x01,0xC0,0x8F,0x00,0x00,
  0x03,0x39,0x90,0x01,0xC0,0x8F,0x00,0x00,0x00,0x3C,0x90,0x01,0x50,0x91,0x00,0x00,0x02,0x34,0x90,0x01,0x50,0x91,0x00,0x00,
  0x03,0x39,0x90,0x01,0x50,0x91,0x00,0x00,0x00,0x3C,0x90,0x01,0xE0,0x92,0x00,0x00,0x00,0x2D,0xB0,0x04,0xE0,0x92,0x00,0x00,
  0x02,0x34,0xB0,0x04,0xE0,0x92,0x00,0x00,0x03,0x39,0xB0,0x04,0xE0,0x92,0x00,0x00,0x01,0x3C,0xB0,0x04,0xE0,0x92,0x00,0x00,
  0x04,0x45,0xB0,0x04,
};

// Gymnopedie No 1 (2268 bytes)
static const uint8_t song_Gymnopedie_No_1[] PROGMEM = {
  0x53,0x54,0x50,0x4D,0x01,0x00,0x00,0x00,0x1A,0x01,0x00,0x00,0x00,0x00,0x00,0x00,0x03,0x2B,0xB8,0x0B,0xE8,0x03,0x00,0x00,
  0x04,0x3B,0xD0,0x07,0xE8,0x03,0x00,0x00,0x02,0x3E,0xD0,0x07,0xE8,0x03,0x00,0x00,0x01,0x42,0xD0,0x07,0xB8,0x0B,0x00,0x00,
  0x03,0x26,0xB8,0x0B,0xA0,0x0F,0x00,0x00,0x02,0x39,0xD0,0x07,0xA0,0x0F,0x00,0x00,0x01,0x3D,0xD0,0x07,0xA0,0x0F,0x00,0x00,
  0x04,0x42,0xD0,0x07,0x70,0x17,0x00,0x00,0x03,0x2B,0xB8,0x0B,0x58,0x1B,0x00,0x00,0x04,0x3B,0xD0,0x07,0x58,0x1B,0x00,0x00,
  0x02,0x3E,0xD0,0x07,0x58,0x1B,0x00,0x00,0x01,0x42,0xD0,0x07,0x28,0x23,0x00,0x00,0x03,0x26,0xB8,0x0B,0x10,0x27,0x00,0x00,
  0x02,0x39,0xD0,0x07,0x10,0x27,0x00,0x00,0x01,0x3D,0xD0,0x07,0x10,0x27,0x00,0x00,0x04,0x42,0xD0,0x07,0xE0,0x2E,0x00,0x00,
  0x03,0x2B,0xB8,0x0B,0xC8,0x32,0x00,0x00,0x04,0x3B,0xD0,0x07,0xC8,0x32,0x00,0x00,0x02,0x3E,0xD0,0x07,0xC8,0x32,0x00,0x00,
  0x01,0x42,0xD0,0x07,0xC8,0x32,0x00,0x00,0x00,0x4E,0xE8,0x03,0xB0,0x36,0x00,0x00,0x00,0x51,0xE8,0x03,0x98,0x3A,0x00,0x00,
  0x03,0x26,0xB8,0x0B,0x98,0x3A,0x00,0x00,0x04,0x4F,0xE8,0x03,0x80,0x3E,0x00,0x00,0x02,0x39,0xD0,0x07,0x80,0x3E,0x00,0x00,
  0x01,0x3D,0xD0,0x07,0x80,0x3E,0x00,0x00,0x04,0x42,0xD0,0x07,0x80,0x3E,0x00,0x00,0x00,0x4E,0xE8,0x03,0x68,0x42,0x00,0x00,
  0x00,0x49,0xE8,0x03,0x50,0x46,0x00,0x00,0x03,0x2B,0xB8,0x0B,0x50,0x46,0x00,0x00,0x01,0x47,0xE8,0x03,0x38,0x4A,0x00,0x00,
  0x04,0x3B,0xD0,0x07,0x38,0x4A,0x00,0x00,0x02,0x3E,0xD0,0x07,0x38,0x4A,0x00,0x00,0x01,0x42,0xD0,0x07,0x38,0x4A,0x00,0x00,
  0x00,0x49,0xE8,0x03,0x20,0x4E,0x00,0x00,0x00,0x4A,0xE8,0x03,0x08,0x52,0x00,0x00,0x03,0x26,0xB8,0x0B,0x08,0x52,0x00,0x00,
  0x04,0x45,0xB8,0x0B,0xF0,0x55,0x00,0x00,0x02,0x39,0xD0,0x07,0xF0,0x55,0x00,0x00,0x01,0x3D,0xD0,0x07,0xF0,0x55,0x00,0x00,
  0x00,0x42,0xD0,0x07,0xC0,0x5D,0x00,0x00,0x03,0x2B,0xB8,0x0B,0xC0,0x5D,0x00,0x00,0x01,0x42,0xE8,0x03,0xA8,0x61,0x00,0x00,
  0x04,0x3B,0xD0,0x07,0xA8,0x61,0x00,0x00,0x02,0x3E,0xD0,0x07,0xA8,0x61,0x00,0x00,0x01,0x42,0xB8,0x0B,0x78,0x69,0x00,0x00,
  0x03,0x26,0xB8,0x0B,0x60,0x6D,0x00,0x00,0x02,0x39,0xD0,0x07,0x60,0x6D,0x00,0x00,0x01,0x3D,0xD0,0x07,0x60,0x6D,0x00,0x00,
  0x04,0x42,0xB8,0x0B,0x30,0x75,0x00,0x00,0x03,0x2B,0xB8,0x0B,0x18,0x79,0x00,0x00,0x04,0x3B,0xD0,0x07,0x18,0x79,0x00,0x00,
  0x02,0x3E,0xD0,0x07,0x18,0x79,0x00,0x00,0x01,0x42,0xB8,0x0B,0xE8,0x80,0x00,0x00,0x03,0x26,0xB8,0x0B,0xD0,0x84,0x00,0x00,
  0x02,0x39,0xD0,0x07,0xD0,0x84,0x00,0x00,0x01,0x3D,0xD0,0x07,0xD0,0x84,0x00,0x00,0x04,0x42,0xD0,0x07,0xA0,0x8C,0x00,0x00,
  0x03,0x2B,0xB8,0x0B,0x88,0x90,0x00,0x00,0x04,0x3B,0xD0,0x07,0x88,0x90,0x00,0x00,0x02,0x3E,0xD0,0x07,0x88,0x90,0x00,0x00,
  0x01,0x42,0xD0,0x07,0x88,0x90,0x00,0x00,0x00,0x4E,0xE8,0x03,0x70,0x94,0x00,0x00,0x00,0x51,0xE8,0x03,0x58,0x98,0x00,0x00,
  0x03,0x26,0xB8,0x0B,0x58,0x98,0x00,0x00,0x04,0x4F,0xE8,0x03,0x40,0x9C,0x00,0x00,0x02,0x39,0xD0,0x07,0x40,0x9C,0x00,0x00,
  0x01,0x3D,0xD0,0x07,0x40,0x9C,0x00,0x00,0x04,0x42,0xD0,0x07,0x40,0x9C,0x00,0x00,0x00,0x4E,0xE8,0x03,0x28,0xA0,0x00,0x00,
  0x00,0x49,0xE8,0x03,0x10,0xA4,0x00,0x00,0x03,0x2B,0xB8,0x0B,0x10,0xA4,0x00,0x00,0x01,0x47,0xE8,0x03,0xF8,0xA7,0x00,0x00,
  0x04,0x3B,0xD0,0x07,0xF8,0xA7,0x00,0x00,0x02,0x3E,0xD0,0x07,0xF8,0xA7,0x00,0x00,0x01,0x42,0xD0,0x07,0xF8,0xA7,0x00,0x00,
  0x00,0x49,0xE8,0x03,0xE0,0xAB,0x00,0x00,0x00,0x4A,0xE8,0x03,0xC8,0xAF,0x00,0x00,0x03,0x26,0xB8,0x0B,0xC8,0xAF,0x00,0x00,
  0x04,0x45,0xB8,0x0B,0xB0,0xB3,0x00,0x00,0x02,0x39,0xD0,0x07,0xB0,0xB3,0x00,0x00,0x01,0x3D,0xD0,0x07,0xB0,0xB3,0x00,0x00,
  0x00,0x42,0xD0,0x07,0x80,0xBB,0x00,0x00,0x02,0x2A,0xB8,0x0B,0x80,0xBB,0x00,0x00,0x03,0x49,0xB8,0x0B,0x68,0xBF,0x00,0x00,
  0x04,0x39,0xD0,0x07,0x68,0xBF,0x00,0x00,0x01,0x3D,0xD0,0x07,0x68,0xBF,0x00,0x00,0x00,0x42,0xD0,0x07,0x38,0xC7,0x00,0x00,
  0x00,0x23,0xB8,0x0B,0x38,0xC7,0x00,0x00,0x03,0x4E,0xB8,0x0B,0x20,0xCB,0x00,0x00,0x04,0x3B,0xD0,0x07,0x20,0xCB,0x00,0x00,
  0x02,0x3E,0xD0,0x07,0x20,0xCB,0x00,0x00,0x01,0x42,0xD0,0x07,0xF0,0xD2,0x00,0x00,0x00,0x28,0xB8,0x0B,0xF0,0xD2,0x00,0x00,
  0x04,0x40,0x28,0x23,0xD8,0xD6,0x00,0x00,0x01,0x37,0xD0,0x07,0xD8,0xD6,0x00,0x00,0x02,0x3B,0xD0,0x07,0xA8,0xDE,0x00,0x00,
  0x00,0x28,0xB8,0x0B,0x90,0xE2,0x00,0x00,0x01,0x3B,0xD0,0x07,0x90,0xE2,0x00,0x00,0x02,0x3E,0xD0,0x07,0x90,0xE2,0x00,0x00,
  0x03,0x43,0xD0,0x07,0x60,0xEA,0x00,0x00,0x03,0x26,0xB8,0x0B,0x48,0xEE,0x00,0x00,0x00,0x35,0xD0,0x07,0x48,0xEE,0x00,0x00,
  0x02,0x39,0xD0,0x07,0x48,0xEE,0x00,0x00,0x01,0x3E,0xD0,0x07,0x18,0xF6,0x00,0x00,0x03,0x21,0xB8,0x0B,0x18,0xF6,0x00,0x00,
  0x04,0x45,0xE8,0x03,0x00,0xFA,0x00,0x00,0x02,0x39,0xD0,0x07,0x00,0xFA,0x00,0x00,0x00,0x3C,0xD0,0x07,0x00,0xFA,0x00,0x00,
  0x04,0x40,0xD0,0x07,0x00,0xFA,0x00,0x00,0x01,0x47,0xE8,0x03,0xE8,0xFD,0x00,0x00,0x01,0x48,0xE8,0x03,0xD0,0x01,0x01,0x00,
  0x03,0x26,0xB8,0x0B,0xD0,0x01,0x01,0x00,0x01,0x4C,0xE8,0x03,0xB8,0x05,0x01,0x00,0x00,0x37,0xD0,0x07,0xB8,0x05,0x01,0x00,
  0x04,0x3B,0xD0,0x07,0xB8,0x05,0x01,0x00,0x01,0x40,0xD0,0x07,0xB8,0x05,0x01,0x00,0x02,0x4A,0xE8,0x03,0xA0,0x09,0x01,0x00,
  0x02,0x47,0xE8,0x03,0x88,0x0D,0x01,0x00,0x03,0x26,0xB8,0x0B,0x88,0x0D,0x01,0x00,0x04,0x4A,0xE8,0x03,0x70,0x11,0x01,0x00,
  0x00,0x32,0xD0,0x07,0x70,0x11,0x01,0x00,0x01,0x37,0xD0,0x07,0x70,0x11,0x01,0x00,0x04,0x3B,0xD0,0x07,0x70,0x11,0x01,0x00,
  0x02,0x40,0xD0,0x07,0x70,0x11,0x01,0x00,0x03,0x48,0xE8,0x03,0x58,0x15,0x01,0x00,0x03,0x47,0xE8,0x03,0x40,0x19,0x01,0x00,
  0x03,0x26,0xB8,0x0B,0x40,0x19,0x01,0x00,0x04,0x4A,0x88,0x13,0x28,0x1D,0x01,0x00,0x00,0x30,0xD0,0x07,0x28,0x1D,0x01,0x00,
  0x02,0x34,0xD0,0x07,0x28,0x1D,0x01,0x00,0x01,0x39,0xD0,0x07,0x28,0x1D,0x01,0x00,0x03,0x3E,0xD0,0x07,0xF8,0x24,0x01,0x00,
  0x03,0x26,0xB8,0x0B,0xE0,0x28,0x01,0x00,0x00,0x30,0xD0,0x07,0xE0,0x28,0x01,0x00,0x01,0x36,0xD0,0x07,0xE0,0x28,0x01,0x00,
  0x02,0x39,0xD0,0x07,0xE0,0x28,0x01,0x00,0x04,0x3E,0xD0,0x07,0xC8,0x2C,0x01,0x00,0x03,0x4A,0xE8,0x03,0xB0,0x30,0x01,0x00,
  0x03,0x26,0xB8,0x0B,0xB0,0x30,0x01,0x00,0x01,0x4C,0xE8,0x03,0x98,0x34,0x01,0x00,0x02,0x39,0xD0,0x07,0x98,0x34,0x01,0x00,
  0x00,0x3C,0xD0,0x07,0x98,0x34,0x01,0x00,0x01,0x41,0xD0,0x07,0x98,0x34,0x01,0x00,0x04,0x4D,0xE8,0x03,0x80,0x38,0x01,0x00,
  0x04,0x4F,0xE8,0x03,0x68,0x3C,0x01,0x00,0x03,0x26,0xB8,0x0B,0x68,0x3C,0x01,0x00,0x01,0x51,0xE8,0x03,0x50,0x40,0x01,0x00,
  0x02,0x39,0xD0,0x07,0x50,0x40,0x01,0x00,0x00,0x3C,0xD0,0x07,0x50,0x40,0x01,0x00,0x04,0x40,0xD0,0x07,0x50,0x40,0x01,0x00,
  0x01,0x48,0xE8,0x03,0x38,0x44,0x01,0x00,0x01,0x4A,0xE8,0x03,0x20,0x48,0x01,0x00,0x03,0x26,0xB8,0x0B,0x20,0x48,0x01,0x00,
  0x01,0x4C,0xE8,0x03,0x08,0x4C,0x01,0x00,0x00,0x32,0xD0,0x07,0x08,0x4C,0x01,0x00,0x01,0x37,0xD0,0x07,0x08,0x4C,0x01,0x00,
  0x04,0x3B,0xD0,0x07,0x08,0x4C,0x01,0x00,0x02,0x40,0xD0,0x07,0x08,0x4C,0x01,0x00,0x03,0x4A,0xE8,0x03,0xF0,0x4F,0x01,0x00,
  0x03,0x47,0xE8,0x03,0xD8,0x53,0x01,0x00,0x03,0x26,0xB8,0x0B,0xD8,0x53,0x01,0x00,0x04,0x4A,0x88,0x13,0xC0,0x57,0x01,0x00,
  0x00,0x30,0xD0,0x07,0xC0,0x57,0x01,0x00,0x02,0x34,0xD0,0x07,0xC0,0x57,0x01,0x00,0x01,0x39,0xD0,0x07,0xC0,0x57,0x01,0x00,
  0x03,0x3E,0xD0,0x07,0x90,0x5F,0x01,0x00,0x03,0x26,0xB8,0x0B,0x78,0x63,0x01,0x00,0x00,0x30,0xD0,0x07,0x78,0x63,0x01,0x00,
  0x01,0x36,0xD0,0x07,0x78,0x63,0x01,0x00,0x02,0x39,0xD0,0x07,0x78,0x63,0x01,0x00,0x04,0x3E,0xD0,0x07,0x60,0x67,0x01,0x00,
  0x03,0x4A,0xE8,0x03,0x48,0x6B,0x01,0x00,0x00,0x28,0xB8,0x0B,0x48,0x6B,0x01,0x00,0x04,0x4F,0xB8,0x0B,0x30,0x6F,0x01,0x00,
  0x01,0x3B,0xD0,0x07,0x30,0x6F,0x01,0x00,0x02,0x40,0xD0,0x07,0x30,0x6F,0x01,0x00,0x03,0x43,0xD0,0x07,0x00,0x77,0x01,0x00,
  0x02,0x2A,0xB8,0x0B,0x00,0x77,0x01,0x00,0x03,0x4E,0xB8,0x0B,0xE8,0x7A,0x01,0x00,0x04,0x39,0xD0,0x07,0xE8,0x7A,0x01,0x00,
  0x01,0x3D,0xD0,0x07,0xE8,0x7A,0x01,0x00,0x00,0x42,0xD0,0x07,0xB8,0x82,0x01,0x00,0x00,0x23,0xB8,0x0B,0xB8,0x82,0x01,0x00,
  0x01,0x47,0xE8,0x03,0xA0,0x86,0x01,0x00,0x04,0x3B,0xD0,0x07,0xA0,0x86,0x01,0x00,0x02,0x3E,0xD0,0x07,0xA0,0x86,0x01,0x00,
  0x01,0x42,0xD0,0x07,0xA0,0x86,0x01,0x00,0x03,0x45,0xE8,0x03,0x88,0x8A,0x01,0x00,0x03,0x47,0xE8,0x03,0x70,0x8E,0x01,0x00,
  0x00,0x28,0xB8,0x0B,0x70,0x8E,0x01,0x00,0x03,0x49,0xE8,0x03,0x58,0x92,0x01,0x00,0x01,0x3D,0xD0,0x07,0x58,0x92,0x01,0x00,
  0x04,0x40,0xD0,0x07,0x58,0x92,0x01,0x00,0x02,0x45,0xD0,0x07,0x58,0x92,0x01,0x00,0x03,0x4A,0xE8,0x03,0x40,0x96,0x01,0x00,
  0x03,0x4C,0xE8,0x03,0x28,0x9A,0x01,0x00,0x00,0x28,0xB8,0x0B,0x28,0x9A,0x01,0x00,0x03,0x49,0xE8,0x03,0x10,0x9E,0x01,0x00,
  0x02,0x39,0xD0,0x07,0x10,0x9E,0x01,0x00,0x01,0x3D,0xD0,0x07,0x10,0x9E,0x01,0x00,0x03,0x42,0xD0,0x07,0x10,0x9E,0x01,0x00,
  0x04,0x45,0xD0,0x07,0x10,0x9E,0x01,0x00,0x00,0x4A,0xE8,0x03,0xF8,0xA1,0x01,0x00,0x00,0x4C,0xE8,0x03,0xE0,0xA5,0x01,0x00,
  0x00,0x28,0xB8,0x0B,0xE0,0xA5,0x01,0x00,0x01,0x42,0xB8,0x0B,0xC8,0xA9,0x01,0x00,0x02,0x2F,0xE8,0x03,0xC8,0xA9,0x01,0x00,
  0x03,0x39,0xE8,0x03,0xC8,0xA9,0x01,0x00,0x04,0x3E,0xE8,0x03,0xB0,0xAD,0x01,0x00,0x02,0x34,0xE8,0x03,0xB0,0xAD,0x01,0x00,
  0x04,0x3B,0xE8,0x03,0xB0,0xAD,0x01,0x00,0x03,0x3E,0xE8,0x03,0xB0,0xAD,0x01,0x00,0x00,0x43,0xE8,0x03,0x98,0xB1,0x01,0x00,
  0x00,0x2D,0xB8,0x0B,0x98,0xB1,0x01,0x00,0x01,0x37,0xB8,0x0B,0x98,0xB1,0x01,0x00,0x02,0x3C,0xB8,0x0B,0x98,0xB1,0x01,0x00,
  0x04,0x40,0xB8,0x0B,0x98,0xB1,0x01,0x00,0x03,0x45,0xB8,0x0B,0x98,0xB1,0x01,0x00,0x00,0x48,0xB8,0x0B,0x50,0xBD,0x01,0x00,
  0x03,0x26,0xB8,0x0B,0x50,0xBD,0x01,0x00,0x00,0x2D,0xB8,0x0B,0x50,0xBD,0x01,0x00,0x01,0x32,0xB8,0x0B,0x50,0xBD,0x01,0x00,
  0x02,0x3E,0xB8,0x0B,0x50,0xBD,0x01,0x00,0x04,0x42,0xB8,0x0B,0x50,0xBD,0x01,0x00,0x03,0x45,0xB8,0x0B,0x50,0xBD,0x01,0x00,
  0x03,0x4A,0xB8,0x0B,0x08,0xC9,0x01,0x00,0x00,0x28,0xB8,0x0B,0x08,0xC9,0x01,0x00,0x04,0x4F,0xB8,0x0B,0xF0,0xCC,0x01,0x00,
  0x01,0x3B,0xD0,0x07,0xF0,0xCC,0x01,0x00,0x02,0x40,0xD0,0x07,0xF0,0xCC,0x01,0x00,0x03,0x43,0xD0,0x07,0xC0,0xD4,0x01,0x00,
  0x00,0x28,0xB8,0x0B,0xC0,0xD4,0x01,0x00,0x02,0x4D,0xB8,0x0B,0xA8,0xD8,0x01,0x00,0x03,0x39,0xD0,0x07,0xA8,0xD8,0x01,0x00,
  0x04,0x3E,0xD0,0x07,0xA8,0xD8,0x01,0x00,0x01,0x41,0xD0,0x07,0xA8,0xD8,0x01,0x00,0x00,0x45,0xD0,0x07,0x78,0xE0,0x01,0x00,
  0x00,0x28,0xB8,0x0B,0x78,0xE0,0x01,0x00,0x01,0x47,0xE8,0x03,0x60,0xE4,0x01,0x00,0x02,0x39,0xD0,0x07,0x60,0xE4,0x01,0x00,
  0x01,0x3C,0xD0,0x07,0x60,0xE4,0x01,0x00,0x03,0x41,0xD0,0x07,0x60,0xE4,0x01,0x00,0x04,0x48,0xE8,0x03,0x48,0xE8,0x01,0x00,
  0x04,0x4D,0xE8,0x03,0x30,0xEC,0x01,0x00,0x00,0x28,0xB8,0x0B,0x30,0xEC,0x01,0x00,0x01,0x4C,0xE8,0x03,0x18,0xF0,0x01,0x00,
  0x01,0x3C,0xD0,0x07,0x18,0xF0,0x01,0x00,0x04,0x40,0xD0,0x07,0x18,0xF0,0x01,0x00,0x02,0x45,0xD0,0x07,0x18,0xF0,0x01,0x00,
  0x03,0x4A,0xE8,0x03,0x00,0xF4,0x01,0x00,0x03,0x48,0xE8,0x03,0xE8,0xF7,0x01,0x00,0x00,0x28,0xB8,0x0B,0xE8,0xF7,0x01,0x00,
  0x01,0x4C,0xE8,0x03,0xD0,0xFB,0x01,0x00,0x02,0x39,0xD0,0x07,0xD0,0xFB,0x01,0x00,0x01,0x3C,0xD0,0x07,0xD0,0xFB,0x01,0x00,
  0x03,0x41,0xD0,0x07,0xD0,0xFB,0x01,0x00,0x04,0x45,0xD0,0x07,0xD0,0xFB,0x01,0x00,0x00,0x4A,0xE8,0x03,0xB8,0xFF,0x01,0x00,
  0x00,0x48,0xE8,0x03,0xA0,0x03,0x02,0x00,0x00,0x28,0xB8,0x0B,0xA0,0x03,0x02,0x00,0x01,0x41,0xB8,0x0B,0x88,0x07,0x02,0x00,
  0x02,0x2F,0xE8,0x03,0x88,0x07,0x02,0x00,0x03,0x39,0xE8,0x03,0x88,0x07,0x02,0x00,0x04,0x3E,0xE8,0x03,0x70,0x0B,0x02,0x00,
  0x02,0x34,0xE8,0x03,0x70,0x0B,0x02,0x00,0x04,0x3B,0xE8,0x03,0x70,0x0B,0x02,0x00,0x03,0x3E,0xE8,0x03,0x70,0x0B,0x02,0x00,
  0x00,0x43,0xE8,0x03,0x58,0x0F,0x02,0x00,0x00,0x2D,0xB8,0x0B,0x58,0x0F,0x02,0x00,0x01,0x37,0xB8,0x0B,0x58,0x0F,0x02,0x00,
  0x02,0x3C,0xB8,0x0B,0x58,0x0F,0x02,0x00,0x04,0x40,0xB8,0x0B,0x58,0x0F,0x02,0x00,0x03,0x45,0xB8,0x0B,0x58,0x0F,0x02,0x00,
  0x00,0x48,0xB8,0x0B,0x10,0x1B,0x02,0x00,0x03,0x26,0xB8,0x0B,0x10,0x1B,0x02,0x00,0x00,0x2D,0xB8,0x0B,0x10,0x1B,0x02,0x00,
  0x01,0x32,0xB8,0x0B,0x10,0x1B,0x02,0x00,0x02,0x3E,0xB8,0x0B,0x10,0x1B,0x02,0x00,0x04,0x41,0xB8,0x0B,0x10,0x1B,0x02,0x00,
  0x03,0x45,0xB8,0x0B,0x10,0x1B,0x02,0x00,0x03,0x4A,0xB8,0x0B,
};

// Invention No 8 (4796 bytes)
static const uint8_t song_Invention_No_8[] PROGMEM = {
  0x53,0x54,0x50,0x4D,0x01,0x00,0x00,0x00,0x56,0x02,0x00,0x00,0x4D,0x01,0x00,0x00,0x00,0x41,0x4D,0x01,0x9A,0x02,0x00,0x00,
  0x04,0x45,0x4D,0x01,0xE7,0x03,0x00,0x00,0x00,0x41,0x4E,0x01,0x35,0x05,0x00,0x00,0x02,0x48,0x4D,0x01,0x82,0x06,0x00,0x00,
  0x00,0x41,0x4D,0x01,0xCF,0x07,0x00,0x00,0x02,0x4D,0x4E,0x01,0x1D,0x09,0x00,0x00,0x03,0x35,0x4D,0x01,0x1D,0x09,0x00,0x00,
  0x01,0x4C,0xA6,0x00,0xC3,0x09,0x00,0x00,0x04,0x4A,0xA7,0x00,0x6A,0x0A,0x00,0x00,0x02,0x39,0x4D,0x01,0x6A,0x0A,0x00,0x00,
  0x03,0x48,0xA7,0x00,0x11,0x0B,0x00,0x00,0x04,0x4A,0xA6,0x00,0xB7,0x0B,0x00,0x00,0x03,0x35,0x4E,0x01,0xB7,0x0B,0x00,0x00,
  0x02,0x48,0xA7,0x00,0x5E,0x0C,0x00,0x00,0x00,0x46,0xA7,0x00,0x05,0x0D,0x00,0x00,0x00,0x3C,0x4D,0x01,0x05,0x0D,0x00,0x00,
  0x04,0x45,0xA6,0x00,0xAB,0x0D,0x00,0x00,0x01,0x46,0xA7,0x00,0x52,0x0E,0x00,0x00,0x03,0x35,0x4D,0x01,0x52,0x0E,0x00,0x00,
  0x04,0x45,0xA7,0x00,0xF9,0x0E,0x00,0x00,0x02,0x43,0xA6,0x00,0x9F,0x0F,0x00,0x00,0x00,0x41,0x4E,0x01,0x9F,0x0F,0x00,0x00,
  0x01,0x41,0x4E,0x01,0xED,0x10,0x00,0x00,0x04,0x40,0xA6,0x00,0xED,0x10,0x00,0x00,0x00,0x45,0x4D,0x01,0x93,0x11,0x00,0x00,
  0x02,0x3E,0xA7,0x00,0x3A,0x12,0x00,0x00,0x00,0x3C,0xA7,0x00,0x3A,0x12,0x00,0x00,0x02,0x48,0x4D,0x01,0xE1,0x12,0x00,0x00,
  0x03,0x3E,0xA6,0x00,0x87,0x13,0x00,0x00,0x00,0x3C,0xA7,0x00,0x87,0x13,0x00,0x00,0x04,0x45,0x4E,0x01,0x2E,0x14,0x00,0x00,
  0x03,0x3A,0xA7,0x00,0xD5,0x14,0x00,0x00,0x02,0x39,0xA6,0x00,0xD5,0x14,0x00,0x00,0x03,0x4D,0x4D,0x01,0x7B,0x15,0x00,0x00,
  0x04,0x3A,0xA7,0x00,0x22,0x16,0x00,0x00,0x02,0x39,0xA7,0x00,0x22,0x16,0x00,0x00,0x03,0x48,0x4D,0x01,0xC9,0x16,0x00,0x00,
  0x00,0x37,0xA6,0x00,0x6F,0x17,0x00,0x00,0x03,0x35,0x4E,0x01,0x6F,0x17,0x00,0x00,0x01,0x51,0xA7,0x00,0x16,0x18,0x00,0x00,
  0x04,0x54,0xA7,0x00,0xBD,0x18,0x00,0x00,0x02,0x39,0x4D,0x01,0xBD,0x18,0x00,0x00,0x03,0x52,0xA6,0x00,0x63,0x19,0x00,0x00,
  0x04,0x54,0xA7,0x00,0x0A,0x1A,0x00,0x00,0x00,0x3C,0x4D,0x01,0x0A,0x1A,0x00,0x00,0x01,0x51,0xA7,0x00,0xB1,0x1A,0x00,0x00,
  0x04,0x54,0xA6,0x00,0x57,0x1B,0x00,0x00,0x02,0x39,0x4E,0x01,0x57,0x1B,0x00,0x00,0x03,0x52,0xA7,0x00,0xFE,0x1B,0x00,0x00,
  0x04,0x54,0xA7,0x00,0xA5,0x1C,0x00,0x00,0x00,0x41,0x4D,0x01,0xA5,0x1C,0x00,0x00,0x01,0x51,0xA6,0x00,0x4B,0x1D,0x00,0x00,
  0x04,0x54,0xA7,0x00,0xF2,0x1D,0x00,0x00,0x00,0x3C,0x4D,0x01,0xF2,0x1D,0x00,0x00,0x02,0x52,0xA7,0x00,0x99,0x1E,0x00,0x00,
  0x04,0x54,0xA6,0x00,0x3F,0x1F,0x00,0x00,0x04,0x45,0xA7,0x00,0x3F,0x1F,0x00,0x00,0x02,0x4D,0xA7,0x00,0xE6,0x1F,0x00,0x00,
  0x02,0x48,0xA7,0x00,0xE6,0x1F,0x00,0x00,0x01,0x51,0xA7,0x00,0x8D,0x20,0x00,0x00,0x00,0x46,0xA6,0x00,0x8D,0x20,0x00,0x00,
  0x04,0x4F,0xA6,0x00,0x33,0x21,0x00,0x00,0x02,0x48,0xA7,0x00,0x33,0x21,0x00,0x00,0x01,0x51,0xA7,0x00,0xDA,0x21,0x00,0x00,
  0x04,0x45,0xA7,0x00,0xDA,0x21,0x00,0x00,0x02,0x4D,0xA7,0x00,0x81,0x22,0x00,0x00,0x02,0x48,0xA6,0x00,0x81,0x22,0x00,0x00,
  0x01,0x51,0xA6,0x00,0x27,0x23,0x00,0x00,0x00,0x46,0xA7,0x00,0x27,0x23,0x00,0x00,0x04,0x4F,0xA7,0x00,0xCE,0x23,0x00,0x00,
  0x02,0x48,0xA7,0x00,0xCE,0x23,0x00,0x00,0x01,0x51,0xA7,0x00,0x75,0x24,0x00,0x00,0x04,0x45,0xA6,0x00,0x75,0x24,0x00,0x00,
  0x02,0x4D,0xA6,0x00,0x1B,0x25,0x00,0x00,0x02,0x48,0xA7,0x00,0x1B,0x25,0x00,0x00,0x01,0x51,0xA7,0x00,0xC2,0x25,0x00,0x00,
  0x00,0x46,0xA7,0x00,0xC2,0x25,0x00,0x00,0x04,0x4F,0xA7,0x00,0x69,0x26,0x00,0x00,0x02,0x48,0xA6,0x00,0x69,0x26,0x00,0x00,
  0x01,0x51,0xA6,0x00,0x0F,0x27,0x00,0x00,0x00,0x41,0xA7,0x00,0x0F,0x27,0x00,0x00,0x04,0x4A,0xA7,0x00,0xB6,0x27,0x00,0x00,
  0x04,0x45,0xA7,0x00,0xB6,0x27,0x00,0x00,0x02,0x4D,0xA7,0x00,0x5D,0x28,0x00,0x00,0x02,0x43,0xA6,0x00,0x5D,0x28,0x00,0x00,
  0x01,0x4C,0xA6,0x00,0x03,0x29,0x00,0x00,0x04,0x45,0xA7,0x00,0x03,0x29,0x00,0x00,0x02,0x4D,0xA7,0x00,0xAA,0x29,0x00,0x00,
  0x00,0x41,0xA7,0x00,0xAA,0x29,0x00,0x00,0x04,0x4A,0xA7,0x00,0x51,0x2A,0x00,0x00,0x04,0x45,0xA6,0x00,0x51,0x2A,0x00,0x00,
  0x02,0x4D,0xA6,0x00,0xF7,0x2A,0x00,0x00,0x02,0x43,0xA7,0x00,0xF7,0x2A,0x00,0x00,0x01,0x4C,0xA7,0x00,0x9E,0x2B,0x00,0x00,
  0x04,0x45,0xA7,0x00,0x9E,0x2B,0x00,0x00,0x02,0x4D,0xA7,0x00,0x45,0x2C,0x00,0x00,0x00,0x41,0xA6,0x00,0x45,0x2C,0x00,0x00,
  0x04,0x4A,0xA6,0x00,0xEB,0x2C,0x00,0x00,0x04,0x45,0xA7,0x00,0xEB,0x2C,0x00,0x00,0x02,0x4D,0xA7,0x00,0x92,0x2D,0x00,0x00,
  0x02,0x43,0xA7,0x00,0x92,0x2D,0x00,0x00,0x01,0x4C,0xA7,0x00,0x39,0x2E,0x00,0x00,0x04,0x45,0xA6,0x00,0x39,0x2E,0x00,0x00,
  0x02,0x4D,0xA6,0x00,0xDF,0x2E,0x00,0x00,0x02,0x3E,0xA7,0x00,0xDF,0x2E,0x00,0x00,0x01,0x47,0x4E,0x01,0x86,0x2F,0x00,0x00,
  0x00,0x41,0xA7,0x00,0x2D,0x30,0x00,0x00,0x04,0x40,0xA6,0x00,0x2D,0x30,0x00,0x00,0x02,0x43,0x4D,0x01,0xD3,0x30,0x00,0x00,
  0x00,0x41,0xA7,0x00,0x7A,0x31,0x00,0x00,0x02,0x3E,0xA7,0x00,0x7A,0x31,0x00,0x00,0x04,0x4A,0x4D,0x01,0x21,0x32,0x00,0x00,
  0x00,0x41,0xA6,0x00,0xC7,0x32,0x00,0x00,0x04,0x40,0xA7,0x00,0xC7,0x32,0x00,0x00,0x01,0x47,0x4E,0x01,0x6E,0x33,0x00,0x00,
  0x00,0x41,0xA7,0x00,0x15,0x34,0x00,0x00,0x02,0x3E,0xA6,0x00,0x15,0x34,0x00,0x00,0x03,0x4D,0x4D,0x01,0xBB,0x34,0x00,0x00,
  0x00,0x41,0xA7,0x00,0x62,0x35,0x00,0x00,0x04,0x40,0xA7,0x00,0x62,0x35,0x00,0x00,0x00,0x4A,0x4D,0x01,0x09,0x36,0x00,0x00,
  0x01,0x41,0xA6,0x00,0xAF,0x36,0x00,0x00,0x04,0x3B,0x4E,0x01,0xAF,0x36,0x00,0x00,0x00,0x4F,0xA7,0x00,0x56,0x37,0x00,0x00,
  0x01,0x51,0xA7,0x00,0xFD,0x37,0x00,0x00,0x00,0x37,0x4D,0x01,0xFD,0x37,0x00,0x00,0x04,0x4F,0xA6,0x00,0xA3,0x38,0x00,0x00,
  0x02,0x4D,0xA7,0x00,0x4A,0x39,0x00,0x00,0x00,0x3C,0x4D,0x01,0x4A,0x39,0x00,0x00,0x01,0x4C,0xA7,0x00,0xF1,0x39,0x00,0x00,
  0x02,0x4D,0xA6,0x00,0x97,0x3A,0x00,0x00,0x00,0x37,0x4E,0x01,0x97,0x3A,0x00,0x00,0x01,0x4C,0xA7,0x00,0x3E,0x3B,0x00,0x00,
  0x04,0x4A,0xA7,0x00,0xE5,0x3B,0x00,0x00,0x04,0x40,0x4D,0x01,0xE5,0x3B,0x00,0x00,0x02,0x48,0xA6,0x00,0x8B,0x3C,0x00,0x00,
  0x00,0x4A,0xA7,0x00,0x32,0x3D,0x00,0x00,0x00,0x3C,0x4D,0x01,0x32,0x3D,0x00,0x00,0x02,0x48,0xA7,0x00,0xD9,0x3D,0x00,0x00,
  0x01,0x46,0xA6,0x00,0x7F,0x3E,0x00,0x00,0x00,0x41,0xA7,0x00,0x7F,0x3E,0x00,0x00,0x04,0x45,0x4E,0x01,0x26,0x3F,0x00,0x00,
  0x02,0x43,0xA7,0x00,0xCD,0x3F,0x00,0x00,0x00,0x41,0xA6,0x00,0xCD,0x3F,0x00,0x00,0x04,0x4A,0xA6,0x00,0x73,0x40,0x00,0x00,
  0x04,0x40,0xA7,0x00,0x73,0x40,0x00,0x00,0x02,0x48,0xA7,0x00,0x1A,0x41,0x00,0x00,0x02,0x3E,0xA7,0x00,0x1A,0x41,0x00,0x00,
  0x01,0x47,0xA7,0x00,0xC1,0x41,0x00,0x00,0x04,0x40,0xA6,0x00,0xC1,0x41,0x00,0x00,0x02,0x48,0xA6,0x00,0x67,0x42,0x00,0x00,
  0x02,0x3E,0xA7,0x00,0x67,0x42,0x00,0x00,0x01,0x47,0xA7,0x00,0x0E,0x43,0x00,0x00,0x00,0x3C,0xA7,0x00,0x0E,0x43,0x00,0x00,
  0x04,0x45,0xA7,0x00,0xB5,0x43,0x00,0x00,0x04,0x3B,0xA6,0x00,0xB5,0x43,0x00,0x00,0x02,0x43,0xA6,0x00,0x5B,0x44,0x00,0x00,
  0x00,0x3C,0xA7,0x00,0x5B,0x44,0x00,0x00,0x04,0x45,0xA7,0x00,0x02,0x45,0x00,0x00,0x04,0x3B,0xA7,0x00,0x02,0x45,0x00,0x00,
  0x02,0x43,0xA7,0x00,0xA9,0x45,0x00,0x00,0x02,0x39,0xA6,0x00,0xA9,0x45,0x00,0x00,0x00,0x41,0xA6,0x00,0x4F,0x46,0x00,0x00,
  0x00,0x37,0x4E,0x01,0x4F,0x46,0x00,0x00,0x04,0x40,0xA7,0x00,0xF6,0x46,0x00,0x00,0x01,0x41,0xA7,0x00,0x9D,0x47,0x00,0x00,
  0x00,0x3C,0xA6,0x00,0x9D,0x47,0x00,0x00,0x04,0x40,0xA6,0x00,0x43,0x48,0x00,0x00,0x04,0x3B,0xA7,0x00,0x43,0x48,0x00,0x00,
  0x02,0x3E,0xA7,0x00,0xEA,0x48,0x00,0x00,0x02,0x39,0xA7,0x00,0xEA,0x48,0x00,0x00,0x00,0x3C,0x4D,0x01,0x91,0x49,0x00,0x00,
  0x04,0x3B,0xA6,0x00,0x37,0x4A,0x00,0x00,0x02,0x39,0xA7,0x00,0x37,0x4A,0x00,0x00,0x03,0x48,0xA7,0x00,0xDE,0x4A,0x00,0x00,
  0x00,0x37,0xA7,0x00,0xDE,0x4A,0x00,0x00,0x01,0x47,0xA7,0x00,0x85,0x4B,0x00,0x00,0x03,0x35,0xA6,0x00,0x85,0x4B,0x00,0x00,
  0x02,0x48,0x4D,0x01,0x2B,0x4C,0x00,0x00,0x00,0x37,0xA7,0x00,0xD2,0x4C,0x00,0x00,0x03,0x35,0xA7,0x00,0xD2,0x4C,0x00,0x00,
  0x04,0x40,0x4D,0x01,0x79,0x4D,0x00,0x00,0x02,0x34,0xA6,0x00,0x1F,0x4E,0x00,0x00,0x00,0x32,0xA7,0x00,0x1F,0x4E,0x00,0x00,
  0x01,0x41,0x4E,0x01,0xC6,0x4E,0x00,0x00,0x02,0x34,0xA7,0x00,0x6D,0x4F,0x00,0x00,0x00,0x32,0xA6,0x00,0x6D,0x4F,0x00,0x00,
  0x02,0x48,0x4D,0x01,0x13,0x50,0x00,0x00,0x03,0x30,0xA7,0x00,0xBA,0x50,0x00,0x00,0x00,0x37,0xA7,0x00,0xBA,0x50,0x00,0x00,
  0x04,0x40,0x4D,0x01,0x61,0x51,0x00,0x00,0x03,0x35,0xA6,0x00,0x07,0x52,0x00,0x00,0x02,0x34,0xA7,0x00,0x07,0x52,0x00,0x00,
  0x03,0x48,0x4E,0x01,0xAE,0x52,0x00,0x00,0x04,0x35,0xA7,0x00,0x55,0x53,0x00,0x00,0x00,0x37,0x4D,0x01,0x55,0x53,0x00,0x00,
  0x02,0x3E,0x4D,0x01,0xA2,0x54,0x00,0x00,0x03,0x2B,0x4D,0x01,0xA2,0x54,0x00,0x00,0x01,0x47,0x4D,0x01,0xEF,0x55,0x00,0x00,
  0x02,0x48,0x9B,0x02,0x3D,0x57,0x00,0x00,0x03,0x30,0x4D,0x01,0x8A,0x58,0x00,0x00,0x02,0x34,0x4D,0x01,0xD7,0x59,0x00,0x00,
  0x03,0x30,0x4E,0x01,0x25,0x5B,0x00,0x00,0x00,0x37,0x4D,0x01,0x72,0x5C,0x00,0x00,0x03,0x30,0x4D,0x01,0xBF,0x5D,0x00,0x00,
  0x00,0x3C,0x4E,0x01,0x0D,0x5F,0x00,0x00,0x04,0x3B,0xA6,0x00,0x0D,0x5F,0x00,0x00,0x02,0x48,0x4D,0x01,0xB3,0x5F,0x00,0x00,
  0x03,0x39,0xA7,0x00,0x5A,0x60,0x00,0x00,0x00,0x37,0xA7,0x00,0x5A,0x60,0x00,0x00,0x01,0x4C,0x4D,0x01,0x01,0x61,0x00,0x00,
  0x02,0x39,0xA6,0x00,0xA7,0x61,0x00,0x00,0x00,0x37,0xA7,0x00,0xA7,0x61,0x00,0x00,0x02,0x48,0x4E,0x01,0x4E,0x62,0x00,0x00,
  0x03,0x35,0xA7,0x00,0xF5,0x62,0x00,0x00,0x02,0x34,0xA6,0x00,0xF5,0x62,0x00,0x00,0x04,0x4F,0x4D,0x01,0x9B,0x63,0x00,0x00,
  0x03,0x35,0xA7,0x00,0x42,0x64,0x00,0x00,0x02,0x34,0xA7,0x00,0x42,0x64,0x00,0x00,0x03,0x48,0x4D,0x01,0xE9,0x64,0x00,0x00,
  0x00,0x32,0xA6,0x00,0x8F,0x65,0x00,0x00,0x03,0x30,0x4E,0x01,0x8F,0x65,0x00,0x00,0x04,0x54,0x4E,0x01,0xDD,0x66,0x00,0x00,
  0x02,0x34,0x4D,0x01,0xDD,0x66,0x00,0x00,0x03,0x53,0xA6,0x00,0x83,0x67,0x00,0x00,0x01,0x51,0xA7,0x00,0x2A,0x68,0x00,0x00,
  0x00,0x37,0x4D,0x01,0x2A,0x68,0x00,0x00,0x04,0x4F,0xA7,0x00,0xD1,0x68,0x00,0x00,0x01,0x51,0xA6,0x00,0x77,0x69,0x00,0x00,
  0x02,0x34,0x4E,0x01,0x77,0x69,0x00,0x00,0x04,0x4F,0xA7,0x00,0x1E,0x6A,0x00,0x00,0x03,0x4D,0xA7,0x00,0xC5,0x6A,0x00,0x00,
  0x00,0x3C,0x4D,0x01,0xC5,0x6A,0x00,0x00,0x01,0x4C,0xA6,0x00,0x6B,0x6B,0x00,0x00,0x02,0x4D,0xA7,0x00,0x12,0x6C,0x00,0x00,
  0x00,0x37,0x4D,0x01,0x12,0x6C,0x00,0x00,0x01,0x4C,0xA7,0x00,0xB9,0x6C,0x00,0x00,0x04,0x4A,0xA6,0x00,0x5F,0x6D,0x00,0x00,
  0x03,0x3F,0x4E,0x01,0x5F,0x6D,0x00,0x00,0x02,0x48,0xA7,0x00,0x06,0x6E,0x00,0x00,0x00,0x46,0xA7,0x00,0xAD,0x6E,0x00,0x00,
  0x04,0x36,0x4D,0x01,0xAD,0x6E,0x00,0x00,0x02,0x48,0xA6,0x00,0x53,0x6F,0x00,0x00,0x01,0x51,0xA7,0x00,0xFA,0x6F,0x00,0x00,
  0x03,0x3F,0x4D,0x01,0xFA,0x6F,0x00,0x00,0x02,0x48,0xA7,0x00,0xA1,0x70,0x00,0x00,0x01,0x51,0xA6,0x00,0x47,0x71,0x00,0x00,
  0x04,0x36,0x4E,0x01,0x47,0x71,0x00,0x00,0x00,0x46,0xA7,0x00,0xEE,0x71,0x00,0x00,0x01,0x51,0xA7,0x00,0x95,0x72,0x00,0x00,
  0x03,0x3F,0x4D,0x01,0x95,0x72,0x00,0x00,0x02,0x48,0xA6,0x00,0x3B,0x73,0x00,0x00,0x01,0x51,0xA7,0x00,0xE2,0x73,0x00,0x00,
  0x04,0x36,0x4D,0x01,0xE2,0x73,0x00,0x00,0x00,0x45,0xA7,0x00,0x89,0x74,0x00,0x00,0x01,0x51,0xA6,0x00,0x2F,0x75,0x00,0x00,
  0x00,0x37,0x4E,0x01,0x2F,0x75,0x00,0x00,0x01,0x46,0x4E,0x01,0x7D,0x76,0x00,0x00,0x03,0x35,0xA6,0x00,0x7D,0x76,0x00,0x00,
  0x02,0x43,0x4D,0x01,0x23,0x77,0x00,0x00,0x01,0x33,0xA7,0x00,0xCA,0x77,0x00,0x00,0x00,0x32,0xA7,0x00,0xCA,0x77,0x00,0x00,
  0x01,0x46,0x4D,0x01,0x71,0x78,0x00,0x00,0x02,0x33,0xA6,0x00,0x17,0x79,0x00,0x00,0x00,0x32,0xA7,0x00,0x17,0x79,0x00,0x00,
  0x02,0x43,0x4E,0x01,0xBE,0x79,0x00,0x00,0x03,0x30,0xA7,0x00,0x65,0x7A,0x00,0x00,0x01,0x2E,0xA6,0x00,0x65,0x7A,0x00,0x00,
  0x04,0x4A,0x4D,0x01,0x0B,0x7B,0x00,0x00,0x03,0x30,0xA7,0x00,0xB2,0x7B,0x00,0x00,0x01,0x2E,0xA7,0x00,0xB2,0x7B,0x00,0x00,
  0x02,0x43,0x4D,0x01,0x59,0x7C,0x00,0x00,0x00,0x2D,0xA6,0x00,0xFF,0x7C,0x00,0x00,0x03,0x2B,0x4E,0x01,0xFF,0x7C,0x00,0x00,
  0x04,0x4F,0x4E,0x01,0x4D,0x7E,0x00,0x00,0x00,0x37,0x4D,0x01,0x4D,0x7E,0x00,0x00,0x02,0x4D,0xA6,0x00,0xF3,0x7E,0x00,0x00,
  0x01,0x4B,0xA7,0x00,0x9A,0x7F,0x00,0x00,0x03,0x3A,0x4D,0x01,0x9A,0x7F,0x00,0x00,0x04,0x4A,0xA7,0x00,0x41,0x80,0x00,0x00,
  0x00,0x4B,0xA6,0x00,0xE7,0x80,0x00,0x00,0x00,0x37,0x4E,0x01,0xE7,0x80,0x00,0x00,0x04,0x4A,0xA7,0x00,0x8E,0x81,0x00,0x00,
  0x02,0x48,0xA7,0x00,0x35,0x82,0x00,0x00,0x02,0x3E,0x4D,0x01,0x35,0x82,0x00,0x00,0x00,0x46,0xA6,0x00,0xDB,0x82,0x00,0x00,
  0x03,0x48,0xA7,0x00,0x82,0x83,0x00,0x00,0x00,0x37,0x4D,0x01,0x82,0x83,0x00,0x00,0x01,0x46,0xA7,0x00,0x29,0x84,0x00,0x00,
  0x04,0x45,0xA6,0x00,0xCF,0x84,0x00,0x00,0x02,0x43,0x4E,0x01,0xCF,0x84,0x00,0x00,0x03,0x43,0x4E,0x01,0x1D,0x86,0x00,0x00,
  0x00,0x41,0xA6,0x00,0x1D,0x86,0x00,0x00,0x01,0x46,0x4D,0x01,0xC3,0x86,0x00,0x00,0x03,0x3F,0xA7,0x00,0x6A,0x87,0x00,0x00,
  0x02,0x3E,0xA7,0x00,0x6A,0x87,0x00,0x00,0x04,0x4A,0x4D,0x01,0x11,0x88,0x00,0x00,0x03,0x3F,0xA6,0x00,0xB7,0x88,0x00,0x00,
  0x02,0x3E,0xA7,0x00,0xB7,0x88,0x00,0x00,0x00,0x46,0x4E,0x01,0x5E,0x89,0x00,0x00,0x01,0x3C,0xA7,0x00,0x05,0x8A,0x00,0x00,
  0x03,0x3A,0xA6,0x00,0x05,0x8A,0x00,0x00,0x04,0x4F,0x4D,0x01,0xAB,0x8A,0x00,0x00,0x00,0x3C,0xA7,0x00,0x52,0x8B,0x00,0x00,
  0x03,0x3A,0xA7,0x00,0x52,0x8B,0x00,0x00,0x04,0x4A,0x4D,0x01,0xF9,0x8B,0x00,0x00,0x02,0x39,0xA6,0x00,0x9F,0x8C,0x00,0x00,
  0x00,0x37,0xA7,0x00,0x9F,0x8C,0x00,0x00,0x02,0x52,0x4E,0x01,0x46,0x8D,0x00,0x00,0x03,0x35,0xA7,0x00,0xED,0x8D,0x00,0x00,
  0x00,0x37,0xA6,0x00,0xED,0x8D,0x00,0x00,0x03,0x49,0x4D,0x01,0x93,0x8E,0x00,0x00,0x04,0x40,0xA7,0x00,0x3A,0x8F,0x00,0x00,
  0x00,0x37,0xA7,0x00,0x3A,0x8F,0x00,0x00,0x02,0x52,0x4D,0x01,0xE1,0x8F,0x00,0x00,0x04,0x40,0xA6,0x00,0x87,0x90,0x00,0x00,
  0x03,0x35,0xA7,0x00,0x87,0x90,0x00,0x00,0x04,0x49,0x4E,0x01,0x2E,0x91,0x00,0x00,0x00,0x40,0xA7,0x00,0xD5,0x91,0x00,0x00,
  0x00,0x37,0xA6,0x00,0xD5,0x91,0x00,0x00,0x02,0x52,0x4D,0x01,0x7B,0x92,0x00,0x00,0x04,0x40,0xA7,0x00,0x22,0x93,0x00,0x00,
  0x02,0x34,0xA7,0x00,0x22,0x93,0x00,0x00,0x03,0x49,0x4D,0x01,0xC9,0x93,0x00,0x00,0x04,0x40,0xA6,0x00,0x6F,0x94,0x00,0x00,
  0x03,0x35,0xA7,0x00,0x6F,0x94,0x00,0x00,0x04,0x4A,0x4E,0x01,0x16,0x95,0x00,0x00,0x02,0x34,0xA7,0x00,0xBD,0x95,0x00,0x00,
  0x03,0x35,0xA6,0x00,0xBD,0x95,0x00,0x00,0x04,0x45,0x4D,0x01,0x63,0x96,0x00,0x00,0x02,0x3E,0xA7,0x00,0x0A,0x97,0x00,0x00,
  0x03,0x35,0xA7,0x00,0x0A,0x97,0x00,0x00,0x02,0x4D,0x4D,0x01,0xB1,0x97,0x00,0x00,0x03,0x3E,0xA6,0x00,0x57,0x98,0x00,0x00,
  0x02,0x34,0xA7,0x00,0x57,0x98,0x00,0x00,0x04,0x4A,0x4E,0x01,0xFE,0x98,0x00,0x00,0x02,0x3E,0xA7,0x00,0xA5,0x99,0x00,0x00,
  0x03,0x35,0xA6,0x00,0xA5,0x99,0x00,0x00,0x01,0x51,0x4D,0x01,0x4B,0x9A,0x00,0x00,0x02,0x3E,0xA7,0x00,0xF2,0x9A,0x00,0x00,
  0x00,0x32,0xA7,0x00,0xF2,0x9A,0x00,0x00,0x02,0x4D,0x4D,0x01,0x99,0x9B,0x00,0x00,0x03,0x3E,0xA6,0x00,0x3F,0x9C,0x00,0x00,
  0x03,0x3A,0x4E,0x01,0x3F,0x9C,0x00,0x00,0x04,0x4F,0xA7,0x00,0xE6,0x9C,0x00,0x00,0x02,0x4D,0xA7,0x00,0x8D,0x9D,0x00,0x00,
  0x00,0x37,0x4D,0x01,0x8D,0x9D,0x00,0x00,0x04,0x4F,0xA6,0x00,0x33,0x9E,0x00,0x00,0x02,0x52,0xA7,0x00,0xDA,0x9E,0x00,0x00,
  0x02,0x34,0x4D,0x01,0xDA,0x9E,0x00,0x00,0x03,0x48,0xA7,0x00,0x81,0x9F,0x00,0x00,0x03,0x52,0xA6,0x00,0x27,0xA0,0x00,0x00,
  0x00,0x37,0x4E,0x01,0x27,0xA0,0x00,0x00,0x04,0x4A,0xA7,0x00,0xCE,0xA0,0x00,0x00,0x02,0x52,0xA7,0x00,0x75,0xA1,0x00,0x00,
  0x03,0x30,0x4D,0x01,0x75,0xA1,0x00,0x00,0x01,0x4C,0xA6,0x00,0x1B,0xA2,0x00,0x00,0x02,0x52,0xA7,0x00,0xC2,0xA2,0x00,0x00,
  0x02,0x34,0x4D,0x01,0xC2,0xA2,0x00,0x00,0x03,0x48,0xA7,0x00,0x69,0xA3,0x00,0x00,0x03,0x52,0xA6,0x00,0x0F,0xA4,0x00,0x00,
  0x02,0x39,0x4E,0x01,0x0F,0xA4,0x00,0x00,0x03,0x4D,0xA7,0x00,0xB6,0xA4,0x00,0x00,0x01,0x4C,0xA7,0x00,0x5D,0xA5,0x00,0x00,
  0x03,0x35,0x4D,0x01,0x5D,0xA5,0x00,0x00,0x02,0x4D,0xA6,0x00,0x03,0xA6,0x00,0x00,0x01,0x51,0xA7,0x00,0xAA,0xA6,0x00,0x00,
  0x00,0x32,0x4D,0x01,0xAA,0xA6,0x00,0x00,0x01,0x47,0xA7,0x00,0x51,0xA7,0x00,0x00,0x01,0x51,0xA6,0x00,0xF7,0xA7,0x00,0x00,
  0x03,0x35,0x4E,0x01,0xF7,0xA7,0x00,0x00,0x04,0x49,0xA7,0x00,0x9E,0xA8,0x00,0x00,0x01,0x51,0xA7,0x00,0x45,0xA9,0x00,0x00,
  0x02,0x2F,0x4D,0x01,0x45,0xA9,0x00,0x00,0x04,0x4A,0xA6,0x00,0xEB,0xA9,0x00,0x00,0x01,0x51,0xA7,0x00,0x92,0xAA,0x00,0x00,
  0x00,0x32,0x4D,0x01,0x92,0xAA,0x00,0x00,0x01,0x47,0xA7,0x00,0x39,0xAB,0x00,0x00,0x01,0x51,0xA6,0x00,0xDF,0xAB,0x00,0x00,
  0x00,0x37,0x4E,0x01,0xDF,0xAB,0x00,0x00,0x01,0x4C,0xA7,0x00,0x86,0xAC,0x00,0x00,0x04,0x4A,0xA7,0x00,0x2D,0xAD,0x00,0x00,
  0x02,0x34,0x4D,0x01,0x2D,0xAD,0x00,0x00,0x01,0x4C,0xA6,0x00,0xD3,0xAD,0x00,0x00,0x04,0x4F,0xA7,0x00,0x7A,0xAE,0x00,0x00,
  0x04,0x31,0x4D,0x01,0x7A,0xAE,0x00,0x00,0x00,0x45,0xA7,0x00,0x21,0xAF,0x00,0x00,0x00,0x4F,0xA6,0x00,0xC7,0xAF,0x00,0x00,
  0x02,0x34,0x4E,0x01,0xC7,0xAF,0x00,0x00,0x01,0x47,0xA7,0x00,0x6E,0xB0,0x00,0x00,0x04,0x4F,0xA7,0x00,0x15,0xB1,0x00,0x00,
  0x00,0x2D,0x4D,0x01,0x15,0xB1,0x00,0x00,0x03,0x49,0xA6,0x00,0xBB,0xB1,0x00,0x00,0x04,0x4F,0xA7,0x00,0x62,0xB2,0x00,0x00,
  0x04,0x31,0x4D,0x01,0x62,0xB2,0x00,0x00,0x00,0x45,0xA7,0x00,0x09,0xB3,0x00,0x00,0x00,0x4F,0xA6,0x00,0xAF,0xB3,0x00,0x00,
  0x03,0x26,0xA7,0x00,0xAF,0xB3,0x00,0x00,0x02,0x4D,0x4E,0x01,0x56,0xB4,0x00,0x00,0x00,0x32,0xA7,0x00,0xFD,0xB4,0x00,0x00,
  0x03,0x30,0xA6,0x00,0xFD,0xB4,0x00,0x00,0x04,0x4A,0x4D,0x01,0xA3,0xB5,0x00,0x00,0x00,0x32,0xA7,0x00,0x4A,0xB6,0x00,0x00,
  0x03,0x2B,0xA7,0x00,0x4A,0xB6,0x00,0x00,0x00,0x46,0x4D,0x01,0xF1,0xB6,0x00,0x00,0x01,0x32,0xA6,0x00,0x97,0xB7,0x00,0x00,
  0x00,0x2D,0xA7,0x00,0x97,0xB7,0x00,0x00,0x04,0x4A,0x4E,0x01,0x3E,0xB8,0x00,0x00,0x00,0x32,0xA7,0x00,0xE5,0xB8,0x00,0x00,
  0x01,0x2E,0xA6,0x00,0xE5,0xB8,0x00,0x00,0x02,0x43,0x4D,0x01,0x8B,0xB9,0x00,0x00,0x00,0x32,0xA7,0x00,0x32,0xBA,0x00,0x00,
  0x03,0x2B,0xA7,0x00,0x32,0xBA,0x00,0x00,0x02,0x4D,0x4D,0x01,0xD9,0xBA,0x00,0x00,0x00,0x32,0xA6,0x00,0x7F,0xBB,0x00,0x00,
  0x01,0x24,0xA7,0x00,0x7F,0xBB,0x00,0x00,0x02,0x4C,0x4E,0x01,0x26,0xBC,0x00,0x00,0x03,0x30,0xA7,0x00,0xCD,0xBC,0x00,0x00,
  0x01,0x2E,0xA6,0x00,0xCD,0xBC,0x00,0x00,0x02,0x48,0x4D,0x01,0x73,0xBD,0x00,0x00,0x03,0x30,0xA7,0x00,0x1A,0xBE,0x00,0x00,
  0x01,0x29,0xA7,0x00,0x1A,0xBE,0x00,0x00,0x04,0x45,0x4D,0x01,0xC1,0xBE,0x00,0x00,0x03,0x30,0xA6,0x00,0x67,0xBF,0x00,0x00,
  0x03,0x2B,0xA7,0x00,0x67,0xBF,0x00,0x00,0x02,0x48,0x4E,0x01,0x0E,0xC0,0x00,0x00,0x03,0x30,0xA7,0x00,0xB5,0xC0,0x00,0x00,
  0x00,0x2D,0xA6,0x00,0xB5,0xC0,0x00,0x00,0x01,0x41,0x4D,0x01,0x5B,0xC1,0x00,0x00,0x03,0x30,0xA7,0x00,0x02,0xC2,0x00,0x00,
  0x01,0x29,0xA7,0x00,0x02,0xC2,0x00,0x00,0x00,0x4B,0x4D,0x01,0xA9,0xC2,0x00,0x00,0x03,0x30,0xA6,0x00,0x4F,0xC3,0x00,0x00,
  0x01,0x2E,0x4E,0x01,0x4F,0xC3,0x00,0x00,0x04,0x4A,0xA7,0x00,0xF6,0xC3,0x00,0x00,0x02,0x4D,0xA7,0x00,0x9D,0xC4,0x00,0x00,
  0x00,0x32,0x4D,0x01,0x9D,0xC4,0x00,0x00,0x01,0x4B,0xA6,0x00,0x43,0xC5,0x00,0x00,0x02,0x4D,0xA7,0x00,0xEA,0xC5,0x00,0x00,
  0x03,0x35,0x4D,0x01,0xEA,0xC5,0x00,0x00,0x04,0x4A,0xA7,0x00,0x91,0xC6,0x00,0x00,0x02,0x4D,0xA6,0x00,0x37,0xC7,0x00,0x00,
  0x00,0x32,0x4E,0x01,0x37,0xC7,0x00,0x00,0x01,0x4B,0xA7,0x00,0xDE,0xC7,0x00,0x00,0x02,0x4D,0xA7,0x00,0x85,0xC8,0x00,0x00,
  0x03,0x3A,0x4D,0x01,0x85,0xC8,0x00,0x00,0x04,0x4A,0xA6,0x00,0x2B,0xC9,0x00,0x00,0x02,0x4D,0xA7,0x00,0xD2,0xC9,0x00,0x00,
  0x03,0x35,0x4D,0x01,0xD2,0xC9,0x00,0x00,0x00,0x4B,0xA7,0x00,0x79,0xCA,0x00,0x00,0x02,0x4D,0xA6,0x00,0x1F,0xCB,0x00,0x00,
  0x02,0x3E,0xA7,0x00,0x1F,0xCB,0x00,0x00,0x00,0x46,0xA7,0x00,0xC6,0xCB,0x00,0x00,0x00,0x41,0xA7,0x00,0xC6,0xCB,0x00,0x00,
  0x04,0x4A,0xA7,0x00,0x6D,0xCC,0x00,0x00,0x03,0x3F,0xA6,0x00,0x6D,0xCC,0x00,0x00,0x02,0x48,0xA6,0x00,0x13,0xCD,0x00,0x00,
  0x00,0x41,0xA7,0x00,0x13,0xCD,0x00,0x00,0x04,0x4A,0xA7,0x00,0xBA,0xCD,0x00,0x00,0x02,0x3E,0xA7,0x00,0xBA,0xCD,0x00,0x00,
  0x00,0x46,0xA7,0x00,0x61,0xCE,0x00,0x00,0x00,0x41,0xA6,0x00,0x61,0xCE,0x00,0x00,0x04,0x4A,0xA6,0x00,0x07,0xCF,0x00,0x00,
  0x03,0x3F,0xA7,0x00,0x07,0xCF,0x00,0x00,0x02,0x48,0xA7,0x00,0xAE,0xCF,0x00,0x00,0x00,0x41,0xA7,0x00,0xAE,0xCF,0x00,0x00,
  0x04,0x4A,0xA7,0x00,0x55,0xD0,0x00,0x00,0x02,0x3E,0xA6,0x00,0x55,0xD0,0x00,0x00,0x00,0x46,0xA6,0x00,0xFB,0xD0,0x00,0x00,
  0x00,0x41,0xA7,0x00,0xFB,0xD0,0x00,0x00,0x04,0x4A,0xA7,0x00,0xA2,0xD1,0x00,0x00,0x03,0x3F,0xA7,0x00,0xA2,0xD1,0x00,0x00,
  0x02,0x48,0xA7,0x00,0x49,0xD2,0x00,0x00,0x00,0x41,0xA6,0x00,0x49,0xD2,0x00,0x00,0x04,0x4A,0xA6,0x00,0xEF,0xD2,0x00,0x00,
  0x03,0x3A,0xA7,0x00,0xEF,0xD2,0x00,0x00,0x02,0x43,0xA7,0x00,0x96,0xD3,0x00,0x00,0x02,0x3E,0xA7,0x00,0x96,0xD3,0x00,0x00,
  0x00,0x46,0xA7,0x00,0x3D,0xD4,0x00,0x00,0x00,0x3C,0xA6,0x00,0x3D,0xD4,0x00,0x00,0x04,0x45,0xA6,0x00,0xE3,0xD4,0x00,0x00,
  0x02,0x3E,0xA7,0x00,0xE3,0xD4,0x00,0x00,0x00,0x46,0xA7,0x00,0x8A,0xD5,0x00,0x00,0x03,0x3A,0xA7,0x00,0x8A,0xD5,0x00,0x00,
  0x02,0x43,0xA7,0x00,0x31,0xD6,0x00,0x00,0x02,0x3E,0xA6,0x00,0x31,0xD6,0x00,0x00,0x00,0x46,0xA6,0x00,0xD7,0xD6,0x00,0x00,
  0x00,0x3C,0xA7,0x00,0xD7,0xD6,0x00,0x00,0x04,0x45,0xA7,0x00,0x7E,0xD7,0x00,0x00,0x02,0x3E,0xA7,0x00,0x7E,0xD7,0x00,0x00,
  0x00,0x46,0xA7,0x00,0x25,0xD8,0x00,0x00,0x03,0x3A,0xA6,0x00,0x25,0xD8,0x00,0x00,0x02,0x43,0xA6,0x00,0xCB,0xD8,0x00,0x00,
  0x02,0x3E,0xA7,0x00,0xCB,0xD8,0x00,0x00,0x00,0x46,0xA7,0x00,0x72,0xD9,0x00,0x00,0x00,0x3C,0xA7,0x00,0x72,0xD9,0x00,0x00,
  0x04,0x45,0xA7,0x00,0x19,0xDA,0x00,0x00,0x02,0x3E,0xA6,0x00,0x19,0xDA,0x00,0x00,0x00,0x46,0xA6,0x00,0xBF,0xDA,0x00,0x00,
  0x00,0x37,0xA7,0x00,0xBF,0xDA,0x00,0x00,0x04,0x40,0x4E,0x01,0x66,0xDB,0x00,0x00,0x03,0x3A,0xA7,0x00,0x0D,0xDC,0x00,0x00,
  0x02,0x39,0xA6,0x00,0x0D,0xDC,0x00,0x00,0x00,0x3C,0x4D,0x01,0xB3,0xDC,0x00,0x00,0x03,0x3A,0xA7,0x00,0x5A,0xDD,0x00,0x00,
  0x00,0x37,0xA7,0x00,0x5A,0xDD,0x00,0x00,0x02,0x43,0x4D,0x01,0x01,0xDE,0x00,0x00,0x03,0x3A,0xA6,0x00,0xA7,0xDE,0x00,0x00,
  0x02,0x39,0xA7,0x00,0xA7,0xDE,0x00,0x00,0x04,0x40,0x4E,0x01,0x4E,0xDF,0x00,0x00,0x03,0x3A,0xA7,0x00,0xF5,0xDF,0x00,0x00,
  0x00,0x37,0xA6,0x00,0xF5,0xDF,0x00,0x00,0x01,0x46,0x4D,0x01,0x9B,0xE0,0x00,0x00,0x03,0x3A,0xA7,0x00,0x42,0xE1,0x00,0x00,
  0x02,0x39,0xA7,0x00,0x42,0xE1,0x00,0x00,0x03,0x43,0x4D,0x01,0xE9,0xE1,0x00,0x00,0x04,0x3A,0xA6,0x00,0x8F,0xE2,0x00,0x00,
  0x02,0x34,0x4E,0x01,0x8F,0xE2,0x00,0x00,0x03,0x48,0xA7,0x00,0x36,0xE3,0x00,0x00,0x04,0x4A,0xA7,0x00,0xDD,0xE3,0x00,0x00,
  0x03,0x30,0x4D,0x01,0xDD,0xE3,0x00,0x00,0x02,0x48,0xA6,0x00,0x83,0xE4,0x00,0x00,0x00,0x46,0xA7,0x00,0x2A,0xE5,0x00,0x00,
  0x03,0x35,0x4D,0x01,0x2A,0xE5,0x00,0x00,0x04,0x45,0xA7,0x00,0xD1,0xE5,0x00,0x00,0x00,0x46,0xA6,0x00,0x77,0xE6,0x00,0x00,
  0x03,0x30,0x4E,0x01,0x77,0xE6,0x00,0x00,0x04,0x45,0xA7,0x00,0x1E,0xE7,0x00,0x00,0x02,0x43,0xA7,0x00,0xC5,0xE7,0x00,0x00,
  0x02,0x39,0x4D,0x01,0xC5,0xE7,0x00,0x00,0x00,0x41,0xA6,0x00,0x6B,0xE8,0x00,0x00,0x03,0x43,0xA7,0x00,0x12,0xE9,0x00,0x00,
  0x03,0x35,0x4D,0x01,0x12,0xE9,0x00,0x00,0x00,0x41,0xA7,0x00,0xB9,0xE9,0x00,0x00,0x04,0x3F,0xA6,0x00,0x5F,0xEA,0x00,0x00,
  0x03,0x3A,0xA7,0x00,0x5F,0xEA,0x00,0x00,0x02,0x3E,0x4E,0x01,0x06,0xEB,0x00,0x00,0x00,0x3C,0xA7,0x00,0xAD,0xEB,0x00,0x00,
  0x03,0x3A,0xA6,0x00,0xAD,0xEB,0x00,0x00,0x02,0x43,0xA6,0x00,0x53,0xEC,0x00,0x00,0x02,0x39,0xA7,0x00,0x53,0xEC,0x00,0x00,
  0x00,0x41,0xA7,0x00,0xFA,0xEC,0x00,0x00,0x00,0x37,0xA7,0x00,0xFA,0xEC,0x00,0x00,0x04,0x40,0xA7,0x00,0xA1,0xED,0x00,0x00,
  0x02,0x39,0xA6,0x00,0xA1,0xED,0x00,0x00,0x00,0x41,0xA6,0x00,0x47,0xEE,0x00,0x00,0x00,0x37,0xA7,0x00,0x47,0xEE,0x00,0x00,
  0x04,0x40,0xA7,0x00,0xEE,0xEE,0x00,0x00,0x03,0x35,0xA7,0x00,0xEE,0xEE,0x00,0x00,0x02,0x3E,0xA7,0x00,0x95,0xEF,0x00,0x00,
  0x02,0x34,0xA6,0x00,0x95,0xEF,0x00,0x00,0x00,0x3C,0xA6,0x00,0x3B,0xF0,0x00,0x00,0x03,0x35,0xA7,0x00,0x3B,0xF0,0x00,0x00,
  0x02,0x3E,0xA7,0x00,0xE2,0xF0,0x00,0x00,0x02,0x34,0xA7,0x00,0xE2,0xF0,0x00,0x00,0x00,0x3C,0xA7,0x00,0x89,0xF1,0x00,0x00,
  0x00,0x32,0xA6,0x00,0x89,0xF1,0x00,0x00,0x03,0x3A,0xA6,0x00,0x2F,0xF2,0x00,0x00,0x03,0x30,0x4E,0x01,0x2F,0xF2,0x00,0x00,
  0x02,0x39,0xA7,0x00,0xD6,0xF2,0x00,0x00,0x04,0x3A,0xA7,0x00,0x7D,0xF3,0x00,0x00,0x03,0x35,0xA6,0x00,0x7D,0xF3,0x00,0x00,
  0x02,0x39,0xA6,0x00,0x23,0xF4,0x00,0x00,0x02,0x34,0xA7,0x00,0x23,0xF4,0x00,0x00,0x00,0x37,0xA7,0x00,0xCA,0xF4,0x00,0x00,
  0x00,0x32,0xA7,0x00,0xCA,0xF4,0x00,0x00,0x03,0x35,0x4D,0x01,0x71,0xF5,0x00,0x00,0x02,0x34,0xA6,0x00,0x17,0xF6,0x00,0x00,
  0x00,0x32,0xA7,0x00,0x17,0xF6,0x00,0x00,0x01,0x41,0xA7,0x00,0xBE,0xF6,0x00,0x00,0x03,0x30,0xA7,0x00,0xBE,0xF6,0x00,0x00,
  0x04,0x40,0xA7,0x00,0x65,0xF7,0x00,0x00,0x01,0x2E,0xA6,0x00,0x65,0xF7,0x00,0x00,0x00,0x41,0x4D,0x01,0x0B,0xF8,0x00,0x00,
  0x03,0x30,0xA7,0x00,0xB2,0xF8,0x00,0x00,0x01,0x2E,0xA7,0x00,0xB2,0xF8,0x00,0x00,0x02,0x39,0x4D,0x01,0x59,0xF9,0x00,0x00,
  0x00,0x2D,0xA6,0x00,0xFF,0xF9,0x00,0x00,0x03,0x2B,0xA7,0x00,0xFF,0xF9,0x00,0x00,0x04,0x3A,0x4E,0x01,0xA6,0xFA,0x00,0x00,
  0x00,0x2D,0xA7,0x00,0x4D,0xFB,0x00,0x00,0x03,0x2B,0xA6,0x00,0x4D,0xFB,0x00,0x00,0x00,0x41,0x4D,0x01,0xF3,0xFB,0x00,0x00,
  0x01,0x29,0xA7,0x00,0x9A,0xFC,0x00,0x00,0x03,0x30,0xA7,0x00,0x9A,0xFC,0x00,0x00,0x02,0x39,0x4D,0x01,0x41,0xFD,0x00,0x00,
  0x01,0x2E,0xA6,0x00,0xE7,0xFD,0x00,0x00,0x00,0x2D,0xA7,0x00,0xE7,0xFD,0x00,0x00,0x01,0x41,0x4E,0x01,0x8E,0xFE,0x00,0x00,
  0x02,0x2E,0xA7,0x00,0x35,0xFF,0x00,0x00,0x03,0x30,0x4D,0x01,0x35,0xFF,0x00,0x00,0x00,0x37,0x4D,0x01,0x82,0x00,0x01,0x00,
  0x01,0x24,0x4D,0x01,0x82,0x00,0x01,0x00,0x04,0x40,0x4D,0x01,0xCF,0x01,0x01,0x00,0x01,0x29,0x9B,0x02,0xCF,0x01,0x01,0x00,
  0x02,0x39,0x9B,0x02,0xCF,0x01,0x01,0x00,0x00,0x3C,0x9B,0x02,0xCF,0x01,0x01,0x00,0x03,0x41,0x9B,0x02,
};

// Maple Leaf Rag (20540 bytes)
static const uint8_t song_Maple_Leaf_Rag[] PROGMEM = {
  0x53,0x54,0x50,0x4D,0x01,0x00,0x00,0x00,0x06,0x0A,0x00,0x00,0x00,0x00,0x00,0x00,0x04,0x27,0xFA,0x00,0x00,0x00,0x00,0x00,
  0x01,0x33,0xFA,0x00,0xFA,0x00,0x00,0x00,0x04,0x2C,0xFA,0x00,0xFA,0x00,0x00,0x00,0x01,0x38,0xFA,0x00,0x77,0x01,0x00,0x00,
  0x03,0x44,0x7D,0x00,0xF4,0x01,0x00,0x00,0x01,0x33,0xFA,0x00,0xF4,0x01,0x00,0x00,0x02,0x38,0xFA,0x00,0xF4,0x01,0x00,0x00,
  0x00,0x3C,0xFA,0x00,0xF4,0x01,0x00,0x00,0x03,0x3F,0x7D,0x00,0xF4,0x01,0x00,0x00,0x04,0x4B,0x7D,0x00,0x71,0x02,0x00,0x00,
  0x03,0x44,0x7D,0x00,0xEE,0x02,0x00,0x00,0x01,0x33,0xFA,0x00,0xEE,0x02,0x00,0x00,0x02,0x38,0xFA,0x00,0xEE,0x02,0x00,0x00,
  0x00,0x3C,0xFA,0x00,0xEE,0x02,0x00,0x00,0x03,0x48,0x7D,0x00,0x6B,0x03,0x00,0x00,0x03,0x3F,0xFA,0x00,0x6B,0x03,0x00,0x00,
  0x04,0x4B,0xFA,0x00,0xE8,0x03,0x00,0x00,0x00,0x2D,0xFA,0x00,0xE8,0x03,0x00,0x00,0x02,0x39,0xFA,0x00,0x65,0x04,0x00,0x00,
  0x03,0x43,0x7D,0x00,0xE2,0x04,0x00,0x00,0x01,0x2E,0xFA,0x00,0xE2,0x04,0x00,0x00,0x03,0x3A,0xFA,0x00,0xE2,0x04,0x00,0x00,
  0x04,0x3F,0x7D,0x00,0xE2,0x04,0x00,0x00,0x00,0x4B,0x7D,0x00,0x5F,0x05,0x00,0x00,0x02,0x43,0x7D,0x00,0xDC,0x05,0x00,0x00,
  0x01,0x33,0xFA,0x00,0xDC,0x05,0x00,0x00,0x00,0x37,0xFA,0x00,0xDC,0x05,0x00,0x00,0x02,0x3D,0xFA,0x00,0xDC,0x05,0x00,0x00,
  0x03,0x46,0x7D,0x00,0x59,0x06,0x00,0x00,0x03,0x3F,0x71,0x02,0x59,0x06,0x00,0x00,0x04,0x4B,0x71,0x02,0xD6,0x06,0x00,0x00,
  0x01,0x33,0xFA,0x00,0xD6,0x06,0x00,0x00,0x00,0x37,0xFA,0x00,0xD6,0x06,0x00,0x00,0x02,0x3D,0xFA,0x00,0xD0,0x07,0x00,0x00,
  0x00,0x27,0xFA,0x00,0xD0,0x07,0x00,0x00,0x01,0x33,0xFA,0x00,0xCA,0x08,0x00,0x00,0x04,0x2C,0xFA,0x00,0xCA,0x08,0x00,0x00,
  0x01,0x38,0xFA,0x00,0x47,0x09,0x00,0x00,0x03,0x44,0x7D,0x00,0xC4,0x09,0x00,0x00,0x01,0x33,0xFA,0x00,0xC4,0x09,0x00,0x00,
  0x02,0x38,0xFA,0x00,0xC4,0x09,0x00,0x00,0x00,0x3C,0xFA,0x00,0xC4,0x09,0x00,0x00,0x03,0x3F,0x7D,0x00,0xC4,0x09,0x00,0x00,
  0x04,0x4B,0x7D,0x00,0x41,0x0A,0x00,0x00,0x03,0x44,0x7D,0x00,0xBE,0x0A,0x00,0x00,0x01,0x33,0xFA,0x00,0xBE,0x0A,0x00,0x00,
  0x02,0x38,0xFA,0x00,0xBE,0x0A,0x00,0x00,0x00,0x3C,0xFA,0x00,0xBE,0x0A,0x00,0x00,0x03,0x48,0x7D,0x00,0x3B,0x0B,0x00,0x00,
  0x03,0x3F,0xFA,0x00,0x3B,0x0B,0x00,0x00,0x04,0x4B,0xFA,0x00,0xB8,0x0B,0x00,0x00,0x00,0x2D,0xFA,0x00,0xB8,0x0B,0x00,0x00,
  0x02,0x39,0xFA,0x00,0x35,0x0C,0x00,0x00,0x03,0x43,0x7D,0x00,0xB2,0x0C,0x00,0x00,0x01,0x2E,0xFA,0x00,0xB2,0x0C,0x00,0x00,
  0x03,0x3A,0xFA,0x00,0xB2,0x0C,0x00,0x00,0x04,0x3F,0x7D,0x00,0xB2,0x0C,0x00,0x00,0x00,0x4B,0x7D,0x00,0x2F,0x0D,0x00,0x00,
  0x02,0x43,0x7D,0x00,0xAC,0x0D,0x00,0x00,0x01,0x33,0xFA,0x00,0xAC,0x0D,0x00,0x00,0x00,0x37,0xFA,0x00,0xAC,0x0D,0x00,0x00,
  0x02,0x3D,0xFA,0x00,0xAC,0x0D,0x00,0x00,0x03,0x46,0x7D,0x00,0x29,0x0E,0x00,0x00,0x03,0x3F,0x77,0x01,0x29,0x0E,0x00,0x00,
  0x04,0x4B,0x77,0x01,0xA6,0x0E,0x00,0x00,0x01,0x33,0xFA,0x00,0xA6,0x0E,0x00,0x00,0x00,0x37,0xFA,0x00,0xA6,0x0E,0x00,0x00,
  0x02,0x3D,0xFA,0x00,0xA0,0x0F,0x00,0x00,0x04,0x27,0xFA,0x00,0xA0,0x0F,0x00,0x00,0x01,0x33,0xFA,0x00,0x1D,0x10,0x00,0x00,
  0x03,0x3F,0x7D,0x00,0x1D,0x10,0x00,0x00,0x00,0x4B,0x7D,0x00,0x9A,0x10,0x00,0x00,0x00,0x28,0xF4,0x01,0x9A,0x10,0x00,0x00,
  0x02,0x34,0xF4,0x01,0x17,0x11,0x00,0x00,0x03,0x44,0x7D,0x00,0x94,0x11,0x00,0x00,0x01,0x47,0x7D,0x00,0x11,0x12,0x00,0x00,
  0x04,0x40,0x7D,0x00,0x11,0x12,0x00,0x00,0x01,0x4C,0x7D,0x00,0x8E,0x12,0x00,0x00,0x04,0x27,0xFA,0x00,0x8E,0x12,0x00,0x00,
  0x01,0x33,0xFA,0x00,0x0B,0x13,0x00,0x00,0x03,0x3F,0x7D,0x00,0x0B,0x13,0x00,0x00,0x00,0x4B,0x7D,0x00,0x88,0x13,0x00,0x00,
  0x04,0x27,0xFA,0x00,0x88,0x13,0x00,0x00,0x01,0x33,0xFA,0x00,0x05,0x14,0x00,0x00,0x03,0x3F,0x7D,0x00,0x05,0x14,0x00,0x00,
  0x00,0x4B,0x7D,0x00,0x82,0x14,0x00,0x00,0x00,0x28,0xF4,0x01,0x82,0x14,0x00,0x00,0x02,0x34,0xF4,0x01,0xFF,0x14,0x00,0x00,
  0x03,0x44,0x7D,0x00,0x7C,0x15,0x00,0x00,0x01,0x47,0x7D,0x00,0xF9,0x15,0x00,0x00,0x04,0x40,0x7D,0x00,0xF9,0x15,0x00,0x00,
  0x01,0x4C,0x7D,0x00,0x76,0x16,0x00,0x00,0x04,0x27,0xFA,0x00,0x76,0x16,0x00,0x00,0x01,0x33,0xFA,0x00,0xF3,0x16,0x00,0x00,
  0x03,0x3F,0x7D,0x00,0xF3,0x16,0x00,0x00,0x00,0x4B,0x7D,0x00,0x6A,0x18,0x00,0x00,0x02,0x20,0xFA,0x00,0xE7,0x18,0x00,0x00,
  0x04,0x2C,0x7D,0x00,0x64,0x19,0x00,0x00,0x02,0x2F,0x7D,0x00,0xE1,0x19,0x00,0x00,0x01,0x38,0x7D,0x00,0x5E,0x1A,0x00,0x00,
  0x04,0x2C,0xFA,0x00,0xDB,0x1A,0x00,0x00,0x01,0x38,0x7D,0x00,0x58,0x1B,0x00,0x00,0x04,0x3B,0x7D,0x00,0xD5,0x1B,0x00,0x00,
  0x03,0x44,0x7D,0x00,0x52,0x1C,0x00,0x00,0x01,0x38,0xFA,0x00,0xCF,0x1C,0x00,0x00,0x03,0x44,0x7D,0x00,0x4C,0x1D,0x00,0x00,
  0x01,0x47,0x7D,0x00,0xC9,0x1D,0x00,0x00,0x00,0x50,0x7D,0x00,0x46,0x1E,0x00,0x00,0x03,0x44,0xFA,0x00,0xC3,0x1E,0x00,0x00,
  0x00,0x50,0x7D,0x00,0x40,0x1F,0x00,0x00,0x03,0x53,0x7D,0x00,0xBD,0x1F,0x00,0x00,0x02,0x5C,0x7D,0x00,0x3A,0x20,0x00,0x00,
  0x02,0x3E,0xFA,0x00,0x3A,0x20,0x00,0x00,0x00,0x41,0xFA,0x00,0x3A,0x20,0x00,0x00,0x03,0x44,0xFA,0x00,0x3A,0x20,0x00,0x00,
  0x01,0x47,0xFA,0x00,0x3A,0x20,0x00,0x00,0x04,0x50,0xFA,0x00,0x3A,0x20,0x00,0x00,0x02,0x5C,0xFA,0x00,0x34,0x21,0x00,0x00,
  0x02,0x3E,0xFA,0x00,0x34,0x21,0x00,0x00,0x00,0x41,0xFA,0x00,0x34,0x21,0x00,0x00,0x03,0x44,0xFA,0x00,0x34,0x21,0x00,0x00,
  0x01,0x47,0xFA,0x00,0x34,0x21,0x00,0x00,0x04,0x50,0xFA,0x00,0x34,0x21,0x00,0x00,0x02,0x5C,0xFA,0x00,0x2E,0x22,0x00,0x00,
  0x02,0x3E,0xFA,0x00,0x2E,0x22,0x00,0x00,0x00,0x41,0xFA,0x00,0x2E,0x22,0x00,0x00,0x03,0x44,0xFA,0x00,0x2E,0x22,0x00,0x00,
  0x01,0x47,0xFA,0x00,0x2E,0x22,0x00,0x00,0x04,0x50,0xFA,0x00,0x2E,0x22,0x00,0x00,0x02,0x5C,0xFA,0x00,0x28,0x23,0x00,0x00,
  0x02,0x3E,0xFA,0x00,0x28,0x23,0x00,0x00,0x00,0x41,0xFA,0x00,0x28,0x23,0x00,0x00,0x03,0x44,0xFA,0x00,0x28,0x23,0x00,0x00,
  0x01,0x47,0xFA,0x00,0x28,0x23,0x00,0x00,0x04,0x50,0x7D,0x00,0x28,0x23,0x00,0x00,0x04,0x5C,0x7D,0x00,0xA5,0x23,0x00,0x00,
  0x04,0x50,0xFA,0x00,0xA5,0x23,0x00,0x00,0x02,0x5C,0xFA,0x00,0x22,0x24,0x00,0x00,0x03,0x3F,0xFA,0x00,0x22,0x24,0x00,0x00,
  0x00,0x44,0xFA,0x00,0x22,0x24,0x00,0x00,0x01,0x48,0xFA,0x00,0x9F,0x24,0x00,0x00,0x02,0x57,0x7D,0x00,0x1C,0x25,0x00,0x00,
  0x03,0x3F,0xFA,0x00,0x1C,0x25,0x00,0x00,0x04,0x44,0xFA,0x00,0x1C,0x25,0x00,0x00,0x02,0x48,0xFA,0x00,0x1C,0x25,0x00,0x00,
  0x00,0x59,0x7D,0x00,0x99,0x25,0x00,0x00,0x00,0x54,0x7D,0x00,0x16,0x26,0x00,0x00,0x03,0x3F,0xFA,0x00,0x16,0x26,0x00,0x00,
  0x04,0x44,0xFA,0x00,0x16,0x26,0x00,0x00,0x02,0x48,0xFA,0x00,0x16,0x26,0x00,0x00,0x00,0x57,0x7D,0x00,0x93,0x26,0x00,0x00,
  0x00,0x50,0xFA,0x00,0x93,0x26,0x00,0x00,0x01,0x59,0xFA,0x00,0x10,0x27,0x00,0x00,0x03,0x3F,0xFA,0x00,0x10,0x27,0x00,0x00,
  0x04,0x44,0xFA,0x00,0x10,0x27,0x00,0x00,0x02,0x48,0xFA,0x00,0x8D,0x27,0x00,0x00,0x01,0x4C,0xFA,0x00,0x8D,0x27,0x00,0x00,
  0x00,0x50,0xFA,0x00,0x0A,0x28,0x00,0x00,0x04,0x40,0xFA,0x00,0x0A,0x28,0x00,0x00,0x03,0x44,0xFA,0x00,0x0A,0x28,0x00,0x00,
  0x02,0x47,0xFA,0x00,0x87,0x28,0x00,0x00,0x00,0x52,0x7D,0x00,0x04,0x29,0x00,0x00,0x04,0x40,0xFA,0x00,0x04,0x29,0x00,0x00,
  0x03,0x44,0xFA,0x00,0x04,0x29,0x00,0x00,0x01,0x47,0xFA,0x00,0x04,0x29,0x00,0x00,0x02,0x4C,0x7D,0x00,0x04,0x29,0x00,0x00,
  0x00,0x53,0x7D,0x00,0x81,0x29,0x00,0x00,0x00,0x50,0x7D,0x00,0xFE,0x29,0x00,0x00,0x03,0x3F,0xFA,0x00,0xFE,0x29,0x00,0x00,
  0x04,0x44,0xFA,0x00,0xFE,0x29,0x00,0x00,0x02,0x48,0xFA,0x00,0xFE,0x29,0x00,0x00,0x00,0x52,0x7D,0x00,0x7B,0x2A,0x00,0x00,
  0x00,0x4B,0xFA,0x00,0x7B,0x2A,0x00,0x00,0x01,0x54,0xFA,0x00,0xF8,0x2A,0x00,0x00,0x03,0x3F,0xFA,0x00,0xF8,0x2A,0x00,0x00,
  0x04,0x44,0xFA,0x00,0xF8,0x2A,0x00,0x00,0x02,0x48,0xFA,0x00,0x75,0x2B,0x00,0x00,0x00,0x50,0x7D,0x00,0xF2,0x2B,0x00,0x00,
  0x03,0x3F,0xFA,0x00,0xF2,0x2B,0x00,0x00,0x04,0x44,0xFA,0x00,0xF2,0x2B,0x00,0x00,0x02,0x48,0xFA,0x00,0xF2,0x2B,0x00,0x00,
  0x00,0x4B,0x7D,0x00,0xF2,0x2B,0x00,0x00,0x01,0x54,0x7D,0x00,0x6F,0x2C,0x00,0x00,0x00,0x50,0x7D,0x00,0xEC,0x2C,0x00,0x00,
  0x03,0x3F,0xFA,0x00,0xEC,0x2C,0x00,0x00,0x02,0x43,0xFA,0x00,0xEC,0x2C,0x00,0x00,0x04,0x49,0xFA,0x00,0xEC,0x2C,0x00,0x00,
  0x00,0x4B,0xFA,0x00,0xEC,0x2C,0x00,0x00,0x01,0x52,0xFA,0x00,0xE6,0x2D,0x00,0x00,0x03,0x44,0xFA,0x00,0xE6,0x2D,0x00,0x00,
  0x02,0x48,0xFA,0x00,0xE6,0x2D,0x00,0x00,0x00,0x4B,0xFA,0x00,0xE6,0x2D,0x00,0x00,0x01,0x50,0xFA,0x00,0x5D,0x2F,0x00,0x00,
  0x03,0x44,0x77,0x01,0x5D,0x2F,0x00,0x00,0x00,0x50,0x77,0x01,0xDA,0x2F,0x00,0x00,0x01,0x32,0xFA,0x00,0xDA,0x2F,0x00,0x00,
  0x04,0x35,0xFA,0x00,0xDA,0x2F,0x00,0x00,0x02,0x38,0xFA,0x00,0xDA,0x2F,0x00,0x00,0x03,0x3B,0xFA,0x00,0xD4,0x30,0x00,0x00,
  0x00,0x32,0xFA,0x00,0xD4,0x30,0x00,0x00,0x03,0x35,0xFA,0x00,0xD4,0x30,0x00,0x00,0x01,0x38,0xFA,0x00,0xD4,0x30,0x00,0x00,
  0x04,0x3B,0xFA,0x00,0xD4,0x30,0x00,0x00,0x02,0x44,0xFA,0x00,0xD4,0x30,0x00,0x00,0x00,0x50,0xFA,0x00,0xCE,0x31,0x00,0x00,
  0x00,0x32,0xFA,0x00,0xCE,0x31,0x00,0x00,0x03,0x35,0xFA,0x00,0xCE,0x31,0x00,0x00,0x01,0x38,0xFA,0x00,0xCE,0x31,0x00,0x00,
  0x04,0x3B,0xFA,0x00,0xCE,0x31,0x00,0x00,0x02,0x44,0xFA,0x00,0xCE,0x31,0x00,0x00,0x00,0x50,0xFA,0x00,0xC8,0x32,0x00,0x00,
  0x00,0x32,0xFA,0x00,0xC8,0x32,0x00,0x00,0x03,0x35,0xFA,0x00,0xC8,0x32,0x00,0x00,0x01,0x38,0xFA,0x00,0xC8,0x32,0x00,0x00,
  0x04,0x3B,0xFA,0x00,0xC8,0x32,0x00,0x00,0x02,0x44,0x7D,0x00,0xC8,0x32,0x00,0x00,0x02,0x50,0x7D,0x00,0x45,0x33,0x00,0x00,
  0x02,0x44,0xFA,0x00,0x45,0x33,0x00,0x00,0x00,0x50,0xFA,0x00,0xC2,0x33,0x00,0x00,0x01,0x33,0xFA,0x00,0xC2,0x33,0x00,0x00,
  0x03,0x38,0xFA,0x00,0xC2,0x33,0x00,0x00,0x04,0x3C,0xFA,0x00,0x3F,0x34,0x00,0x00,0x00,0x4B,0x7D,0x00,0xBC,0x34,0x00,0x00,
  0x01,0x33,0xFA,0x00,0xBC,0x34,0x00,0x00,0x02,0x38,0xFA,0x00,0xBC,0x34,0x00,0x00,0x00,0x3C,0xFA,0x00,0xBC,0x34,0x00,0x00,
  0x03,0x44,0x7D,0x00,0xBC,0x34,0x00,0x00,0x04,0x4D,0x7D,0x00,0x39,0x35,0x00,0x00,0x03,0x48,0x7D,0x00,0xB6,0x35,0x00,0x00,
  0x01,0x33,0xFA,0x00,0xB6,0x35,0x00,0x00,0x02,0x38,0xFA,0x00,0xB6,0x35,0x00,0x00,0x00,0x3C,0xFA,0x00,0xB6,0x35,0x00,0x00,
  0x03,0x4B,0x7D,0x00,0x33,0x36,0x00,0x00,0x03,0x44,0xFA,0x00,0x33,0x36,0x00,0x00,0x04,0x4D,0xFA,0x00,0xB0,0x36,0x00,0x00,
  0x01,0x33,0xFA,0x00,0xB0,0x36,0x00,0x00,0x02,0x38,0xFA,0x00,0xB0,0x36,0x00,0x00,0x00,0x3C,0xFA,0x00,0x2D,0x37,0x00,0x00,
  0x04,0x40,0xFA,0x00,0x2D,0x37,0x00,0x00,0x03,0x44,0xFA,0x00,0xAA,0x37,0x00,0x00,0x02,0x34,0xFA,0x00,0xAA,0x37,0x00,0x00,
  0x01,0x38,0xFA,0x00,0xAA,0x37,0x00,0x00,0x00,0x3B,0xFA,0x00,0x27,0x38,0x00,0x00,0x03,0x46,0x7D,0x00,0xA4,0x38,0x00,0x00,
  0x02,0x34,0xFA,0x00,0xA4,0x38,0x00,0x00,0x01,0x38,0xFA,0x00,0xA4,0x38,0x00,0x00,0x04,0x3B,0xFA,0x00,0xA4,0x38,0x00,0x00,
  0x00,0x40,0x7D,0x00,0xA4,0x38,0x00,0x00,0x03,0x47,0x7D,0x00,0x21,0x39,0x00,0x00,0x03,0x44,0x7D,0x00,0x9E,0x39,0x00,0x00,
  0x01,0x33,0xFA,0x00,0x9E,0x39,0x00,0x00,0x02,0x38,0xFA,0x00,0x9E,0x39,0x00,0x00,0x00,0x3C,0xFA,0x00,0x9E,0x39,0x00,0x00,
  0x03,0x46,0x7D,0x00,0x1B,0x3A,0x00,0x00,0x03,0x3F,0xFA,0x00,0x1B,0x3A,0x00,0x00,0x04,0x48,0xFA,0x00,0x98,0x3A,0x00,0x00,
  0x01,0x33,0xFA,0x00,0x98,0x3A,0x00,0x00,0x02,0x38,0xFA,0x00,0x98,0x3A,0x00,0x00,0x00,0x3C,0xFA,0x00,0x15,0x3B,0x00,0x00,
  0x03,0x44,0x7D,0x00,0x92,0x3B,0x00,0x00,0x01,0x33,0xFA,0x00,0x92,0x3B,0x00,0x00,0x02,0x38,0xFA,0x00,0x92,0x3B,0x00,0x00,
  0x00,0x3C,0xFA,0x00,0x92,0x3B,0x00,0x00,0x03,0x3F,0x7D,0x00,0x92,0x3B,0x00,0x00,0x04,0x48,0x7D,0x00,0x0F,0x3C,0x00,0x00,
  0x03,0x44,0x7D,0x00,0x8C,0x3C,0x00,0x00,0x01,0x33,0xFA,0x00,0x8C,0x3C,0x00,0x00,0x00,0x37,0xFA,0x00,0x8C,0x3C,0x00,0x00,
  0x02,0x3D,0xFA,0x00,0x8C,0x3C,0x00,0x00,0x03,0x3F,0xFA,0x00,0x8C,0x3C,0x00,0x00,0x04,0x46,0xFA,0x00,0x86,0x3D,0x00,0x00,
  0x01,0x38,0xFA,0x00,0x86,0x3D,0x00,0x00,0x00,0x3C,0xFA,0x00,0x86,0x3D,0x00,0x00,0x03,0x3F,0xFA,0x00,0x86,0x3D,0x00,0x00,
  0x04,0x44,0xFA,0x00,0x80,0x3E,0x00,0x00,0x04,0x27,0xFA,0x00,0x80,0x3E,0x00,0x00,0x01,0x33,0xFA,0x00,0x7A,0x3F,0x00,0x00,
  0x04,0x2C,0xFA,0x00,0x7A,0x3F,0x00,0x00,0x01,0x38,0xFA,0x00,0xF7,0x3F,0x00,0x00,0x03,0x44,0x7D,0x00,0x74,0x40,0x00,0x00,
  0x01,0x33,0xFA,0x00,0x74,0x40,0x00,0x00,0x02,0x38,0xFA,0x00,0x74,0x40,0x00,0x00,0x00,0x3C,0xFA,0x00,0x74,0x40,0x00,0x00,
  0x03,0x3F,0x7D,0x00,0x74,0x40,0x00,0x00,0x04,0x4B,0x7D,0x00,0xF1,0x40,0x00,0x00,0x03,0x44,0x7D,0x00,0x6E,0x41,0x00,0x00,
  0x01,0x33,0xFA,0x00,0x6E,0x41,0x00,0x00,0x02,0x38,0xFA,0x00,0x6E,0x41,0x00,0x00,0x00,0x3C,0xFA,0x00,0x6E,0x41,0x00,0x00,
  0x03,0x48,0x7D,0x00,0xEB,0x41,0x00,0x00,0x03,0x3F,0xFA,0x00,0xEB,0x41,0x00,0x00,0x04,0x4B,0xFA,0x00,0x68,0x42,0x00,0x00,
  0x00,0x2D,0xFA,0x00,0x68,0x42,0x00,0x00,0x02,0x39,0xFA,0x00,0xE5,0x42,0x00,0x00,0x03,0x43,0x7D,0x00,0x62,0x43,0x00,0x00,
  0x01,0x2E,0xFA,0x00,0x62,0x43,0x00,0x00,0x03,0x3A,0xFA,0x00,0x62,0x43,0x00,0x00,0x04,0x3F,0x7D,0x00,0x62,0x43,0x00,0x00,
  0x00,0x4B,0x7D,0x00,0xDF,0x43,0x00,0x00,0x02,0x43,0x7D,0x00,0x5C,0x44,0x00,0x00,0x01,0x33,0xFA,0x00,0x5C,0x44,0x00,0x00,
  0x00,0x37,0xFA,0x00,0x5C,0x44,0x00,0x00,0x02,0x3D,0xFA,0x00,0x5C,0x44,0x00,0x00,0x03,0x46,0x7D,0x00,0xD9,0x44,0x00,0x00,
  0x03,0x3F,0x71,0x02,0xD9,0x44,0x00,0x00,0x04,0x4B,0x71,0x02,0x56,0x45,0x00,0x00,0x01,0x33,0xFA,0x00,0x56,0x45,0x00,0x00,
  0x00,0x37,0xFA,0x00,0x56,0x45,0x00,0x00,0x02,0x3D,0xFA,0x00,0x50,0x46,0x00,0x00,0x00,0x27,0xFA,0x00,0x50,0x46,0x00,0x00,
  0x01,0x33,0xFA,0x00,0x4A,0x47,0x00,0x00,0x04,0x2C,0xFA,0x00,0x4A,0x47,0x00,0x00,0x01,0x38,0xFA,0x00,0xC7,0x47,0x00,0x00,
  0x03,0x44,0x7D,0x00,0x44,0x48,0x00,0x00,0x01,0x33,0xFA,0x00,0x44,0x48,0x00,0x00,0x02,0x38,0xFA,0x00,0x44,0x48,0x00,0x00,
  0x00,0x3C,0xFA,0x00,0x44,0x48,0x00,0x00,0x03,0x3F,0x7D,0x00,0x44,0x48,0x00,0x00,0x04,0x4B,0x7D,0x00,0xC1,0x48,0x00,0x00,
  0x03,0x44,0x7D,0x00,0x3E,0x49,0x00,0x00,0x01,0x33,0xFA,0x00,0x3E,0x49,0x00,0x00,0x02,0x38,0xFA,0x00,0x3E,0x49,0x00,0x00,
  0x00,0x3C,0xFA,0x00,0x3E,0x49,0x00,0x00,0x03,0x48,0x7D,0x00,0xBB,0x49,0x00,0x00,0x03,0x3F,0xFA,0x00,0xBB,0x49,0x00,0x00,
  0x04,0x4B,0xFA,0x00,0x38,0x4A,0x00,0x00,0x00,0x2D,0xFA,0x00,0x38,0x4A,0x00,0x00,0x02,0x39,0xFA,0x00,0xB5,0x4A,0x00,0x00,
  0x03,0x43,0x7D,0x00,0x32,0x4B,0x00,0x00,0x01,0x2E,0xFA,0x00,0x32,0x4B,0x00,0x00,0x03,0x3A,0xFA,0x00,0x32,0x4B,0x00,0x00,
  0x04,0x3F,0x7D,0x00,0x32,0x4B,0x00,0x00,0x00,0x4B,0x7D,0x00,0xAF,0x4B,0x00,0x00,0x02,0x43,0x7D,0x00,0x2C,0x4C,0x00,0x00,
  0x01,0x33,0xFA,0x00,0x2C,0x4C,0x00,0x00,0x00,0x37,0xFA,0x00,0x2C,0x4C,0x00,0x00,0x02,0x3D,0xFA,0x00,0x2C,0x4C,0x00,0x00,
  0x03,0x46,0x7D,0x00,0xA9,0x4C,0x00,0x00,0x03,0x3F,0x77,0x01,0xA9,0x4C,0x00,0x00,0x04,0x4B,0x77,0x01,0x26,0x4D,0x00,0x00,
  0x01,0x33,0xFA,0x00,0x26,0x4D,0x00,0x00,0x00,0x37,0xFA,0x00,0x26,0x4D,0x00,0x00,0x02,0x3D,0xFA,0x00,0x20,0x4E,0x00,0x00,
  0x04,0x27,0xFA,0x00,0x20,0x4E,0x00,0x00,0x01,0x33,0xFA,0x00,0x9D,0x4E,0x00,0x00,0x03,0x3F,0x7D,0x00,0x9D,0x4E,0x00,0x00,
  0x00,0x4B,0x7D,0x00,0x1A,0x4F,0x00,0x00,0x00,0x28,0xF4,0x01,0x1A,0x4F,0x00,0x00,0x02,0x34,0xF4,0x01,0x97,0x4F,0x00,0x00,
  0x03,0x44,0x7D,0x00,0x14,0x50,0x00,0x00,0x01,0x47,0x7D,0x00,0x91,0x50,0x00,0x00,0x04,0x40,0x7D,0x00,0x91,0x50,0x00,0x00,
  0x01,0x4C,0x7D,0x00,0x0E,0x51,0x00,0x00,0x04,0x27,0xFA,0x00,0x0E,0x51,0x00,0x00,0x01,0x33,0xFA,0x00,0x8B,0x51,0x00,0x00,
  0x03,0x3F,0x7D,0x00,0x8B,0x51,0x00,0x00,0x00,0x4B,0x7D,0x00,0x08,0x52,0x00,0x00,0x04,0x27,0xFA,0x00,0x08,0x52,0x00,0x00,
  0x01,0x33,0xFA,0x00,0x85,0x52,0x00,0x00,0x03,0x3F,0x7D,0x00,0x85,0x52,0x00,0x00,0x00,0x4B,0x7D,0x00,0x02,0x53,0x00,0x00,
  0x00,0x28,0xF4,0x01,0x02,0x53,0x00,0x00,0x02,0x34,0xF4,0x01,0x7F,0x53,0x00,0x00,0x03,0x44,0x7D,0x00,0xFC,0x53,0x00,0x00,
  0x01,0x47,0x7D,0x00,0x79,0x54,0x00,0x00,0x04,0x40,0x7D,0x00,0x79,0x54,0x00,0x00,0x01,0x4C,0x7D,0x00,0xF6,0x54,0x00,0x00,
  0x04,0x27,0xFA,0x00,0xF6,0x54,0x00,0x00,0x01,0x33,0xFA,0x00,0x73,0x55,0x00,0x00,0x03,0x3F,0x7D,0x00,0x73,0x55,0x00,0x00,
  0x00,0x4B,0x7D,0x00,0xEA,0x56,0x00,0x00,0x02,0x20,0xFA,0x00,0x67,0x57,0x00,0x00,0x04,0x2C,0x7D,0x00,0xE4,0x57,0x00,0x00,
  0x02,0x2F,0x7D,0x00,0x61,0x58,0x00,0x00,0x01,0x38,0x7D,0x00,0xDE,0x58,0x00,0x00,0x04,0x2C,0xFA,0x00,0x5B,0x59,0x00,0x00,
  0x01,0x38,0x7D,0x00,0xD8,0x59,0x00,0x00,0x04,0x3B,0x7D,0x00,0x55,0x5A,0x00,0x00,0x03,0x44,0x7D,0x00,0xD2,0x5A,0x00,0x00,
  0x01,0x38,0xFA,0x00,0x4F,0x5B,0x00,0x00,0x03,0x44,0x7D,0x00,0xCC,0x5B,0x00,0x00,0x01,0x47,0x7D,0x00,0x49,0x5C,0x00,0x00,
  0x00,0x50,0x7D,0x00,0xC6,0x5C,0x00,0x00,0x03,0x44,0xFA,0x00,0x43,0x5D,0x00,0x00,0x00,0x50,0x7D,0x00,0xC0,0x5D,0x00,0x00,
  0x03,0x53,0x7D,0x00,0x3D,0x5E,0x00,0x00,0x02,0x5C,0x7D,0x00,0xBA,0x5E,0x00,0x00,0x02,0x3E,0xFA,0x00,0xBA,0x5E,0x00,0x00,
  0x00,0x41,0xFA,0x00,0xBA,0x5E,0x00,0x00,0x03,0x44,0xFA,0x00,0xBA,0x5E,0x00,0x00,0x01,0x47,0xFA,0x00,0xBA,0x5E,0x00,0x00,
  0x04,0x50,0xFA,0x00,0xBA,0x5E,0x00,0x00,0x02,0x5C,0xFA,0x00,0xB4,0x5F,0x00,0x00,0x02,0x3E,0xFA,0x00,0xB4,0x5F,0x00,0x00,
  0x00,0x41,0xFA,0x00,0xB4,0x5F,0x00,0x00,0x03,0x44,0xFA,0x00,0xB4,0x5F,0x00,0x00,0x01,0x47,0xFA,0x00,0xB4,0x5F,0x00,0x00,
  0x04,0x50,0xFA,0x00,0xB4,0x5F,0x00,0x00,0x02,0x5C,0xFA,0x00,0xAE,0x60,0x00,0x00,0x02,0x3E,0xFA,0x00,0xAE,0x60,0x00,0x00,
  0x00,0x41,0xFA,0x00,0xAE,0x60,0x00,0x00,0x03,0x44,0xFA,0x00,0xAE,0x60,0x00,0x00,0x01,0x47,0xFA,0x00,0xAE,0x60,0x00,0x00,
  0x04,0x50,0xFA,0x00,0xAE,0x60,0x00,0x00,0x02,0x5C,0xFA,0x00,0xA8,0x61,0x00,0x00,0x02,0x3E,0xFA,0x00,0xA8,0x61,0x00,0x00,
  0x00,0x41,0xFA,0x00,0xA8,0x61,0x00,0x00,0x03,0x44,0xFA,0x00,0xA8,0x61,0x00,0x00,0x01,0x47,0xFA,0x00,0xA8,0x61,0x00,0x00,
  0x04,0x50,0x7D,0x00,0xA8,0x61,0x00,0x00,0x04,0x5C,0x7D,0x00,0x25,0x62,0x00,0x00,0x04,0x50,0xFA,0x00,0x25,0x62,0x00,0x00,
  0x02,0x5C,0xFA,0x00,0xA2,0x62,0x00,0x00,0x03,0x3F,0xFA,0x00,0xA2,0x62,0x00,0x00,0x00,0x44,0xFA,0x00,0xA2,0x62,0x00,0x00,
  0x01,0x48,0xFA,0x00,0x1F,0x63,0x00,0x00,0x02,0x57,0x7D,0x00,0x9C,0x63,0x00,0x00,0x03,0x3F,0xFA,0x00,0x9C,0x63,0x00,0x00,
  0x04,0x44,0xFA,0x00,0x9C,0x63,0x00,0x00,0x02,0x48,0xFA,0x00,0x9C,0x63,0x00,0x00,0x00,0x59,0x7D,0x00,0x19,0x64,0x00,0x00,
  0x00,0x54,0x7D,0x00,0x96,0x64,0x00,0x00,0x03,0x3F,0xFA,0x00,0x96,0x64,0x00,0x00,0x04,0x44,0xFA,0x00,0x96,0x64,0x00,0x00,
  0x02,0x48,0xFA,0x00,0x96,0x64,0x00,0x00,0x00,0x57,0x7D,0x00,0x13,0x65,0x00,0x00,0x00,0x50,0xFA,0x00,0x13,0x65,0x00,0x00,
  0x01,0x59,0xFA,0x00,0x90,0x65,0x00,0x00,0x03,0x3F,0xFA,0x00,0x90,0x65,0x00,0x00,0x04,0x44,0xFA,0x00,0x90,0x65,0x00,0x00,
  0x02,0x48,0xFA,0x00,0x0D,0x66,0x00,0x00,0x01,0x4C,0xFA,0x00,0x0D,0x66,0x00,0x00,0x00,0x50,0xFA,0x00,0x8A,0x66,0x00,0x00,
  0x04,0x40,0xFA,0x00,0x8A,0x66,0x00,0x00,0x03,0x44,0xFA,0x00,0x8A,0x66,0x00,0x00,0x02,0x47,0xFA,0x00,0x07,0x67,0x00,0x00,
  0x00,0x52,0x7D,0x00,0x84,0x67,0x00,0x00,0x04,0x40,0xFA,0x00,0x84,0x67,0x00,0x00,0x03,0x44,0xFA,0x00,0x84,0x67,0x00,0x00,
  0x01,0x47,0xFA,0x00,0x84,0x67,0x00,0x00,0x02,0x4C,0x7D,0x00,0x84,0x67,0x00,0x00,0x00,0x53,0x7D,0x00,0x01,0x68,0x00,0x00,
  0x00,0x50,0x7D,0x00,0x7E,0x68,0x00,0x00,0x03,0x3F,0xFA,0x00,0x7E,0x68,0x00,0x00,0x04,0x44,0xFA,0x00,0x7E,0x68,0x00,0x00,
  0x02,0x48,0xFA,0x00,0x7E,0x68,0x00,0x00,0x00,0x52,0x7D,0x00,0xFB,0x68,0x00,0x00,0x00,0x4B,0xFA,0x00,0xFB,0x68,0x00,0x00,
  0x01,0x54,0xFA,0x00,0x78,0x69,0x00,0x00,0x03,0x3F,0xFA,0x00,0x78,0x69,0x00,0x00,0x04,0x44,0xFA,0x00,0x78,0x69,0x00,0x00,
  0x02,0x48,0xFA,0x00,0xF5,0x69,0x00,0x00,0x00,0x50,0x7D,0x00,0x72,0x6A,0x00,0x00,0x03,0x3F,0xFA,0x00,0x72,0x6A,0x00,0x00,
  0x04,0x44,0xFA,0x00,0x72,0x6A,0x00,0x00,0x02,0x48,0xFA,0x00,0x72,0x6A,0x00,0x00,0x00,0x4B,0x7D,0x00,0x72,0x6A,0x00,0x00,
  0x01,0x54,0x7D,0x00,0xEF,0x6A,0x00,0x00,0x00,0x50,0x7D,0x00,0x6C,0x6B,0x00,0x00,0x03,0x3F,0xFA,0x00,0x6C,0x6B,0x00,0x00,
  0x02,0x43,0xFA,0x00,0x6C,0x6B,0x00,0x00,0x04,0x49,0xFA,0x00,0x6C,0x6B,0x00,0x00,0x00,0x4B,0xFA,0x00,0x6C,0x6B,0x00,0x00,
  0x01,0x52,0xFA,0x00,0x66,0x6C,0x00,0x00,0x03,0x44,0xFA,0x00,0x66,0x6C,0x00,0x00,0x02,0x48,0xFA,0x00,0x66,0x6C,0x00,0x00,
  0x00,0x4B,0xFA,0x00,0x66,0x6C,0x00,0x00,0x01,0x50,0xFA,0x00,0xDD,0x6D,0x00,0x00,0x03,0x44,0x77,0x01,0xDD,0x6D,0x00,0x00,
  0x00,0x50,0x77,0x01,0x5A,0x6E,0x00,0x00,0x01,0x32,0xFA,0x00,0x5A,0x6E,0x00,0x00,0x04,0x35,0xFA,0x00,0x5A,0x6E,0x00,0x00,
  0x02,0x38,0xFA,0x00,0x5A,0x6E,0x00,0x00,0x03,0x3B,0xFA,0x00,0x54,0x6F,0x00,0x00,0x00,0x32,0xFA,0x00,0x54,0x6F,0x00,0x00,
  0x03,0x35,0xFA,0x00,0x54,0x6F,0x00,0x00,0x01,0x38,0xFA,0x00,0x54,0x6F,0x00,0x00,0x04,0x3B,0xFA,0x00,0x54,0x6F,0x00,0x00,
  0x02,0x44,0xFA,0x00,0x54,0x6F,0x00,0x00,0x00,0x50,0xFA,0x00,0x4E,0x70,0x00,0x00,0x00,0x32,0xFA,0x00,0x4E,0x70,0x00,0x00,
  0x03,0x35,0xFA,0x00,0x4E,0x70,0x00,0x00,0x01,0x38,0xFA,0x00,0x4E,0x70,0x00,0x00,0x04,0x3B,0xFA,0x00,0x4E,0x70,0x00,0x00,
  0x02,0x44,0xFA,0x00,0x4E,0x70,0x00,0x00,0x00,0x50,0xFA,0x00,0x48,0x71,0x00,0x00,0x00,0x32,0xFA,0x00,0x48,0x71,0x00,0x00,
  0x03,0x35,0xFA,0x00,0x48,0x71,0x00,0x00,0x01,0x38,0xFA,0x00,0x48,0x71,0x00,0x00,0x04,0x3B,0xFA,0x00,0x48,0x71,0x00,0x00,
  0x02,0x44,0x7D,0x00,0x48,0x71,0x00,0x00,0x02,0x50,0x7D,0x00,0xC5,0x71,0x00,0x00,0x02,0x44,0xFA,0x00,0xC5,0x71,0x00,0x00,
  0x00,0x50,0xFA,0x00,0x42,0x72,0x00,0x00,0x01,0x33,0xFA,0x00,0x42,0x72,0x00,0x00,0x03,0x38,0xFA,0x00,0x42,0x72,0x00,0x00,
  0x04,0x3C,0xFA,0x00,0xBF,0x72,0x00,0x00,0x00,0x4B,0x7D,0x00,0x3C,0x73,0x00,0x00,0x01,0x33,0xFA,0x00,0x3C,0x73,0x00,0x00,
  0x02,0x38,0xFA,0x00,0x3C,0x73,0x00,0x00,0x00,0x3C,0xFA,0x00,0x3C,0x73,0x00,0x00,0x03,0x44,0x7D,0x00,0x3C,0x73,0x00,0x00,
  0x04,0x4D,0x7D,0x00,0xB9,0x73,0x00,0x00,0x03,0x48,0x7D,0x00,0x36,0x74,0x00,0x00,0x01,0x33,0xFA,0x00,0x36,0x74,0x00,0x00,
  0x02,0x38,0xFA,0x00,0x36,0x74,0x00,0x00,0x00,0x3C,0xFA,0x00,0x36,0x74,0x00,0x00,0x03,0x4B,0x7D,0x00,0xB3,0x74,0x00,0x00,
  0x03,0x44,0xFA,0x00,0xB3,0x74,0x00,0x00,0x04,0x4D,0xFA,0x00,0x30,0x75,0x00,0x00,0x01,0x33,0xFA,0x00,0x30,0x75,0x00,0x00,
  0x02,0x38,0xFA,0x00,0x30,0x75,0x00,0x00,0x00,0x3C,0xFA,0x00,0xAD,0x75,0x00,0x00,0x04,0x40,0xFA,0x00,0xAD,0x75,0x00,0x00,
  0x03,0x44,0xFA,0x00,0x2A,0x76,0x00,0x00,0x02,0x34,0xFA,0x00,0x2A,0x76,0x00,0x00,0x01,0x38,0xFA,0x00,0x2A,0x76,0x00,0x00,
  0x00,0x3B,0xFA,0x00,0xA7,0x76,0x00,0x00,0x03,0x46,0x7D,0x00,0x24,0x77,0x00,0x00,0x02,0x34,0xFA,0x00,0x24,0x77,0x00,0x00,
  0x01,0x38,0xFA,0x00,0x24,0x77,0x00,0x00,0x04,0x3B,0xFA,0x00,0x24,0x77,0x00,0x00,0x00,0x40,0x7D,0x00,0x24,0x77,0x00,0x00,
  0x03,0x47,0x7D,0x00,0xA1,0x77,0x00,0x00,0x03,0x44,0x7D,0x00,0x1E,0x78,0x00,0x00,0x01,0x33,0xFA,0x00,0x1E,0x78,0x00,0x00,
  0x02,0x38,0xFA,0x00,0x1E,0x78,0x00,0x00,0x00,0x3C,0xFA,0x00,0x1E,0x78,0x00,0x00,0x03,0x46,0x7D,0x00,0x9B,0x78,0x00,0x00,
  0x03,0x3F,0xFA,0x00,0x9B,0x78,0x00,0x00,0x04,0x48,0xFA,0x00,0x18,0x79,0x00,0x00,0x01,0x33,0xFA,0x00,0x18,0x79,0x00,0x00,
  0x02,0x38,0xFA,0x00,0x18,0x79,0x00,0x00,0x00,0x3C,0xFA,0x00,0x95,0x79,0x00,0x00,0x03,0x44,0x7D,0x00,0x12,0x7A,0x00,0x00,
  0x01,0x33,0xFA,0x00,0x12,0x7A,0x00,0x00,0x02,0x38,0xFA,0x00,0x12,0x7A,0x00,0x00,0x00,0x3C,0xFA,0x00,0x12,0x7A,0x00,0x00,
  0x03,0x3F,0x7D,0x00,0x12,0x7A,0x00,0x00,0x04,0x48,0x7D,0x00,0x8F,0x7A,0x00,0x00,0x03,0x44,0x7D,0x00,0x0C,0x7B,0x00,0x00,
  0x01,0x33,0xFA,0x00,0x0C,0x7B,0x00,0x00,0x00,0x37,0xFA,0x00,0x0C,0x7B,0x00,0x00,0x02,0x3D,0xFA,0x00,0x0C,0x7B,0x00,0x00,
  0x03,0x3F,0xFA,0x00,0x0C,0x7B,0x00,0x00,0x04,0x46,0xFA,0x00,0x06,0x7C,0x00,0x00,0x01,0x38,0xFA,0x00,0x06,0x7C,0x00,0x00,
  0x00,0x3C,0xFA,0x00,0x06,0x7C,0x00,0x00,0x03,0x3F,0xFA,0x00,0x06,0x7C,0x00,0x00,0x04,0x44,0xFA,0x00,0x00,0x7D,0x00,0x00,
  0x00,0x2D,0xFA,0x00,0x00,0x7D,0x00,0x00,0x02,0x39,0xFA,0x00,0xFA,0x7D,0x00,0x00,0x01,0x2E,0xFA,0x00,0xFA,0x7D,0x00,0x00,
  0x03,0x3A,0xFA,0x00,0x77,0x7E,0x00,0x00,0x04,0x4F,0x7D,0x00,0xF4,0x7E,0x00,0x00,0x01,0x33,0xFA,0x00,0xF4,0x7E,0x00,0x00,
  0x00,0x37,0xFA,0x00,0xF4,0x7E,0x00,0x00,0x02,0x3D,0xFA,0x00,0xF4,0x7E,0x00,0x00,0x03,0x4B,0x7D,0x00,0xF4,0x7E,0x00,0x00,
  0x04,0x57,0x7D,0x00,0x71,0x7F,0x00,0x00,0x04,0x4F,0x7D,0x00,0xEE,0x7F,0x00,0x00,0x04,0x27,0xFA,0x00,0xEE,0x7F,0x00,0x00,
  0x01,0x33,0xFA,0x00,0xEE,0x7F,0x00,0x00,0x02,0x52,0x7D,0x00,0x6B,0x80,0x00,0x00,0x00,0x4A,0xFA,0x00,0x6B,0x80,0x00,0x00,
  0x02,0x56,0xFA,0x00,0xE8,0x80,0x00,0x00,0x01,0x33,0xFA,0x00,0xE8,0x80,0x00,0x00,0x03,0x37,0xFA,0x00,0xE8,0x80,0x00,0x00,
  0x04,0x3D,0xFA,0x00,0x65,0x81,0x00,0x00,0x00,0x4F,0x7D,0x00,0xE2,0x81,0x00,0x00,0x01,0x2E,0xFA,0x00,0xE2,0x81,0x00,0x00,
  0x03,0x3A,0xFA,0x00,0xE2,0x81,0x00,0x00,0x04,0x49,0x7D,0x00,0xE2,0x81,0x00,0x00,0x00,0x55,0x7D,0x00,0x5F,0x82,0x00,0x00,
  0x04,0x4F,0x7D,0x00,0xDC,0x82,0x00,0x00,0x01,0x33,0xFA,0x00,0xDC,0x82,0x00,0x00,0x00,0x37,0xFA,0x00,0xDC,0x82,0x00,0x00,
  0x02,0x3D,0xFA,0x00,0xDC,0x82,0x00,0x00,0x03,0x52,0x7D,0x00,0x59,0x83,0x00,0x00,0x03,0x48,0xFA,0x00,0x59,0x83,0x00,0x00,
  0x04,0x54,0xFA,0x00,0xD6,0x83,0x00,0x00,0x00,0x27,0xFA,0x00,0xD6,0x83,0x00,0x00,0x01,0x33,0xFA,0x00,0x53,0x84,0x00,0x00,
  0x02,0x4B,0x7D,0x00,0xD0,0x84,0x00,0x00,0x03,0x2B,0xFA,0x00,0xD0,0x84,0x00,0x00,0x00,0x37,0xFA,0x00,0xD0,0x84,0x00,0x00,
  0x01,0x46,0x7D,0x00,0xD0,0x84,0x00,0x00,0x02,0x52,0x7D,0x00,0x4D,0x85,0x00,0x00,0x01,0x4B,0x7D,0x00,0xCA,0x85,0x00,0x00,
  0x04,0x2C,0xFA,0x00,0xCA,0x85,0x00,0x00,0x01,0x38,0xFA,0x00,0x47,0x86,0x00,0x00,0x02,0x48,0x7D,0x00,0xC4,0x86,0x00,0x00,
  0x01,0x33,0xFA,0x00,0xC4,0x86,0x00,0x00,0x02,0x38,0xFA,0x00,0xC4,0x86,0x00,0x00,0x00,0x3C,0xFA,0x00,0xC4,0x86,0x00,0x00,
  0x03,0x44,0x7D,0x00,0xC4,0x86,0x00,0x00,0x04,0x50,0x7D,0x00,0x41,0x87,0x00,0x00,0x03,0x48,0x7D,0x00,0xBE,0x87,0x00,0x00,
  0x04,0x27,0xFA,0x00,0xBE,0x87,0x00,0x00,0x01,0x33,0xFA,0x00,0xBE,0x87,0x00,0x00,0x00,0x4B,0x7D,0x00,0x3B,0x88,0x00,0x00,
  0x00,0x41,0xFA,0x00,0x3B,0x88,0x00,0x00,0x02,0x4D,0xFA,0x00,0xB8,0x88,0x00,0x00,0x01,0x33,0xFA,0x00,0xB8,0x88,0x00,0x00,
  0x03,0x38,0xFA,0x00,0xB8,0x88,0x00,0x00,0x04,0x3C,0xFA,0x00,0x35,0x89,0x00,0x00,0x02,0x48,0x7D,0x00,0xB2,0x89,0x00,0x00,
  0x04,0x2C,0xFA,0x00,0xB2,0x89,0x00,0x00,0x01,0x38,0xFA,0x00,0xB2,0x89,0x00,0x00,0x03,0x44,0x7D,0x00,0xB2,0x89,0x00,0x00,
  0x00,0x50,0x7D,0x00,0x2F,0x8A,0x00,0x00,0x02,0x48,0x7D,0x00,0xAC,0x8A,0x00,0x00,0x01,0x33,0xFA,0x00,0xAC,0x8A,0x00,0x00,
  0x02,0x38,0xFA,0x00,0xAC,0x8A,0x00,0x00,0x00,0x3C,0xFA,0x00,0xAC,0x8A,0x00,0x00,0x03,0x4B,0x7D,0x00,0x29,0x8B,0x00,0x00,
  0x03,0x41,0xFA,0x00,0x29,0x8B,0x00,0x00,0x04,0x4D,0xFA,0x00,0xA6,0x8B,0x00,0x00,0x00,0x2C,0xFA,0x00,0xA6,0x8B,0x00,0x00,
  0x01,0x38,0xFA,0x00,0x23,0x8C,0x00,0x00,0x02,0x48,0x7D,0x00,0xA0,0x8C,0x00,0x00,0x00,0x2D,0xFA,0x00,0xA0,0x8C,0x00,0x00,
  0x02,0x39,0xFA,0x00,0xA0,0x8C,0x00,0x00,0x01,0x41,0xFA,0x00,0xA0,0x8C,0x00,0x00,0x03,0x4D,0xFA,0x00,0x9A,0x8D,0x00,0x00,
  0x01,0x2E,0xFA,0x00,0x9A,0x8D,0x00,0x00,0x03,0x3A,0xFA,0x00,0x17,0x8E,0x00,0x00,0x00,0x4B,0x7D,0x00,0x94,0x8E,0x00,0x00,
  0x01,0x33,0xFA,0x00,0x94,0x8E,0x00,0x00,0x00,0x37,0xFA,0x00,0x94,0x8E,0x00,0x00,0x02,0x3D,0xFA,0x00,0x94,0x8E,0x00,0x00,
  0x03,0x43,0x7D,0x00,0x94,0x8E,0x00,0x00,0x04,0x4F,0x7D,0x00,0x11,0x8F,0x00,0x00,0x03,0x46,0x7D,0x00,0x8E,0x8F,0x00,0x00,
  0x04,0x27,0xFA,0x00,0x8E,0x8F,0x00,0x00,0x01,0x33,0xFA,0x00,0x8E,0x8F,0x00,0x00,0x03,0x49,0x7D,0x00,0x0B,0x90,0x00,0x00,
  0x00,0x41,0xFA,0x00,0x0B,0x90,0x00,0x00,0x02,0x4D,0xFA,0x00,0x88,0x90,0x00,0x00,0x01,0x33,0xFA,0x00,0x88,0x90,0x00,0x00,
  0x03,0x37,0xFA,0x00,0x88,0x90,0x00,0x00,0x04,0x3D,0xFA,0x00,0x05,0x91,0x00,0x00,0x00,0x4B,0x7D,0x00,0x82,0x91,0x00,0x00,
  0x01,0x2E,0xFA,0x00,0x82,0x91,0x00,0x00,0x03,0x3A,0xFA,0x00,0x82,0x91,0x00,0x00,0x02,0x43,0x7D,0x00,0x82,0x91,0x00,0x00,
  0x04,0x4F,0x7D,0x00,0xFF,0x91,0x00,0x00,0x00,0x46,0x7D,0x00,0x7C,0x92,0x00,0x00,0x01,0x33,0xFA,0x00,0x7C,0x92,0x00,0x00,
  0x00,0x37,0xFA,0x00,0x7C,0x92,0x00,0x00,0x02,0x3D,0xFA,0x00,0x7C,0x92,0x00,0x00,0x03,0x49,0x7D,0x00,0xF9,0x92,0x00,0x00,
  0x03,0x41,0xFA,0x00,0xF9,0x92,0x00,0x00,0x04,0x4D,0xFA,0x00,0x76,0x93,0x00,0x00,0x01,0x2E,0xFA,0x00,0x76,0x93,0x00,0x00,
  0x00,0x3A,0xFA,0x00,0xF3,0x93,0x00,0x00,0x03,0x49,0x7D,0x00,0x70,0x94,0x00,0x00,0x02,0x2F,0xFA,0x00,0x70,0x94,0x00,0x00,
  0x04,0x3B,0xFA,0x00,0x70,0x94,0x00,0x00,0x00,0x41,0xFA,0x00,0x70,0x94,0x00,0x00,0x03,0x4D,0xFA,0x00,0x6A,0x95,0x00,0x00,
  0x03,0x30,0xFA,0x00,0x6A,0x95,0x00,0x00,0x00,0x3C,0xFA,0x00,0xE7,0x95,0x00,0x00,0x02,0x48,0x7D,0x00,0x64,0x96,0x00,0x00,
  0x01,0x33,0xFA,0x00,0x64,0x96,0x00,0x00,0x02,0x38,0xFA,0x00,0x64,0x96,0x00,0x00,0x00,0x3C,0xFA,0x00,0x64,0x96,0x00,0x00,
  0x03,0x44,0x7D,0x00,0x64,0x96,0x00,0x00,0x04,0x50,0x7D,0x00,0xE1,0x96,0x00,0x00,0x03,0x48,0x7D,0x00,0x5E,0x97,0x00,0x00,
  0x04,0x27,0xFA,0x00,0x5E,0x97,0x00,0x00,0x01,0x33,0xFA,0x00,0x5E,0x97,0x00,0x00,0x00,0x4B,0x7D,0x00,0xDB,0x97,0x00,0x00,
  0x00,0x41,0xFA,0x00,0xDB,0x97,0x00,0x00,0x02,0x4D,0xFA,0x00,0x58,0x98,0x00,0x00,0x01,0x33,0xFA,0x00,0x58,0x98,0x00,0x00,
  0x03,0x38,0xFA,0x00,0x58,0x98,0x00,0x00,0x04,0x3C,0xFA,0x00,0xD5,0x98,0x00,0x00,0x02,0x48,0x7D,0x00,0x52,0x99,0x00,0x00,
  0x04,0x2C,0xFA,0x00,0x52,0x99,0x00,0x00,0x01,0x38,0xFA,0x00,0x52,0x99,0x00,0x00,0x03,0x44,0x7D,0x00,0x52,0x99,0x00,0x00,
  0x00,0x50,0x7D,0x00,0xCF,0x99,0x00,0x00,0x02,0x48,0x7D,0x00,0x4C,0x9A,0x00,0x00,0x01,0x33,0xFA,0x00,0x4C,0x9A,0x00,0x00,
  0x02,0x38,0xFA,0x00,0x4C,0x9A,0x00,0x00,0x00,0x3C,0xFA,0x00,0x4C,0x9A,0x00,0x00,0x03,0x4B,0x7D,0x00,0xC9,0x9A,0x00,0x00,
  0x03,0x41,0xFA,0x00,0xC9,0x9A,0x00,0x00,0x04,0x4D,0xFA,0x00,0x46,0x9B,0x00,0x00,0x00,0x2C,0xFA,0x00,0x46,0x9B,0x00,0x00,
  0x01,0x38,0xFA,0x00,0xC3,0x9B,0x00,0x00,0x02,0x48,0x7D,0x00,0x40,0x9C,0x00,0x00,0x00,0x2D,0xFA,0x00,0x40,0x9C,0x00,0x00,
  0x02,0x39,0xFA,0x00,0x40,0x9C,0x00,0x00,0x01,0x41,0xFA,0x00,0x40,0x9C,0x00,0x00,0x03,0x4D,0xFA,0x00,0x3A,0x9D,0x00,0x00,
  0x01,0x2E,0xFA,0x00,0x3A,0x9D,0x00,0x00,0x03,0x3A,0xFA,0x00,0xB7,0x9D,0x00,0x00,0x04,0x4F,0x7D,0x00,0x34,0x9E,0x00,0x00,
  0x01,0x33,0xFA,0x00,0x34,0x9E,0x00,0x00,0x00,0x37,0xFA,0x00,0x34,0x9E,0x00,0x00,0x02,0x3D,0xFA,0x00,0x34,0x9E,0x00,0x00,
  0x03,0x4B,0x7D,0x00,0x34,0x9E,0x00,0x00,0x04,0x57,0x7D,0x00,0xB1,0x9E,0x00,0x00,0x04,0x4F,0x7D,0x00,0x2E,0x9F,0x00,0x00,
  0x04,0x27,0xFA,0x00,0x2E,0x9F,0x00,0x00,0x01,0x33,0xFA,0x00,0x2E,0x9F,0x00,0x00,0x02,0x52,0x7D,0x00,0xAB,0x9F,0x00,0x00,
  0x00,0x4A,0xFA,0x00,0xAB,0x9F,0x00,0x00,0x02,0x56,0xFA,0x00,0x28,0xA0,0x00,0x00,0x01,0x33,0xFA,0x00,0x28,0xA0,0x00,0x00,
  0x03,0x37,0xFA,0x00,0x28,0xA0,0x00,0x00,0x04,0x3D,0xFA,0x00,0xA5,0xA0,0x00,0x00,0x00,0x4F,0x7D,0x00,0x22,0xA1,0x00,0x00,
  0x01,0x2E,0xFA,0x00,0x22,0xA1,0x00,0x00,0x03,0x3A,0xFA,0x00,0x22,0xA1,0x00,0x00,0x04,0x49,0x7D,0x00,0x22,0xA1,0x00,0x00,
  0x00,0x55,0x7D,0x00,0x9F,0xA1,0x00,0x00,0x04,0x4F,0x7D,0x00,0x1C,0xA2,0x00,0x00,0x01,0x33,0xFA,0x00,0x1C,0xA2,0x00,0x00,
  0x00,0x37,0xFA,0x00,0x1C,0xA2,0x00,0x00,0x02,0x3D,0xFA,0x00,0x1C,0xA2,0x00,0x00,0x03,0x52,0x7D,0x00,0x99,0xA2,0x00,0x00,
  0x03,0x48,0xFA,0x00,0x99,0xA2,0x00,0x00,0x04,0x54,0xFA,0x00,0x16,0xA3,0x00,0x00,0x00,0x27,0xFA,0x00,0x16,0xA3,0x00,0x00,
  0x01,0x33,0xFA,0x00,0x93,0xA3,0x00,0x00,0x02,0x4B,0x7D,0x00,0x10,0xA4,0x00,0x00,0x03,0x2B,0xFA,0x00,0x10,0xA4,0x00,0x00,
  0x00,0x37,0xFA,0x00,0x10,0xA4,0x00,0x00,0x01,0x46,0x7D,0x00,0x10,0xA4,0x00,0x00,0x02,0x52,0x7D,0x00,0x8D,0xA4,0x00,0x00,
  0x01,0x4B,0x7D,0x00,0x0A,0xA5,0x00,0x00,0x04,0x2C,0xFA,0x00,0x0A,0xA5,0x00,0x00,0x01,0x38,0xFA,0x00,0x87,0xA5,0x00,0x00,
  0x02,0x48,0x7D,0x00,0x04,0xA6,0x00,0x00,0x01,0x33,0xFA,0x00,0x04,0xA6,0x00,0x00,0x02,0x38,0xFA,0x00,0x04,0xA6,0x00,0x00,
  0x00,0x3C,0xFA,0x00,0x04,0xA6,0x00,0x00,0x03,0x44,0x7D,0x00,0x04,0xA6,0x00,0x00,0x04,0x50,0x7D,0x00,0x81,0xA6,0x00,0x00,
  0x03,0x48,0x7D,0x00,0xFE,0xA6,0x00,0x00,0x04,0x27,0xFA,0x00,0xFE,0xA6,0x00,0x00,0x01,0x33,0xFA,0x00,0xFE,0xA6,0x00,0x00,
  0x00,0x4B,0x7D,0x00,0x7B,0xA7,0x00,0x00,0x00,0x41,0xFA,0x00,0x7B,0xA7,0x00,0x00,0x02,0x4D,0xFA,0x00,0xF8,0xA7,0x00,0x00,
  0x01,0x33,0xFA,0x00,0xF8,0xA7,0x00,0x00,0x03,0x38,0xFA,0x00,0xF8,0xA7,0x00,0x00,0x04,0x3C,0xFA,0x00,0x75,0xA8,0x00,0x00,
  0x02,0x48,0x7D,0x00,0xF2,0xA8,0x00,0x00,0x04,0x2C,0xFA,0x00,0xF2,0xA8,0x00,0x00,0x01,0x38,0xFA,0x00,0xF2,0xA8,0x00,0x00,
  0x03,0x44,0xFA,0x00,0xF2,0xA8,0x00,0x00,0x00,0x50,0xFA,0x00,0xEC,0xA9,0x00,0x00,0x04,0x2C,0xFA,0x00,0xEC,0xA9,0x00,0x00,
  0x01,0x38,0xFA,0x00,0xEC,0xA9,0x00,0x00,0x03,0x44,0xFA,0x00,0xEC,0xA9,0x00,0x00,0x00,0x50,0xFA,0x00,0xE6,0xAA,0x00,0x00,
  0x03,0x2B,0xFA,0x00,0xE6,0xAA,0x00,0x00,0x00,0x37,0xFA,0x00,0xE6,0xAA,0x00,0x00,0x02,0x43,0xFA,0x00,0xE6,0xAA,0x00,0x00,
  0x04,0x4F,0xFA,0x00,0xE0,0xAB,0x00,0x00,0x02,0x2A,0xFA,0x00,0xE0,0xAB,0x00,0x00,0x04,0x36,0xFA,0x00,0xE0,0xAB,0x00,0x00,
  0x01,0x42,0xFA,0x00,0xE0,0xAB,0x00,0x00,0x03,0x4E,0xFA,0x00,0xDA,0xAC,0x00,0x00,0x01,0x29,0xFA,0x00,0xDA,0xAC,0x00,0x00,
  0x03,0x35,0xFA,0x00,0x57,0xAD,0x00,0x00,0x00,0x41,0x7D,0x00,0xD4,0xAD,0x00,0x00,0x01,0x29,0xFA,0x00,0xD4,0xAD,0x00,0x00,
  0x03,0x35,0xFA,0x00,0xD4,0xAD,0x00,0x00,0x04,0x45,0x7D,0x00,0x51,0xAE,0x00,0x00,0x02,0x48,0x7D,0x00,0xCE,0xAE,0x00,0x00,
  0x00,0x2D,0xFA,0x00,0xCE,0xAE,0x00,0x00,0x02,0x39,0xFA,0x00,0xCE,0xAE,0x00,0x00,0x03,0x4D,0x7D,0x00,0x4B,0xAF,0x00,0x00,
  0x03,0x48,0x7D,0x00,0xC8,0xAF,0x00,0x00,0x00,0x2D,0xFA,0x00,0xC8,0xAF,0x00,0x00,0x02,0x39,0xFA,0x00,0xC8,0xAF,0x00,0x00,
  0x04,0x45,0x7D,0x00,0x45,0xB0,0x00,0x00,0x01,0x41,0x7D,0x00,0xC2,0xB0,0x00,0x00,0x01,0x2E,0xFA,0x00,0xC2,0xB0,0x00,0x00,
  0x03,0x3A,0xFA,0x00,0x3F,0xB1,0x00,0x00,0x00,0x41,0x7D,0x00,0xBC,0xB1,0x00,0x00,0x03,0x35,0xFA,0x00,0xBC,0xB1,0x00,0x00,
  0x04,0x3A,0xFA,0x00,0xBC,0xB1,0x00,0x00,0x01,0x3D,0xFA,0x00,0xBC,0xB1,0x00,0x00,0x00,0x46,0x7D,0x00,0x39,0xB2,0x00,0x00,
  0x00,0x49,0x7D,0x00,0xB6,0xB2,0x00,0x00,0x03,0x35,0xFA,0x00,0xB6,0xB2,0x00,0x00,0x04,0x3A,0xFA,0x00,0xB6,0xB2,0x00,0x00,
  0x01,0x3D,0xFA,0x00,0xB6,0xB2,0x00,0x00,0x00,0x41,0xFA,0x00,0xB6,0xB2,0x00,0x00,0x02,0x4D,0xFA,0x00,0xB0,0xB3,0x00,0x00,
  0x03,0x35,0xFA,0x00,0xB0,0xB3,0x00,0x00,0x04,0x3A,0xFA,0x00,0xB0,0xB3,0x00,0x00,0x01,0x3D,0xFA,0x00,0xB0,0xB3,0x00,0x00,
  0x00,0x41,0xFA,0x00,0xB0,0xB3,0x00,0x00,0x02,0x46,0xFA,0x00,0xB0,0xB3,0x00,0x00,0x03,0x49,0xFA,0x00,0xAA,0xB4,0x00,0x00,
  0x01,0x2E,0xFA,0x00,0xAA,0xB4,0x00,0x00,0x03,0x35,0xFA,0x00,0xAA,0xB4,0x00,0x00,0x04,0x3A,0xFA,0x00,0xAA,0xB4,0x00,0x00,
  0x02,0x3E,0xFA,0x00,0xAA,0xB4,0x00,0x00,0x00,0x41,0xFA,0x00,0xAA,0xB4,0x00,0x00,0x01,0x44,0xFA,0x00,0xAA,0xB4,0x00,0x00,
  0x01,0x48,0xFA,0x00,0xA4,0xB5,0x00,0x00,0x01,0x2E,0xFA,0x00,0xA4,0xB5,0x00,0x00,0x03,0x35,0xFA,0x00,0xA4,0xB5,0x00,0x00,
  0x04,0x3A,0xFA,0x00,0x21,0xB6,0x00,0x00,0x02,0x3E,0x7D,0x00,0x21,0xB6,0x00,0x00,0x00,0x41,0x7D,0x00,0x21,0xB6,0x00,0x00,
  0x01,0x44,0x7D,0x00,0x21,0xB6,0x00,0x00,0x01,0x48,0x7D,0x00,0x9E,0xB6,0x00,0x00,0x04,0x27,0xFA,0x00,0x9E,0xB6,0x00,0x00,
  0x01,0x33,0xFA,0x00,0x1B,0xB7,0x00,0x00,0x02,0x3D,0xFA,0x00,0x1B,0xB7,0x00,0x00,0x00,0x46,0xFA,0x00,0x98,0xB7,0x00,0x00,
  0x03,0x2B,0xFA,0x00,0x98,0xB7,0x00,0x00,0x01,0x37,0xFA,0x00,0x15,0xB8,0x00,0x00,0x04,0x3F,0x7D,0x00,0x92,0xB8,0x00,0x00,
  0x04,0x2C,0xFA,0x00,0x92,0xB8,0x00,0x00,0x01,0x38,0xFA,0x00,0x92,0xB8,0x00,0x00,0x00,0x3C,0xFA,0x00,0x92,0xB8,0x00,0x00,
  0x03,0x44,0xFA,0x00,0x8C,0xB9,0x00,0x00,0x01,0x33,0xFA,0x00,0x8C,0xB9,0x00,0x00,0x02,0x38,0xFA,0x00,0x8C,0xB9,0x00,0x00,
  0x00,0x3C,0xFA,0x00,0x8C,0xB9,0x00,0x00,0x03,0x3F,0xFA,0x00,0x8C,0xB9,0x00,0x00,0x04,0x4B,0xFA,0x00,0x86,0xBA,0x00,0x00,
  0x01,0x33,0xFA,0x00,0x86,0xBA,0x00,0x00,0x02,0x38,0xFA,0x00,0x86,0xBA,0x00,0x00,0x00,0x3C,0xFA,0x00,0x86,0xBA,0x00,0x00,
  0x03,0x3F,0xFA,0x00,0x86,0xBA,0x00,0x00,0x04,0x4B,0xFA,0x00,0x80,0xBB,0x00,0x00,0x00,0x2D,0xFA,0x00,0x80,0xBB,0x00,0x00,
  0x02,0x39,0xFA,0x00,0x80,0xBB,0x00,0x00,0x03,0x3F,0xFA,0x00,0x80,0xBB,0x00,0x00,0x01,0x4B,0xFA,0x00,0x7A,0xBC,0x00,0x00,
  0x01,0x2E,0xFA,0x00,0x7A,0xBC,0x00,0x00,0x03,0x3A,0xFA,0x00,0xF7,0xBC,0x00,0x00,0x04,0x4F,0x7D,0x00,0x74,0xBD,0x00,0x00,
  0x01,0x33,0xFA,0x00,0x74,0xBD,0x00,0x00,0x00,0x37,0xFA,0x00,0x74,0xBD,0x00,0x00,0x02,0x3D,0xFA,0x00,0x74,0xBD,0x00,0x00,
  0x03,0x4B,0x7D,0x00,0x74,0xBD,0x00,0x00,0x04,0x57,0x7D,0x00,0xF1,0xBD,0x00,0x00,0x04,0x4F,0x7D,0x00,0x6E,0xBE,0x00,0x00,
  0x04,0x27,0xFA,0x00,0x6E,0xBE,0x00,0x00,0x01,0x33,0xFA,0x00,0x6E,0xBE,0x00,0x00,0x02,0x52,0x7D,0x00,0xEB,0xBE,0x00,0x00,
  0x00,0x4A,0xFA,0x00,0xEB,0xBE,0x00,0x00,0x02,0x56,0xFA,0x00,0x68,0xBF,0x00,0x00,0x01,0x33,0xFA,0x00,0x68,0xBF,0x00,0x00,
  0x03,0x37,0xFA,0x00,0x68,0xBF,0x00,0x00,0x04,0x3D,0xFA,0x00,0xE5,0xBF,0x00,0x00,0x00,0x4F,0x7D,0x00,0x62,0xC0,0x00,0x00,
  0x01,0x2E,0xFA,0x00,0x62,0xC0,0x00,0x00,0x03,0x3A,0xFA,0x00,0x62,0xC0,0x00,0x00,0x04,0x49,0x7D,0x00,0x62,0xC0,0x00,0x00,
  0x00,0x55,0x7D,0x00,0xDF,0xC0,0x00,0x00,0x04,0x4F,0x7D,0x00,0x5C,0xC1,0x00,0x00,0x01,0x33,0xFA,0x00,0x5C,0xC1,0x00,0x00,
  0x00,0x37,0xFA,0x00,0x5C,0xC1,0x00,0x00,0x02,0x3D,0xFA,0x00,0x5C,0xC1,0x00,0x00,0x03,0x52,0x7D,0x00,0xD9,0xC1,0x00,0x00,
  0x03,0x48,0xFA,0x00,0xD9,0xC1,0x00,0x00,0x04,0x54,0xFA,0x00,0x56,0xC2,0x00,0x00,0x00,0x27,0xFA,0x00,0x56,0xC2,0x00,0x00,
  0x01,0x33,0xFA,0x00,0xD3,0xC2,0x00,0x00,0x02,0x4B,0x7D,0x00,0x50,0xC3,0x00,0x00,0x03,0x2B,0xFA,0x00,0x50,0xC3,0x00,0x00,
  0x00,0x37,0xFA,0x00,0x50,0xC3,0x00,0x00,0x01,0x46,0x7D,0x00,0x50,0xC3,0x00,0x00,0x02,0x52,0x7D,0x00,0xCD,0xC3,0x00,0x00,
  0x01,0x4B,0x7D,0x00,0x4A,0xC4,0x00,0x00,0x04,0x2C,0xFA,0x00,0x4A,0xC4,0x00,0x00,0x01,0x38,0xFA,0x00,0xC7,0xC4,0x00,0x00,
  0x02,0x48,0x7D,0x00,0x44,0xC5,0x00,0x00,0x01,0x33,0xFA,0x00,0x44,0xC5,0x00,0x00,0x02,0x38,0xFA,0x00,0x44,0xC5,0x00,0x00,
  0x00,0x3C,0xFA,0x00,0x44,0xC5,0x00,0x00,0x03,0x44,0x7D,0x00,0x44,0xC5,0x00,0x00,0x04,0x50,0x7D,0x00,0xC1,0xC5,0x00,0x00,
  0x03,0x48,0x7D,0x00,0x3E,0xC6,0x00,0x00,0x04,0x27,0xFA,0x00,0x3E,0xC6,0x00,0x00,0x01,0x33,0xFA,0x00,0x3E,0xC6,0x00,0x00,
  0x00,0x4B,0x7D,0x00,0xBB,0xC6,0x00,0x00,0x00,0x41,0xFA,0x00,0xBB,0xC6,0x00,0x00,0x02,0x4D,0xFA,0x00,0x38,0xC7,0x00,0x00,
  0x01,0x33,0xFA,0x00,0x38,0xC7,0x00,0x00,0x03,0x38,0xFA,0x00,0x38,0xC7,0x00,0x00,0x04,0x3C,0xFA,0x00,0xB5,0xC7,0x00,0x00,
  0x02,0x48,0x7D,0x00,0x32,0xC8,0x00,0x00,0x04,0x2C,0xFA,0x00,0x32,0xC8,0x00,0x00,0x01,0x38,0xFA,0x00,0x32,0xC8,0x00,0x00,
  0x03,0x44,0x7D,0x00,0x32,0xC8,0x00,0x00,0x00,0x50,0x7D,0x00,0xAF,0xC8,0x00,0x00,0x02,0x48,0x7D,0x00,0x2C,0xC9,0x00,0x00,
  0x01,0x33,0xFA,0x00,0x2C,0xC9,0x00,0x00,0x02,0x38,0xFA,0x00,0x2C,0xC9,0x00,0x00,0x00,0x3C,0xFA,0x00,0x2C,0xC9,0x00,0x00,
  0x03,0x4B,0x7D,0x00,0xA9,0xC9,0x00,0x00,0x03,0x41,0xFA,0x00,0xA9,0xC9,0x00,0x00,0x04,0x4D,0xFA,0x00,0x26,0xCA,0x00,0x00,
  0x00,0x2C,0xFA,0x00,0x26,0xCA,0x00,0x00,0x01,0x38,0xFA,0x00,0xA3,0xCA,0x00,0x00,0x02,0x48,0x7D,0x00,0x20,0xCB,0x00,0x00,
  0x00,0x2D,0xFA,0x00,0x20,0xCB,0x00,0x00,0x02,0x39,0xFA,0x00,0x20,0xCB,0x00,0x00,0x01,0x41,0xFA,0x00,0x20,0xCB,0x00,0x00,
  0x03,0x4D,0xFA,0x00,0x1A,0xCC,0x00,0x00,0x01,0x2E,0xFA,0x00,0x1A,0xCC,0x00,0x00,0x03,0x3A,0xFA,0x00,0x97,0xCC,0x00,0x00,
  0x00,0x4B,0x7D,0x00,0x14,0xCD,0x00,0x00,0x01,0x33,0xFA,0x00,0x14,0xCD,0x00,0x00,0x00,0x37,0xFA,0x00,0x14,0xCD,0x00,0x00,
  0x02,0x3D,0xFA,0x00,0x14,0xCD,0x00,0x00,0x03,0x43,0x7D,0x00,0x14,0xCD,0x00,0x00,0x04,0x4F,0x7D,0x00,0x91,0xCD,0x00,0x00,
  0x03,0x46,0x7D,0x00,0x0E,0xCE,0x00,0x00,0x04,0x27,0xFA,0x00,0x0E,0xCE,0x00,0x00,0x01,0x33,0xFA,0x00,0x0E,0xCE,0x00,0x00,
  0x03,0x49,0x7D,0x00,0x8B,0xCE,0x00,0x00,0x00,0x41,0xFA,0x00,0x8B,0xCE,0x00,0x00,0x02,0x4D,0xFA,0x00,0x08,0xCF,0x00,0x00,
  0x01,0x33,0xFA,0x00,0x08,0xCF,0x00,0x00,0x03,0x37,0xFA,0x00,0x08,0xCF,0x00,0x00,0x04,0x3D,0xFA,0x00,0x85,0xCF,0x00,0x00,
  0x00,0x4B,0x7D,0x00,0x02,0xD0,0x00,0x00,0x01,0x2E,0xFA,0x00,0x02,0xD0,0x00,0x00,0x03,0x3A,0xFA,0x00,0x02,0xD0,0x00,0x00,
  0x02,0x43,0x7D,0x00,0x02,0xD0,0x00,0x00,0x04,0x4F,0x7D,0x00,0x7F,0xD0,0x00,0x00,0x00,0x46,0x7D,0x00,0xFC,0xD0,0x00,0x00,
  0x01,0x33,0xFA,0x00,0xFC,0xD0,0x00,0x00,0x00,0x37,0xFA,0x00,0xFC,0xD0,0x00,0x00,0x02,0x3D,0xFA,0x00,0xFC,0xD0,0x00,0x00,
  0x03,0x49,0x7D,0x00,0x79,0xD1,0x00,0x00,0x03,0x41,0xFA,0x00,0x79,0xD1,0x00,0x00,0x04,0x4D,0xFA,0x00,0xF6,0xD1,0x00,0x00,
  0x01,0x2E,0xFA,0x00,0xF6,0xD1,0x00,0x00,0x00,0x3A,0xFA,0x00,0x73,0xD2,0x00,0x00,0x03,0x49,0x7D,0x00,0xF0,0xD2,0x00,0x00,
  0x02,0x2F,0xFA,0x00,0xF0,0xD2,0x00,0x00,0x04,0x3B,0xFA,0x00,0xF0,0xD2,0x00,0x00,0x00,0x41,0xFA,0x00,0xF0,0xD2,0x00,0x00,
  0x03,0x4D,0xFA,0x00,0xEA,0xD3,0x00,0x00,0x03,0x30,0xFA,0x00,0xEA,0xD3,0x00,0x00,0x00,0x3C,0xFA,0x00,0x67,0xD4,0x00,0x00,
  0x02,0x48,0x7D,0x00,0xE4,0xD4,0x00,0x00,0x01,0x33,0xFA,0x00,0xE4,0xD4,0x00,0x00,0x02,0x38,0xFA,0x00,0xE4,0xD4,0x00,0x00,
  0x00,0x3C,0xFA,0x00,0xE4,0xD4,0x00,0x00,0x03,0x44,0x7D,0x00,0xE4,0xD4,0x00,0x00,0x04,0x50,0x7D,0x00,0x61,0xD5,0x00,0x00,
  0x03,0x48,0x7D,0x00,0xDE,0xD5,0x00,0x00,0x04,0x27,0xFA,0x00,0xDE,0xD5,0x00,0x00,0x01,0x33,0xFA,0x00,0xDE,0xD5,0x00,0x00,
  0x00,0x4B,0x7D,0x00,0x5B,0xD6,0x00,0x00,0x00,0x41,0xFA,0x00,0x5B,0xD6,0x00,0x00,0x02,0x4D,0xFA,0x00,0xD8,0xD6,0x00,0x00,
  0x01,0x33,0xFA,0x00,0xD8,0xD6,0x00,0x00,0x03,0x38,0xFA,0x00,0xD8,0xD6,0x00,0x00,0x04,0x3C,0xFA,0x00,0x55,0xD7,0x00,0x00,
  0x02,0x48,0x7D,0x00,0xD2,0xD7,0x00,0x00,0x04,0x2C,0xFA,0x00,0xD2,0xD7,0x00,0x00,0x01,0x38,0xFA,0x00,0xD2,0xD7,0x00,0x00,
  0x03,0x44,0x7D,0x00,0xD2,0xD7,0x00,0x00,0x00,0x50,0x7D,0x00,0x4F,0xD8,0x00,0x00,0x02,0x48,0x7D,0x00,0xCC,0xD8,0x00,0x00,
  0x01,0x33,0xFA,0x00,0xCC,0xD8,0x00,0x00,0x02,0x38,0xFA,0x00,0xCC,0xD8,0x00,0x00,0x00,0x3C,0xFA,0x00,0xCC,0xD8,0x00,0x00,
  0x03,0x4B,0x7D,0x00,0x49,0xD9,0x00,0x00,0x03,0x41,0xFA,0x00,0x49,0xD9,0x00,0x00,0x04,0x4D,0xFA,0x00,0xC6,0xD9,0x00,0x00,
  0x00,0x2C,0xFA,0x00,0xC6,0xD9,0x00,0x00,0x01,0x38,0xFA,0x00,0x43,0xDA,0x00,0x00,0x02,0x48,0x7D,0x00,0xC0,0xDA,0x00,0x00,
  0x00,0x2D,0xFA,0x00,0xC0,0xDA,0x00,0x00,0x02,0x39,0xFA,0x00,0xC0,0xDA,0x00,0x00,0x01,0x41,0xFA,0x00,0xC0,0xDA,0x00,0x00,
  0x03,0x4D,0xFA,0x00,0xBA,0xDB,0x00,0x00,0x01,0x2E,0xFA,0x00,0xBA,0xDB,0x00,0x00,0x03,0x3A,0xFA,0x00,0x37,0xDC,0x00,0x00,
  0x04,0x4F,0x7D,0x00,0xB4,0xDC,0x00,0x00,0x01,0x33,0xFA,0x00,0xB4,0xDC,0x00,0x00,0x00,0x37,0xFA,0x00,0xB4,0xDC,0x00,0x00,
  0x02,0x3D,0xFA,0x00,0xB4,0xDC,0x00,0x00,0x03,0x4B,0x7D,0x00,0xB4,0xDC,0x00,0x00,0x04,0x57,0x7D,0x00,0x31,0xDD,0x00,0x00,
  0x04,0x4F,0x7D,0x00,0xAE,0xDD,0x00,0x00,0x04,0x27,0xFA,0x00,0xAE,0xDD,0x00,0x00,0x01,0x33,0xFA,0x00,0xAE,0xDD,0x00,0x00,
  0x02,0x52,0x7D,0x00,0x2B,0xDE,0x00,0x00,0x00,0x4A,0xFA,0x00,0x2B,0xDE,0x00,0x00,0x02,0x56,0xFA,0x00,0xA8,0xDE,0x00,0x00,
  0x01,0x33,0xFA,0x00,0xA8,0xDE,0x00,0x00,0x03,0x37,0xFA,0x00,0xA8,0xDE,0x00,0x00,0x04,0x3D,0xFA,0x00,0x25,0xDF,0x00,0x00,
  0x00,0x4F,0x7D,0x00,0xA2,0xDF,0x00,0x00,0x01,0x2E,0xFA,0x00,0xA2,0xDF,0x00,0x00,0x03,0x3A,0xFA,0x00,0xA2,0xDF,0x00,0x00,
  0x04,0x49,0x7D,0x00,0xA2,0xDF,0x00,0x00,0x00,0x55,0x7D,0x00,0x1F,0xE0,0x00,0x00,0x04,0x4F,0x7D,0x00,0x9C,0xE0,0x00,0x00,
  0x01,0x33,0xFA,0x00,0x9C,0xE0,0x00,0x00,0x00,0x37,0xFA,0x00,0x9C,0xE0,0x00,0x00,0x02,0x3D,0xFA,0x00,0x9C,0xE0,0x00,0x00,
  0x03,0x52,0x7D,0x00,0x19,0xE1,0x00,0x00,0x03,0x48,0xFA,0x00,0x19,0xE1,0x00,0x00,0x04,0x54,0xFA,0x00,0x96,0xE1,0x00,0x00,
  0x00,0x27,0xFA,0x00,0x96,0xE1,0x00,0x00,0x01,0x33,0xFA,0x00,0x13,0xE2,0x00,0x00,0x02,0x4B,0x7D,0x00,0x90,0xE2,0x00,0x00,
  0x03,0x2B,0xFA,0x00,0x90,0xE2,0x00,0x00,0x00,0x37,0xFA,0x00,0x90,0xE2,0x00,0x00,0x01,0x46,0x7D,0x00,0x90,0xE2,0x00,0x00,
  0x02,0x52,0x7D,0x00,0x0D,0xE3,0x00,0x00,0x01,0x4B,0x7D,0x00,0x8A,0xE3,0x00,0x00,0x04,0x2C,0xFA,0x00,0x8A,0xE3,0x00,0x00,
  0x01,0x38,0xFA,0x00,0x07,0xE4,0x00,0x00,0x02,0x48,0x7D,0x00,0x84,0xE4,0x00,0x00,0x01,0x33,0xFA,0x00,0x84,0xE4,0x00,0x00,
  0x02,0x38,0xFA,0x00,0x84,0xE4,0x00,0x00,0x00,0x3C,0xFA,0x00,0x84,0xE4,0x00,0x00,0x03,0x44,0x7D,0x00,0x84,0xE4,0x00,0x00,
  0x04,0x50,0x7D,0x00,0x01,0xE5,0x00,0x00,0x03,0x48,0x7D,0x00,0x7E,0xE5,0x00,0x00,0x04,0x27,0xFA,0x00,0x7E,0xE5,0x00,0x00,
  0x01,0x33,0xFA,0x00,0x7E,0xE5,0x00,0x00,0x00,0x4B,0x7D,0x00,0xFB,0xE5,0x00,0x00,0x00,0x41,0xFA,0x00,0xFB,0xE5,0x00,0x00,
  0x02,0x4D,0xFA,0x00,0x78,0xE6,0x00,0x00,0x01,0x33,0xFA,0x00,0x78,0xE6,0x00,0x00,0x03,0x38,0xFA,0x00,0x78,0xE6,0x00,0x00,
  0x04,0x3C,0xFA,0x00,0xF5,0xE6,0x00,0x00,0x02,0x48,0x7D,0x00,0x72,0xE7,0x00,0x00,0x04,0x2C,0xFA,0x00,0x72,0xE7,0x00,0x00,
  0x01,0x38,0xFA,0x00,0x72,0xE7,0x00,0x00,0x03,0x44,0xFA,0x00,0x72,0xE7,0x00,0x00,0x00,0x50,0xFA,0x00,0x6C,0xE8,0x00,0x00,
  0x04,0x2C,0xFA,0x00,0x6C,0xE8,0x00,0x00,0x01,0x38,0xFA,0x00,0x6C,0xE8,0x00,0x00,0x03,0x44,0xFA,0x00,0x6C,0xE8,0x00,0x00,
  0x00,0x50,0xFA,0x00,0x66,0xE9,0x00,0x00,0x03,0x2B,0xFA,0x00,0x66,0xE9,0x00,0x00,0x00,0x37,0xFA,0x00,0x66,0xE9,0x00,0x00,
  0x02,0x43,0xFA,0x00,0x66,0xE9,0x00,0x00,0x04,0x4F,0xFA,0x00,0x60,0xEA,0x00,0x00,0x02,0x2A,0xFA,0x00,0x60,0xEA,0x00,0x00,
  0x04,0x36,0xFA,0x00,0x60,0xEA,0x00,0x00,0x01,0x42,0xFA,0x00,0x60,0xEA,0x00,0x00,0x03,0x4E,0xFA,0x00,0x5A,0xEB,0x00,0x00,
  0x01,0x29,0xFA,0x00,0x5A,0xEB,0x00,0x00,0x03,0x35,0xFA,0x00,0xD7,0xEB,0x00,0x00,0x00,0x41,0x7D,0x00,0x54,0xEC,0x00,0x00,
  0x01,0x29,0xFA,0x00,0x54,0xEC,0x00,0x00,0x03,0x35,0xFA,0x00,0x54,0xEC,0x00,0x00,0x04,0x45,0x7D,0x00,0xD1,0xEC,0x00,0x00,
  0x02,0x48,0x7D,0x00,0x4E,0xED,0x00,0x00,0x00,0x2D,0xFA,0x00,0x4E,0xED,0x00,0x00,0x02,0x39,0xFA,0x00,0x4E,0xED,0x00,0x00,
  0x03,0x4D,0x7D,0x00,0xCB,0xED,0x00,0x00,0x03,0x48,0x7D,0x00,0x48,0xEE,0x00,0x00,0x00,0x2D,0xFA,0x00,0x48,0xEE,0x00,0x00,
  0x02,0x39,0xFA,0x00,0x48,0xEE,0x00,0x00,0x04,0x45,0x7D,0x00,0xC5,0xEE,0x00,0x00,0x01,0x41,0x7D,0x00,0x42,0xEF,0x00,0x00,
  0x01,0x2E,0xFA,0x00,0x42,0xEF,0x00,0x00,0x03,0x3A,0xFA,0x00,0xBF,0xEF,0x00,0x00,0x00,0x41,0x7D,0x00,0x3C,0xF0,0x00,0x00,
  0x03,0x35,0xFA,0x00,0x3C,0xF0,0x00,0x00,0x04,0x3A,0xFA,0x00,0x3C,0xF0,0x00,0x00,0x01,0x3D,0xFA,0x00,0x3C,0xF0,0x00,0x00,
  0x00,0x46,0x7D,0x00,0xB9,0xF0,0x00,0x00,0x00,0x49,0x7D,0x00,0x36,0xF1,0x00,0x00,0x03,0x35,0xFA,0x00,0x36,0xF1,0x00,0x00,
  0x04,0x3A,0xFA,0x00,0x36,0xF1,0x00,0x00,0x01,0x3D,0xFA,0x00,0x36,0xF1,0x00,0x00,0x00,0x41,0xFA,0x00,0x36,0xF1,0x00,0x00,
  0x02,0x4D,0xFA,0x00,0x30,0xF2,0x00,0x00,0x03,0x35,0xFA,0x00,0x30,0xF2,0x00,0x00,0x04,0x3A,0xFA,0x00,0x30,0xF2,0x00,0x00,
  0x01,0x3D,0xFA,0x00,0x30,0xF2,0x00,0x00,0x00,0x41,0xFA,0x00,0x30,0xF2,0x00,0x00,0x02,0x46,0xFA,0x00,0x30,0xF2,0x00,0x00,
  0x03,0x49,0xFA,0x00,0x2A,0xF3,0x00,0x00,0x01,0x2E,0xFA,0x00,0x2A,0xF3,0x00,0x00,0x03,0x35,0xFA,0x00,0x2A,0xF3,0x00,0x00,
  0x04,0x3A,0xFA,0x00,0x2A,0xF3,0x00,0x00,0x02,0x3E,0xFA,0x00,0x2A,0xF3,0x00,0x00,0x00,0x41,0xFA,0x00,0x2A,0xF3,0x00,0x00,
  0x01,0x44,0xFA,0x00,0x2A,0xF3,0x00,0x00,0x01,0x48,0xFA,0x00,0x24,0xF4,0x00,0x00,0x01,0x2E,0xFA,0x00,0x24,0xF4,0x00,0x00,
  0x03,0x35,0xFA,0x00,0x24,0xF4,0x00,0x00,0x04,0x3A,0xFA,0x00,0xA1,0xF4,0x00,0x00,0x02,0x3E,0x7D,0x00,0xA1,0xF4,0x00,0x00,
  0x00,0x41,0x7D,0x00,0xA1,0xF4,0x00,0x00,0x01,0x44,0x7D,0x00,0xA1,0xF4,0x00,0x00,0x01,0x48,0x7D,0x00,0x1E,0xF5,0x00,0x00,
  0x04,0x27,0xFA,0x00,0x1E,0xF5,0x00,0x00,0x01,0x33,0xFA,0x00,0x9B,0xF5,0x00,0x00,0x02,0x3D,0xFA,0x00,0x9B,0xF5,0x00,0x00,
  0x00,0x46,0xFA,0x00,0x18,0xF6,0x00,0x00,0x03,0x2B,0xFA,0x00,0x18,0xF6,0x00,0x00,0x01,0x37,0xFA,0x00,0x95,0xF6,0x00,0x00,
  0x04,0x3F,0x7D,0x00,0x12,0xF7,0x00,0x00,0x04,0x2C,0xFA,0x00,0x12,0xF7,0x00,0x00,0x01,0x38,0xFA,0x00,0x8F,0xF7,0x00,0x00,
  0x03,0x44,0x7D,0x00,0x0C,0xF8,0x00,0x00,0x01,0x38,0xFA,0x00,0x0C,0xF8,0x00,0x00,0x00,0x3C,0xFA,0x00,0x0C,0xF8,0x00,0x00,
  0x03,0x3F,0xFA,0x00,0x0C,0xF8,0x00,0x00,0x02,0x48,0x7D,0x00,0x89,0xF8,0x00,0x00,0x02,0x4B,0x7D,0x00,0x06,0xF9,0x00,0x00,
  0x01,0x38,0xFA,0x00,0x06,0xF9,0x00,0x00,0x00,0x3C,0xFA,0x00,0x06,0xF9,0x00,0x00,0x03,0x3F,0xFA,0x00,0x06,0xF9,0x00,0x00,
  0x04,0x44,0xFA,0x00,0x06,0xF9,0x00,0x00,0x02,0x50,0xFA,0x00,0x00,0xFA,0x00,0x00,0x04,0x27,0xFA,0x00,0x00,0xFA,0x00,0x00,
  0x01,0x33,0xFA,0x00,0xFA,0xFA,0x00,0x00,0x04,0x2C,0xFA,0x00,0xFA,0xFA,0x00,0x00,0x01,0x38,0xFA,0x00,0x77,0xFB,0x00,0x00,
  0x03,0x44,0x7D,0x00,0xF4,0xFB,0x00,0x00,0x01,0x33,0xFA,0x00,0xF4,0xFB,0x00,0x00,0x02,0x38,0xFA,0x00,0xF4,0xFB,0x00,0x00,
  0x00,0x3C,0xFA,0x00,0xF4,0xFB,0x00,0x00,0x03,0x3F,0x7D,0x00,0xF4,0xFB,0x00,0x00,0x04,0x4B,0x7D,0x00,0x71,0xFC,0x00,0x00,
  0x03,0x44,0x7D,0x00,0xEE,0xFC,0x00,0x00,0x01,0x33,0xFA,0x00,0xEE,0xFC,0x00,0x00,0x02,0x38,0xFA,0x00,0xEE,0xFC,0x00,0x00,
  0x00,0x3C,0xFA,0x00,0xEE,0xFC,0x00,0x00,0x03,0x48,0x7D,0x00,0x6B,0xFD,0x00,0x00,0x03,0x3F,0xFA,0x00,0x6B,0xFD,0x00,0x00,
  0x04,0x4B,0xFA,0x00,0xE8,0xFD,0x00,0x00,0x00,0x2D,0xFA,0x00,0xE8,0xFD,0x00,0x00,0x02,0x39,0xFA,0x00,0x65,0xFE,0x00,0x00,
  0x03,0x43,0x7D,0x00,0xE2,0xFE,0x00,0x00,0x01,0x2E,0xFA,0x00,0xE2,0xFE,0x00,0x00,0x03,0x3A,0xFA,0x00,0xE2,0xFE,0x00,0x00,
  0x04,0x3F,0x7D,0x00,0xE2,0xFE,0x00,0x00,0x00,0x4B,0x7D,0x00,0x5F,0xFF,0x00,0x00,0x02,0x43,0x7D,0x00,0xDC,0xFF,0x00,0x00,
  0x01,0x33,0xFA,0x00,0xDC,0xFF,0x00,0x00,0x00,0x37,0xFA,0x00,0xDC,0xFF,0x00,0x00,0x02,0x3D,0xFA,0x00,0xDC,0xFF,0x00,0x00,
  0x03,0x46,0x7D,0x00,0x59,0x00,0x01,0x00,0x03,0x3F,0x71,0x02,0x59,0x00,0x01,0x00,0x04,0x4B,0x71,0x02,0xD6,0x00,0x01,0x00,
  0x01,0x33,0xFA,0x00,0xD6,0x00,0x01,0x00,0x00,0x37,0xFA,0x00,0xD6,0x00,0x01,0x00,0x02,0x3D,0xFA,0x00,0xD0,0x01,0x01,0x00,
  0x00,0x27,0xFA,0x00,0xD0,0x01,0x01,0x00,0x01,0x33,0xFA,0x00,0xCA,0x02,0x01,0x00,0x04,0x2C,0xFA,0x00,0xCA,0x02,0x01,0x00,
  0x01,0x38,0xFA,0x00,0x47,0x03,0x01,0x00,0x03,0x44,0x7D,0x00,0xC4,0x03,0x01,0x00,0x01,0x33,0xFA,0x00,0xC4,0x03,0x01,0x00,
  0x02,0x38,0xFA,0x00,0xC4,0x03,0x01,0x00,0x00,0x3C,0xFA,0x00,0xC4,0x03,0x01,0x00,0x03,0x3F,0x7D,0x00,0xC4,0x03,0x01,0x00,
  0x04,0x4B,0x7D,0x00,0x41,0x04,0x01,0x00,0x03,0x44,0x7D,0x00,0xBE,0x04,0x01,0x00,0x01,0x33,0xFA,0x00,0xBE,0x04,0x01,0x00,
  0x02,0x38,0xFA,0x00,0xBE,0x04,0x01,0x00,0x00,0x3C,0xFA,0x00,0xBE,0x04,0x01,0x00,0x03,0x48,0x7D,0x00,0x3B,0x05,0x01,0x00,
  0x03,0x3F,0xFA,0x00,0x3B,0x05,0x01,0x00,0x04,0x4B,0xFA,0x00,0xB8,0x05,0x01,0x00,0x00,0x2D,0xFA,0x00,0xB8,0x05,0x01,0x00,
  0x02,0x39,0xFA,0x00,0x35,0x06,0x01,0x00,0x03,0x43,0x7D,0x00,0xB2,0x06,0x01,0x00,0x01,0x2E,0xFA,0x00,0xB2,0x06,0x01,0x00,
  0x03,0x3A,0xFA,0x00,0xB2,0x06,0x01,0x00,0x04,0x3F,0x7D,0x00,0xB2,0x06,0x01,0x00,0x00,0x4B,0x7D,0x00,0x2F,0x07,0x01,0x00,
  0x02,0x43,0x7D,0x00,0xAC,0x07,0x01,0x00,0x01,0x33,0xFA,0x00,0xAC,0x07,0x01,0x00,0x00,0x37,0xFA,0x00,0xAC,0x07,0x01,0x00,
  0x02,0x3D,0xFA,0x00,0xAC,0x07,0x01,0x00,0x03,0x46,0x7D,0x00,0x29,0x08,0x01,0x00,0x03,0x3F,0x77,0x01,0x29,0x08,0x01,0x00,
  0x04,0x4B,0x77,0x01,0xA6,0x08,0x01,0x00,0x01,0x33,0xFA,0x00,0xA6,0x08,0x01,0x00,0x00,0x37,0xFA,0x00,0xA6,0x08,0x01,0x00,
  0x02,0x3D,0xFA,0x00,0xA0,0x09,0x01,0x00,0x04,0x27,0xFA,0x00,0xA0,0x09,0x01,0x00,0x01,0x33,0xFA,0x00,0x1D,0x0A,0x01,0x00,
  0x03,0x3F,0x7D,0x00,0x1D,0x0A,0x01,0x00,0x00,0x4B,0x7D,0x00,0x9A,0x0A,0x01,0x00,0x00,0x28,0xF4,0x01,0x9A,0x0A,0x01,0x00,
  0x02,0x34,0xF4,0x01,0x17,0x0B,0x01,0x00,0x03,0x44,0x7D,0x00,0x94,0x0B,0x01,0x00,0x01,0x47,0x7D,0x00,0x11,0x0C,0x01,0x00,
  0x04,0x40,0x7D,0x00,0x11,0x0C,0x01,0x00,0x01,0x4C,0x7D,0x00,0x8E,0x0C,0x01,0x00,0x04,0x27,0xFA,0x00,0x8E,0x0C,0x01,0x00,
  0x01,0x33,0xFA,0x00,0x0B,0x0D,0x01,0x00,0x03,0x3F,0x7D,0x00,0x0B,0x0D,0x01,0x00,0x00,0x4B,0x7D,0x00,0x88,0x0D,0x01,0x00,
  0x04,0x27,0xFA,0x00,0x88,0x0D,0x01,0x00,0x01,0x33,0xFA,0x00,0x05,0x0E,0x01,0x00,0x03,0x3F,0x7D,0x00,0x05,0x0E,0x01,0x00,
  0x00,0x4B,0x7D,0x00,0x82,0x0E,0x01,0x00,0x00,0x28,0xF4,0x01,0x82,0x0E,0x01,0x00,0x02,0x34,0xF4,0x01,0xFF,0x0E,0x01,0x00,
  0x03,0x44,0x7D,0x00,0x7C,0x0F,0x01,0x00,0x01,0x47,0x7D,0x00,0xF9,0x0F,0x01,0x00,0x04,0x40,0x7D,0x00,0xF9,0x0F,0x01,0x00,
  0x01,0x4C,0x7D,0x00,0x76,0x10,0x01,0x00,0x04,0x27,0xFA,0x00,0x76,0x10,0x01,0x00,0x01,0x33,0xFA,0x00,0xF3,0x10,0x01,0x00,
  0x03,0x3F,0x7D,0x00,0xF3,0x10,0x01,0x00,0x00,0x4B,0x7D,0x00,0x6A,0x12,0x01,0x00,0x02,0x20,0xFA,0x00,0xE7,0x12,0x01,0x00,
  0x04,0x2C,0x7D,0x00,0x64,0x13,0x01,0x00,0x02,0x2F,0x7D,0x00,0xE1,0x13,0x01,0x00,0x01,0x38,0x7D,0x00,0x5E,0x14,0x01,0x00,
  0x04,0x2C,0xFA,0x00,0xDB,0x14,0x01,0x00,0x01,0x38,0x7D,0x00,0x58,0x15,0x01,0x00,0x04,0x3B,0x7D,0x00,0xD5,0x15,0x01,0x00,
  0x03,0x44,0x7D,0x00,0x52,0x16,0x01,0x00,0x01,0x38,0xFA,0x00,0xCF,0x16,0x01,0x00,0x03,0x44,0x7D,0x00,0x4C,0x17,0x01,0x00,
  0x01,0x47,0x7D,0x00,0xC9,0x17,0x01,0x00,0x00,0x50,0x7D,0x00,0x46,0x18,0x01,0x00,0x03,0x44,0xFA,0x00,0xC3,0x18,0x01,0x00,
  0x00,0x50,0x7D,0x00,0x40,0x19,0x01,0x00,0x03,0x53,0x7D,0x00,0xBD,0x19,0x01,0x00,0x02,0x5C,0x7D,0x00,0x3A,0x1A,0x01,0x00,
  0x02,0x3E,0xFA,0x00,0x3A,0x1A,0x01,0x00,0x00,0x41,0xFA,0x00,0x3A,0x1A,0x01,0x00,0x03,0x44,0xFA,0x00,0x3A,0x1A,0x01,0x00,
  0x01,0x47,0xFA,0x00,0x3A,0x1A,0x01,0x00,0x04,0x50,0xFA,0x00,0x3A,0x1A,0x01,0x00,0x02,0x5C,0xFA,0x00,0x34,0x1B,0x01,0x00,
  0x02,0x3E,0xFA,0x00,0x34,0x1B,0x01,0x00,0x00,0x41,0xFA,0x00,0x34,0x1B,0x01,0x00,0x03,0x44,0xFA,0x00,0x34,0x1B,0x01,0x00,
  0x01,0x47,0xFA,0x00,0x34,0x1B,0x01,0x00,0x04,0x50,0xFA,0x00,0x34,0x1B,0x01,0x00,0x02,0x5C,0xFA,0x00,0x2E,0x1C,0x01,0x00,
  0x02,0x3E,0xFA,0x00,0x2E,0x1C,0x01,0x00,0x00,0x41,0xFA,0x00,0x2E,0x1C,0x01,0x00,0x03,0x44,0xFA,0x00,0x2E,0x1C,0x01,0x00,
  0x01,0x47,0xFA,0x00,0x2E,0x1C,0x01,0x00,0x04,0x50,0xFA,0x00,0x2E,0x1C,0x01,0x00,0x02,0x5C,0xFA,0x00,0x28,0x1D,0x01,0x00,
  0x02,0x3E,0xFA,0x00,0x28,0x1D,0x01,0x00,0x00,0x41,0xFA,0x00,0x28,0x1D,0x01,0x00,0x03,0x44,0xFA,0x00,0x28,0x1D,0x01,0x00,
  0x01,0x47,0xFA,0x00,0x28,0x1D,0x01,0x00,0x04,0x50,0x7D,0x00,0x28,0x1D,0x01,0x00,0x04,0x5C,0x7D,0x00,0xA5,0x1D,0x01,0x00,
  0x04,0x50,0xFA,0x00,0xA5,0x1D,0x01,0x00,0x02,0x5C,0xFA,0x00,0x22,0x1E,0x01,0x00,0x03,0x3F,0xFA,0x00,0x22,0x1E,0x01,0x00,
  0x00,0x44,0xFA,0x00,0x22,0x1E,0x01,0x00,0x01,0x48,0xFA,0x00,0x9F,0x1E,0x01,0x00,0x02,0x57,0x7D,0x00,0x1C,0x1F,0x01,0x00,
  0x03,0x3F,0xFA,0x00,0x1C,0x1F,0x01,0x00,0x04,0x44,0xFA,0x00,0x1C,0x1F,0x01,0x00,0x02,0x48,0xFA,0x00,0x1C,0x1F,0x01,0x00,
  0x00,0x59,0x7D,0x00,0x99,0x1F,0x01,0x00,0x00,0x54,0x7D,0x00,0x16,0x20,0x01,0x00,0x03,0x3F,0xFA,0x00,0x16,0x20,0x01,0x00,
  0x04,0x44,0xFA,0x00,0x16,0x20,0x01,0x00,0x02,0x48,0xFA,0x00,0x16,0x20,0x01,0x00,0x00,0x57,0x7D,0x00,0x93,0x20,0x01,0x00,
  0x00,0x50,0xFA,0x00,0x93,0x20,0x01,0x00,0x01,0x59,0xFA,0x00,0x10,0x21,0x01,0x00,0x03,0x3F,0xFA,0x00,0x10,0x21,0x01,0x00,
  0x04,0x44,0xFA,0x00,0x10,0x21,0x01,0x00,0x02,0x48,0xFA,0x00,0x8D,0x21,0x01,0x00,0x01,0x4C,0xFA,0x00,0x8D,0x21,0x01,0x00,
  0x00,0x50,0xFA,0x00,0x0A,0x22,0x01,0x00,0x04,0x40,0xFA,0x00,0x0A,0x22,0x01,0x00,0x03,0x44,0xFA,0x00,0x0A,0x22,0x01,0x00,
  0x02,0x47,0xFA,0x00,0x87,0x22,0x01,0x00,0x00,0x52,0x7D,0x00,0x04,0x23,0x01,0x00,0x04,0x40,0xFA,0x00,0x04,0x23,0x01,0x00,
  0x03,0x44,0xFA,0x00,0x04,0x23,0x01,0x00,0x01,0x47,0xFA,0x00,0x04,0x23,0x01,0x00,0x02,0x4C,0x7D,0x00,0x04,0x23,0x01,0x00,
  0x00,0x53,0x7D,0x00,0x81,0x23,0x01,0x00,0x00,0x50,0x7D,0x00,0xFE,0x23,0x01,0x00,0x03,0x3F,0xFA,0x00,0xFE,0x23,0x01,0x00,
  0x04,0x44,0xFA,0x00,0xFE,0x23,0x01,0x00,0x02,0x48,0xFA,0x00,0xFE,0x23,0x01,0x00,0x00,0x52,0x7D,0x00,0x7B,0x24,0x01,0x00,
  0x00,0x4B,0xFA,0x00,0x7B,0x24,0x01,0x00,0x01,0x54,0xFA,0x00,0xF8,0x24,0x01,0x00,0x03,0x3F,0xFA,0x00,0xF8,0x24,0x01,0x00,
  0x04,0x44,0xFA,0x00,0xF8,0x24,0x01,0x00,0x02,0x48,0xFA,0x00,0x75,0x25,0x01,0x00,0x00,0x50,0x7D,0x00,0xF2,0x25,0x01,0x00,
  0x03,0x3F,0xFA,0x00,0xF2,0x25,0x01,0x00,0x04,0x44,0xFA,0x00,0xF2,0x25,0x01,0x00,0x02,0x48,0xFA,0x00,0xF2,0x25,0x01,0x00,
  0x00,0x4B,0x7D,0x00,0xF2,0x25,0x01,0x00,0x01,0x54,0x7D,0x00,0x6F,0x26,0x01,0x00,0x00,0x50,0x7D,0x00,0xEC,0x26,0x01,0x00,
  0x03,0x3F,0xFA,0x00,0xEC,0x26,0x01,0x00,0x02,0x43,0xFA,0x00,0xEC,0x26,0x01,0x00,0x04,0x49,0xFA,0x00,0xEC,0x26,0x01,0x00,
  0x00,0x4B,0xFA,0x00,0xEC,0x26,0x01,0x00,0x01,0x52,0xFA,0x00,0xE6,0x27,0x01,0x00,0x03,0x44,0xFA,0x00,0xE6,0x27,0x01,0x00,
  0x02,0x48,0xFA,0x00,0xE6,0x27,0x01,0x00,0x00,0x4B,0xFA,0x00,0xE6,0x27,0x01,0x00,0x01,0x50,0xFA,0x00,0x5D,0x29,0x01,0x00,
  0x03,0x44,0x77,0x01,0x5D,0x29,0x01,0x00,0x00,0x50,0x77,0x01,0xDA,0x29,0x01,0x00,0x01,0x32,0xFA,0x00,0xDA,0x29,0x01,0x00,
  0x04,0x35,0xFA,0x00,0xDA,0x29,0x01,0x00,0x02,0x38,0xFA,0x00,0xDA,0x29,0x01,0x00,0x03,0x3B,0xFA,0x00,0xD4,0x2A,0x01,0x00,
  0x00,0x32,0xFA,0x00,0xD4,0x2A,0x01,0x00,0x03,0x35,0xFA,0x00,0xD4,0x2A,0x01,0x00,0x01,0x38,0xFA,0x00,0xD4,0x2A,0x01,0x00,
  0x04,0x3B,0xFA,0x00,0xD4,0x2A,0x01,0x00,0x02,0x44,0xFA,0x00,0xD4,0x2A,0x01,0x00,0x00,0x50,0xFA,0x00,0xCE,0x2B,0x01,0x00,
  0x00,0x32,0xFA,0x00,0xCE,0x2B,0x01,0x00,0x03,0x35,0xFA,0x00,0xCE,0x2B,0x01,0x00,0x01,0x38,0xFA,0x00,0xCE,0x2B,0x01,0x00,
  0x04,0x3B,0xFA,0x00,0xCE,0x2B,0x01,0x00,0x02,0x44,0xFA,0x00,0xCE,0x2B,0x01,0x00,0x00,0x50,0xFA,0x00,0xC8,0x2C,0x01,0x00,
  0x00,0x32,0xFA,0x00,0xC8,0x2C,0x01,0x00,0x03,0x35,0xFA,0x00,0xC8,0x2C,0x01,0x00,0x01,0x38,0xFA,0x00,0xC8,0x2C,0x01,0x00,
  0x04,0x3B,0xFA,0x00,0xC8,0x2C,0x01,0x00,0x02,0x44,0x7D,0x00,0xC8,0x2C,0x01,0x00,0x02,0x50,0x7D,0x00,0x45,0x2D,0x01,0x00,
  0x02,0x44,0xFA,0x00,0x45,0x2D,0x01,0x00,0x00,0x50,0xFA,0x00,0xC2,0x2D,0x01,0x00,0x01,0x33,0xFA,0x00,0xC2,0x2D,0x01,0x00,
  0x03,0x38,0xFA,0x00,0xC2,0x2D,0x01,0x00,0x04,0x3C,0xFA,0x00,0x3F,0x2E,0x01,0x00,0x00,0x4B,0x7D,0x00,0xBC,0x2E,0x01,0x00,
  0x01,0x33,0xFA,0x00,0xBC,0x2E,0x01,0x00,0x02,0x38,0xFA,0x00,0xBC,0x2E,0x01,0x00,0x00,0x3C,0xFA,0x00,0xBC,0x2E,0x01,0x00,
  0x03,0x44,0x7D,0x00,0xBC,0x2E,0x01,0x00,0x04,0x4D,0x7D,0x00,0x39,0x2F,0x01,0x00,0x03,0x48,0x7D,0x00,0xB6,0x2F,0x01,0x00,
  0x01,0x33,0xFA,0x00,0xB6,0x2F,0x01,0x00,0x02,0x38,0xFA,0x00,0xB6,0x2F,0x01,0x00,0x00,0x3C,0xFA,0x00,0xB6,0x2F,0x01,0x00,
  0x03,0x4B,0x7D,0x00,0x33,0x30,0x01,0x00,0x03,0x44,0xFA,0x00,0x33,0x30,0x01,0x00,0x04,0x4D,0xFA,0x00,0xB0,0x30,0x01,0x00,
  0x01,0x33,0xFA,0x00,0xB0,0x30,0x01,0x00,0x02,0x38,0xFA,0x00,0xB0,0x30,0x01,0x00,0x00,0x3C,0xFA,0x00,0x2D,0x31,0x01,0x00,
  0x04,0x40,0xFA,0x00,0x2D,0x31,0x01,0x00,0x03,0x44,0xFA,0x00,0xAA,0x31,0x01,0x00,0x02,0x34,0xFA,0x00,0xAA,0x31,0x01,0x00,
  0x01,0x38,0xFA,0x00,0xAA,0x31,0x01,0x00,0x00,0x3B,0xFA,0x00,0x27,0x32,0x01,0x00,0x03,0x46,0x7D,0x00,0xA4,0x32,0x01,0x00,
  0x02,0x34,0xFA,0x00,0xA4,0x32,0x01,0x00,0x01,0x38,0xFA,0x00,0xA4,0x32,0x01,0x00,0x04,0x3B,0xFA,0x00,0xA4,0x32,0x01,0x00,
  0x00,0x40,0x7D,0x00,0xA4,0x32,0x01,0x00,0x03,0x47,0x7D,0x00,0x21,0x33,0x01,0x00,0x03,0x44,0x7D,0x00,0x9E,0x33,0x01,0x00,
  0x01,0x33,0xFA,0x00,0x9E,0x33,0x01,0x00,0x02,0x38,0xFA,0x00,0x9E,0x33,0x01,0x00,0x00,0x3C,0xFA,0x00,0x9E,0x33,0x01,0x00,
  0x03,0x46,0x7D,0x00,0x1B,0x34,0x01,0x00,0x03,0x3F,0xFA,0x00,0x1B,0x34,0x01,0x00,0x04,0x48,0xFA,0x00,0x98,0x34,0x01,0x00,
  0x01,0x33,0xFA,0x00,0x98,0x34,0x01,0x00,0x02,0x38,0xFA,0x00,0x98,0x34,0x01,0x00,0x00,0x3C,0xFA,0x00,0x15,0x35,0x01,0x00,
  0x03,0x44,0x7D,0x00,0x92,0x35,0x01,0x00,0x01,0x33,0xFA,0x00,0x92,0x35,0x01,0x00,0x02,0x38,0xFA,0x00,0x92,0x35,0x01,0x00,
  0x00,0x3C,0xFA,0x00,0x92,0x35,0x01,0x00,0x03,0x3F,0x7D,0x00,0x92,0x35,0x01,0x00,0x04,0x48,0x7D,0x00,0x0F,0x36,0x01,0x00,
  0x03,0x44,0x7D,0x00,0x8C,0x36,0x01,0x00,0x01,0x33,0xFA,0x00,0x8C,0x36,0x01,0x00,0x00,0x37,0xFA,0x00,0x8C,0x36,0x01,0x00,
  0x02,0x3D,0xFA,0x00,0x8C,0x36,0x01,0x00,0x03,0x3F,0xFA,0x00,0x8C,0x36,0x01,0x00,0x04,0x46,0xFA,0x00,0x86,0x37,0x01,0x00,
  0x01,0x38,0xFA,0x00,0x86,0x37,0x01,0x00,0x00,0x3C,0xFA,0x00,0x86,0x37,0x01,0x00,0x03,0x3F,0xFA,0x00,0x86,0x37,0x01,0x00,
  0x04,0x44,0xFA,0x00,0x80,0x38,0x01,0x00,0x03,0x44,0xFA,0x00,0x80,0x38,0x01,0x00,0x00,0x50,0xFA,0x00,0x7A,0x39,0x01,0x00,
  0x04,0x27,0xFA,0x00,0x7A,0x39,0x01,0x00,0x01,0x33,0xFA,0x00,0x7A,0x39,0x01,0x00,0x03,0x44,0x77,0x01,0x7A,0x39,0x01,0x00,
  0x02,0x48,0x77,0x01,0x7A,0x39,0x01,0x00,0x00,0x4B,0x77,0x01,0x7A,0x39,0x01,0x00,0x04,0x50,0x77,0x01,0x74,0x3A,0x01,0x00,
  0x01,0x38,0xFA,0x00,0x74,0x3A,0x01,0x00,0x03,0x3C,0xFA,0x00,0x74,0x3A,0x01,0x00,0x02,0x42,0xFA,0x00,0xF1,0x3A,0x01,0x00,
  0x00,0x46,0xFA,0x00,0xF1,0x3A,0x01,0x00,0x04,0x48,0xFA,0x00,0xF1,0x3A,0x01,0x00,0x01,0x4B,0xFA,0x00,0xF1,0x3A,0x01,0x00,
  0x03,0x50,0xFA,0x00,0x6E,0x3B,0x01,0x00,0x02,0x2A,0xFA,0x00,0x6E,0x3B,0x01,0x00,0x00,0x36,0xFA,0x00,0xEB,0x3B,0x01,0x00,
  0x03,0x48,0x7D,0x00,0xEB,0x3B,0x01,0x00,0x01,0x4B,0x7D,0x00,0x68,0x3C,0x01,0x00,0x01,0x38,0xFA,0x00,0x68,0x3C,0x01,0x00,
  0x00,0x3C,0xFA,0x00,0x68,0x3C,0x01,0x00,0x02,0x42,0xFA,0x00,0x68,0x3C,0x01,0x00,0x03,0x46,0xFA,0x00,0x62,0x3D,0x01,0x00,
  0x01,0x29,0xFA,0x00,0x62,0x3D,0x01,0x00,0x03,0x35,0xFA,0x00,0x62,0x3D,0x01,0x00,0x04,0x44,0x77,0x01,0x62,0x3D,0x01,0x00,
  0x02,0x48,0x77,0x01,0x62,0x3D,0x01,0x00,0x00,0x4B,0x77,0x01,0x62,0x3D,0x01,0x00,0x01,0x50,0x77,0x01,0x5C,0x3E,0x01,0x00,
  0x03,0x38,0xFA,0x00,0x5C,0x3E,0x01,0x00,0x04,0x3C,0xFA,0x00,0x5C,0x3E,0x01,0x00,0x02,0x42,0xFA,0x00,0xD9,0x3E,0x01,0x00,
  0x00,0x46,0xFA,0x00,0xD9,0x3E,0x01,0x00,0x01,0x48,0xFA,0x00,0xD9,0x3E,0x01,0x00,0x03,0x4B,0xFA,0x00,0xD9,0x3E,0x01,0x00,
  0x04,0x50,0xFA,0x00,0x56,0x3F,0x01,0x00,0x02,0x27,0xFA,0x00,0x56,0x3F,0x01,0x00,0x00,0x33,0xFA,0x00,0xD3,0x3F,0x01,0x00,
  0x03,0x48,0x7D,0x00,0xD3,0x3F,0x01,0x00,0x01,0x4B,0x7D,0x00,0x50,0x40,0x01,0x00,0x01,0x24,0xFA,0x00,0x50,0x40,0x01,0x00,
  0x03,0x30,0xFA,0x00,0x50,0x40,0x01,0x00,0x00,0x46,0x7D,0x00,0xCD,0x40,0x01,0x00,0x02,0x48,0x7D,0x00,0xCD,0x40,0x01,0x00,
  0x00,0x4B,0x7D,0x00,0x4A,0x41,0x01,0x00,0x02,0x25,0xFA,0x00,0x4A,0x41,0x01,0x00,0x04,0x31,0xFA,0x00,0x4A,0x41,0x01,0x00,
  0x03,0x44,0x7D,0x00,0xC7,0x41,0x01,0x00,0x03,0x49,0x7D,0x00,0x44,0x42,0x01,0x00,0x01,0x38,0xFA,0x00,0x44,0x42,0x01,0x00,
  0x02,0x3D,0xFA,0x00,0x44,0x42,0x01,0x00,0x00,0x41,0xFA,0x00,0x44,0x42,0x01,0x00,0x03,0x46,0x7D,0x00,0xC1,0x42,0x01,0x00,
  0x03,0x49,0x7D,0x00,0x3E,0x43,0x01,0x00,0x04,0x2C,0xFA,0x00,0x3E,0x43,0x01,0x00,0x01,0x38,0xFA,0x00,0x3E,0x43,0x01,0x00,
  0x02,0x4D,0x7D,0x00,0xBB,0x43,0x01,0x00,0x03,0x44,0x7D,0x00,0x38,0x44,0x01,0x00,0x01,0x38,0xFA,0x00,0x38,0x44,0x01,0x00,
  0x02,0x3D,0xFA,0x00,0x38,0x44,0x01,0x00,0x00,0x41,0xFA,0x00,0x38,0x44,0x01,0x00,0x03,0x49,0x7D,0x00,0xB5,0x44,0x01,0x00,
  0x03,0x4D,0x7D,0x00,0x32,0x45,0x01,0x00,0x01,0x29,0xFA,0x00,0x32,0x45,0x01,0x00,0x03,0x35,0xFA,0x00,0x32,0x45,0x01,0x00,
  0x00,0x46,0x7D,0x00,0xAF,0x45,0x01,0x00,0x04,0x49,0x7D,0x00,0x2C,0x46,0x01,0x00,0x01,0x38,0xFA,0x00,0x2C,0x46,0x01,0x00,
  0x02,0x3D,0xFA,0x00,0x2C,0x46,0x01,0x00,0x00,0x41,0xFA,0x00,0x2C,0x46,0x01,0x00,0x03,0x4D,0x7D,0x00,0xA9,0x46,0x01,0x00,
  0x03,0x44,0xFA,0x00,0x26,0x47,0x01,0x00,0x02,0x25,0xFA,0x00,0x26,0x47,0x01,0x00,0x04,0x31,0xFA,0x00,0xA3,0x47,0x01,0x00,
  0x03,0x4D,0x7D,0x00,0x20,0x48,0x01,0x00,0x03,0x26,0xFA,0x00,0x20,0x48,0x01,0x00,0x00,0x32,0xFA,0x00,0x20,0x48,0x01,0x00,
  0x01,0x46,0x7D,0x00,0x9D,0x48,0x01,0x00,0x02,0x4D,0x7D,0x00,0x1A,0x49,0x01,0x00,0x04,0x27,0xFA,0x00,0x1A,0x49,0x01,0x00,
  0x01,0x33,0xFA,0x00,0x1A,0x49,0x01,0x00,0x03,0x44,0x77,0x01,0x1A,0x49,0x01,0x00,0x02,0x48,0x77,0x01,0x1A,0x49,0x01,0x00,
  0x00,0x4B,0x77,0x01,0x1A,0x49,0x01,0x00,0x04,0x50,0x77,0x01,0x14,0x4A,0x01,0x00,0x01,0x38,0xFA,0x00,0x14,0x4A,0x01,0x00,
  0x03,0x3C,0xFA,0x00,0x14,0x4A,0x01,0x00,0x02,0x42,0xFA,0x00,0x91,0x4A,0x01,0x00,0x00,0x46,0xFA,0x00,0x91,0x4A,0x01,0x00,
  0x04,0x48,0xFA,0x00,0x91,0x4A,0x01,0x00,0x01,0x4B,0xFA,0x00,0x91,0x4A,0x01,0x00,0x03,0x50,0xFA,0x00,0x0E,0x4B,0x01,0x00,
  0x02,0x2A,0xFA,0x00,0x0E,0x4B,0x01,0x00,0x00,0x36,0xFA,0x00,0x8B,0x4B,0x01,0x00,0x03,0x48,0x7D,0x00,0x8B,0x4B,0x01,0x00,
  0x01,0x4B,0x7D,0x00,0x08,0x4C,0x01,0x00,0x01,0x38,0xFA,0x00,0x08,0x4C,0x01,0x00,0x00,0x3C,0xFA,0x00,0x08,0x4C,0x01,0x00,
  0x02,0x42,0xFA,0x00,0x08,0x4C,0x01,0x00,0x03,0x46,0xFA,0x00,0x02,0x4D,0x01,0x00,0x01,0x29,0xFA,0x00,0x02,0x4D,0x01,0x00,
  0x03,0x35,0xFA,0x00,0x02,0x4D,0x01,0x00,0x04,0x44,0x77,0x01,0x02,0x4D,0x01,0x00,0x02,0x48,0x77,0x01,0x02,0x4D,0x01,0x00,
  0x00,0x4B,0x77,0x01,0x02,0x4D,0x01,0x00,0x01,0x50,0x77,0x01,0xFC,0x4D,0x01,0x00,0x03,0x38,0xFA,0x00,0xFC,0x4D,0x01,0x00,
  0x04,0x3C,0xFA,0x00,0xFC,0x4D,0x01,0x00,0x02,0x42,0xFA,0x00,0x79,0x4E,0x01,0x00,0x00,0x46,0xFA,0x00,0x79,0x4E,0x01,0x00,
  0x01,0x48,0xFA,0x00,0x79,0x4E,0x01,0x00,0x03,0x4B,0xFA,0x00,0x79,0x4E,0x01,0x00,0x04,0x50,0xFA,0x00,0xF6,0x4E,0x01,0x00,
  0x02,0x27,0xFA,0x00,0xF6,0x4E,0x01,0x00,0x00,0x33,0xFA,0x00,0x73,0x4F,0x01,0x00,0x03,0x48,0x7D,0x00,0x73,0x4F,0x01,0x00,
  0x01,0x4B,0x7D,0x00,0xF0,0x4F,0x01,0x00,0x01,0x24,0xFA,0x00,0xF0,0x4F,0x01,0x00,0x03,0x30,0xFA,0x00,0xF0,0x4F,0x01,0x00,
  0x00,0x46,0x7D,0x00,0x6D,0x50,0x01,0x00,0x02,0x48,0x7D,0x00,0x6D,0x50,0x01,0x00,0x00,0x4B,0x7D,0x00,0xEA,0x50,0x01,0x00,
  0x02,0x25,0xFA,0x00,0xEA,0x50,0x01,0x00,0x04,0x31,0xFA,0x00,0xEA,0x50,0x01,0x00,0x03,0x44,0x7D,0x00,0x67,0x51,0x01,0x00,
  0x03,0x49,0x7D,0x00,0xE4,0x51,0x01,0x00,0x01,0x38,0xFA,0x00,0xE4,0x51,0x01,0x00,0x02,0x3D,0xFA,0x00,0xE4,0x51,0x01,0x00,
  0x00,0x41,0xFA,0x00,0xE4,0x51,0x01,0x00,0x03,0x46,0x7D,0x00,0x61,0x52,0x01,0x00,0x03,0x49,0x7D,0x00,0xDE,0x52,0x01,0x00,
  0x04,0x2C,0xFA,0x00,0xDE,0x52,0x01,0x00,0x01,0x38,0xFA,0x00,0xDE,0x52,0x01,0x00,0x02,0x4D,0x7D,0x00,0x5B,0x53,0x01,0x00,
  0x03,0x44,0x7D,0x00,0xD8,0x53,0x01,0x00,0x01,0x38,0xFA,0x00,0xD8,0x53,0x01,0x00,0x02,0x3D,0xFA,0x00,0xD8,0x53,0x01,0x00,
  0x00,0x41,0xFA,0x00,0xD8,0x53,0x01,0x00,0x03,0x49,0x7D,0x00,0x55,0x54,0x01,0x00,0x03,0x4D,0x7D,0x00,0xD2,0x54,0x01,0x00,
  0x01,0x29,0xFA,0x00,0xD2,0x54,0x01,0x00,0x03,0x35,0xFA,0x00,0xD2,0x54,0x01,0x00,0x00,0x46,0x7D,0x00,0x4F,0x55,0x01,0x00,
  0x04,0x49,0x7D,0x00,0xCC,0x55,0x01,0x00,0x01,0x38,0xFA,0x00,0xCC,0x55,0x01,0x00,0x02,0x3D,0xFA,0x00,0xCC,0x55,0x01,0x00,
  0x00,0x41,0xFA,0x00,0xCC,0x55,0x01,0x00,0x03,0x4D,0x7D,0x00,0x49,0x56,0x01,0x00,0x03,0x44,0xFA,0x00,0xC6,0x56,0x01,0x00,
  0x02,0x25,0xFA,0x00,0xC6,0x56,0x01,0x00,0x04,0x31,0xFA,0x00,0x43,0x57,0x01,0x00,0x03,0x4D,0x7D,0x00,0xC0,0x57,0x01,0x00,
  0x01,0x24,0xFA,0x00,0xC0,0x57,0x01,0x00,0x03,0x30,0xFA,0x00,0xC0,0x57,0x01,0x00,0x04,0x45,0x7D,0x00,0x3D,0x58,0x01,0x00,
  0x00,0x4B,0x7D,0x00,0x3D,0x58,0x01,0x00,0x02,0x4D,0x7D,0x00,0xBA,0x58,0x01,0x00,0x04,0x22,0xFA,0x00,0xBA,0x58,0x01,0x00,
  0x01,0x2E,0xFA,0x00,0xBA,0x58,0x01,0x00,0x00,0x46,0x77,0x01,0xBA,0x58,0x01,0x00,0x02,0x4A,0x77,0x01,0xBA,0x58,0x01,0x00,
  0x03,0x4D,0x77,0x01,0xBA,0x58,0x01,0x00,0x04,0x52,0x77,0x01,0xB4,0x59,0x01,0x00,0x01,0x3A,0xFA,0x00,0xB4,0x59,0x01,0x00,
  0x00,0x3E,0xFA,0x00,0xB4,0x59,0x01,0x00,0x02,0x44,0xFA,0x00,0x31,0x5A,0x01,0x00,0x03,0x48,0xFA,0x00,0x31,0x5A,0x01,0x00,
  0x04,0x4A,0xFA,0x00,0x31,0x5A,0x01,0x00,0x01,0x4D,0xFA,0x00,0x31,0x5A,0x01,0x00,0x00,0x52,0xFA,0x00,0xAE,0x5A,0x01,0x00,
  0x02,0x26,0xFA,0x00,0xAE,0x5A,0x01,0x00,0x03,0x32,0xFA,0x00,0x2B,0x5B,0x01,0x00,0x04,0x4A,0x7D,0x00,0x2B,0x5B,0x01,0x00,
  0x00,0x4D,0x7D,0x00,0xA8,0x5B,0x01,0x00,0x03,0x3A,0xFA,0x00,0xA8,0x5B,0x01,0x00,0x02,0x3E,0xFA,0x00,0xA8,0x5B,0x01,0x00,
  0x04,0x44,0xFA,0x00,0xA8,0x5B,0x01,0x00,0x00,0x48,0xFA,0x00,0xA2,0x5C,0x01,0x00,0x01,0x29,0xFA,0x00,0xA2,0x5C,0x01,0x00,
  0x03,0x35,0xFA,0x00,0xA2,0x5C,0x01,0x00,0x00,0x46,0x77,0x01,0xA2,0x5C,0x01,0x00,0x04,0x4A,0x77,0x01,0xA2,0x5C,0x01,0x00,
  0x02,0x4D,0x77,0x01,0xA2,0x5C,0x01,0x00,0x01,0x52,0x77,0x01,0x9C,0x5D,0x01,0x00,0x03,0x3A,0xFA,0x00,0x9C,0x5D,0x01,0x00,
  0x00,0x3E,0xFA,0x00,0x9C,0x5D,0x01,0x00,0x04,0x44,0xFA,0x00,0x19,0x5E,0x01,0x00,0x02,0x48,0xFA,0x00,0x19,0x5E,0x01,0x00,
  0x01,0x4A,0xFA,0x00,0x19,0x5E,0x01,0x00,0x03,0x4D,0xFA,0x00,0x19,0x5E,0x01,0x00,0x00,0x52,0xFA,0x00,0x96,0x5E,0x01,0x00,
  0x04,0x2E,0xFA,0x00,0x96,0x5E,0x01,0x00,0x02,0x3A,0xFA,0x00,0x13,0x5F,0x01,0x00,0x00,0x4A,0x7D,0x00,0x13,0x5F,0x01,0x00,
  0x03,0x4D,0x7D,0x00,0x90,0x5F,0x01,0x00,0x03,0x3A,0xFA,0x00,0x90,0x5F,0x01,0x00,0x02,0x3E,0xFA,0x00,0x90,0x5F,0x01,0x00,
  0x04,0x44,0xFA,0x00,0x90,0x5F,0x01,0x00,0x00,0x48,0x7D,0x00,0x0D,0x60,0x01,0x00,0x00,0x4A,0x7D,0x00,0x0D,0x60,0x01,0x00,
  0x01,0x4D,0x7D,0x00,0x8A,0x60,0x01,0x00,0x04,0x27,0xFA,0x00,0x8A,0x60,0x01,0x00,0x01,0x33,0xFA,0x00,0x07,0x61,0x01,0x00,
  0x00,0x4B,0x7D,0x00,0x84,0x61,0x01,0x00,0x03,0x3A,0xFA,0x00,0x84,0x61,0x01,0x00,0x04,0x3F,0xFA,0x00,0x84,0x61,0x01,0x00,
  0x01,0x42,0xFA,0x00,0x84,0x61,0x01,0x00,0x00,0x46,0x7D,0x00,0x84,0x61,0x01,0x00,0x02,0x52,0x7D,0x00,0x01,0x62,0x01,0x00,
  0x00,0x4B,0x7D,0x00,0x7E,0x62,0x01,0x00,0x02,0x2A,0xFA,0x00,0x7E,0x62,0x01,0x00,0x04,0x36,0xFA,0x00,0x7E,0x62,0x01,0x00,
  0x03,0x4E,0x7D,0x00,0xFB,0x62,0x01,0x00,0x03,0x48,0xFA,0x00,0xFB,0x62,0x01,0x00,0x00,0x54,0xFA,0x00,0x78,0x63,0x01,0x00,
  0x04,0x3A,0xFA,0x00,0x78,0x63,0x01,0x00,0x01,0x3F,0xFA,0x00,0x78,0x63,0x01,0x00,0x02,0x42,0xFA,0x00,0xF5,0x63,0x01,0x00,
  0x00,0x4B,0x7D,0x00,0x72,0x64,0x01,0x00,0x04,0x27,0xFA,0x00,0x72,0x64,0x01,0x00,0x01,0x33,0xFA,0x00,0x72,0x64,0x01,0x00,
  0x00,0x46,0x7D,0x00,0x72,0x64,0x01,0x00,0x02,0x52,0x7D,0x00,0xEF,0x64,0x01,0x00,0x00,0x4B,0x7D,0x00,0x6C,0x65,0x01,0x00,
  0x03,0x3A,0xFA,0x00,0x6C,0x65,0x01,0x00,0x04,0x3F,0xFA,0x00,0x6C,0x65,0x01,0x00,0x01,0x42,0xFA,0x00,0x6C,0x65,0x01,0x00,
  0x00,0x4E,0x7D,0x00,0xE9,0x65,0x01,0x00,0x02,0x48,0xFA,0x00,0xE9,0x65,0x01,0x00,0x00,0x54,0xFA,0x00,0x66,0x66,0x01,0x00,
  0x03,0x2A,0xFA,0x00,0x66,0x66,0x01,0x00,0x04,0x36,0xFA,0x00,0xE3,0x66,0x01,0x00,0x00,0x4B,0x7D,0x00,0x60,0x67,0x01,0x00,
  0x03,0x3A,0xFA,0x00,0x60,0x67,0x01,0x00,0x04,0x3F,0xFA,0x00,0x60,0x67,0x01,0x00,0x01,0x42,0xFA,0x00,0x60,0x67,0x01,0x00,
  0x00,0x46,0xFA,0x00,0x60,0x67,0x01,0x00,0x02,0x52,0xFA,0x00,0x5A,0x68,0x01,0x00,0x00,0x37,0x7D,0x00,0x5A,0x68,0x01,0x00,
  0x03,0x49,0xFA,0x00,0x5A,0x68,0x01,0x00,0x01,0x4C,0xFA,0x00,0x5A,0x68,0x01,0x00,0x02,0x55,0xFA,0x00,0xD7,0x68,0x01,0x00,
  0x04,0x3A,0xFA,0x00,0x54,0x69,0x01,0x00,0x03,0x49,0xFA,0x00,0x54,0x69,0x01,0x00,0x01,0x4C,0xFA,0x00,0x54,0x69,0x01,0x00,
  0x00,0x55,0xFA,0x00,0xD1,0x69,0x01,0x00,0x02,0x3D,0x7D,0x00,0x4E,0x6A,0x01,0x00,0x04,0x40,0x7D,0x00,0x4E,0x6A,0x01,0x00,
  0x02,0x48,0xFA,0x00,0x4E,0x6A,0x01,0x00,0x01,0x4C,0xFA,0x00,0x4E,0x6A,0x01,0x00,0x00,0x54,0xFA,0x00,0xCB,0x6A,0x01,0x00,
  0x03,0x3D,0x7D,0x00,0x48,0x6B,0x01,0x00,0x03,0x3A,0x7D,0x00,0x48,0x6B,0x01,0x00,0x00,0x46,0xFA,0x00,0x48,0x6B,0x01,0x00,
  0x01,0x4C,0xFA,0x00,0x48,0x6B,0x01,0x00,0x02,0x52,0xFA,0x00,0xC5,0x6B,0x01,0x00,0x03,0x37,0x7D,0x00,0x42,0x6C,0x01,0x00,
  0x04,0x2C,0xFA,0x00,0x42,0x6C,0x01,0x00,0x01,0x38,0xFA,0x00,0x42,0x6C,0x01,0x00,0x03,0x44,0x7D,0x00,0x42,0x6C,0x01,0x00,
  0x02,0x4D,0x7D,0x00,0xBF,0x6C,0x01,0x00,0x03,0x49,0x7D,0x00,0x3C,0x6D,0x01,0x00,0x01,0x38,0xFA,0x00,0x3C,0x6D,0x01,0x00,
  0x02,0x3D,0xFA,0x00,0x3C,0x6D,0x01,0x00,0x00,0x41,0xFA,0x00,0x3C,0x6D,0x01,0x00,0x03,0x4B,0x7D,0x00,0xB9,0x6D,0x01,0x00,
  0x03,0x46,0xFA,0x00,0xB9,0x6D,0x01,0x00,0x04,0x4E,0xFA,0x00,0x36,0x6E,0x01,0x00,0x01,0x2E,0xFA,0x00,0xB3,0x6E,0x01,0x00,
  0x00,0x46,0x7D,0x00,0x30,0x6F,0x01,0x00,0x01,0x38,0xFA,0x00,0x30,0x6F,0x01,0x00,0x03,0x3A,0xFA,0x00,0x30,0x6F,0x01,0x00,
  0x02,0x3E,0xFA,0x00,0x30,0x6F,0x01,0x00,0x04,0x44,0xFA,0x00,0x30,0x6F,0x01,0x00,0x00,0x4D,0xFA,0x00,0x2A,0x70,0x01,0x00,
  0x01,0x33,0xFA,0x00,0x2A,0x70,0x01,0x00,0x03,0x3A,0xFA,0x00,0x2A,0x70,0x01,0x00,0x02,0x3D,0xFA,0x00,0x2A,0x70,0x01,0x00,
  0x04,0x43,0x7D,0x00,0x2A,0x70,0x01,0x00,0x00,0x4D,0x7D,0x00,0xA7,0x70,0x01,0x00,0x04,0x49,0x7D,0x00,0x24,0x71,0x01,0x00,
  0x01,0x33,0xFA,0x00,0x24,0x71,0x01,0x00,0x03,0x3A,0xFA,0x00,0x24,0x71,0x01,0x00,0x02,0x3D,0xFA,0x00,0x24,0x71,0x01,0x00,
  0x00,0x4B,0x7D,0x00,0xA1,0x71,0x01,0x00,0x04,0x42,0xFA,0x00,0xA1,0x71,0x01,0x00,0x00,0x4D,0xFA,0x00,0x1E,0x72,0x01,0x00,
  0x01,0x38,0xFA,0x00,0x1E,0x72,0x01,0x00,0x02,0x3C,0xFA,0x00,0x9B,0x72,0x01,0x00,0x03,0x48,0x7D,0x00,0x18,0x73,0x01,0x00,
  0x01,0x38,0xFA,0x00,0x18,0x73,0x01,0x00,0x00,0x3C,0xFA,0x00,0x18,0x73,0x01,0x00,0x02,0x42,0x7D,0x00,0x18,0x73,0x01,0x00,
  0x03,0x4B,0x7D,0x00,0x95,0x73,0x01,0x00,0x02,0x41,0xFA,0x00,0x95,0x73,0x01,0x00,0x03,0x49,0xFA,0x00,0x12,0x74,0x01,0x00,
  0x04,0x31,0xFA,0x00,0x12,0x74,0x01,0x00,0x01,0x3D,0xFA,0x00,0x8F,0x74,0x01,0x00,0x03,0x44,0xFA,0x00,0x8F,0x74,0x01,0x00,
  0x00,0x50,0xFA,0x00,0x0C,0x75,0x01,0x00,0x01,0x38,0xFA,0x00,0x0C,0x75,0x01,0x00,0x02,0x3D,0xFA,0x00,0x0C,0x75,0x01,0x00,
  0x04,0x41,0xFA,0x00,0x89,0x75,0x01,0x00,0x03,0x4D,0x7D,0x00,0x06,0x76,0x01,0x00,0x01,0x38,0xFA,0x00,0x06,0x76,0x01,0x00,
  0x02,0x3D,0xFA,0x00,0x06,0x76,0x01,0x00,0x00,0x41,0xFA,0x00,0x06,0x76,0x01,0x00,0x03,0x44,0x7D,0x00,0x06,0x76,0x01,0x00,
  0x04,0x50,0x7D,0x00,0x83,0x76,0x01,0x00,0x03,0x4D,0x7D,0x00,0x00,0x77,0x01,0x00,0x03,0x26,0xFA,0x00,0x00,0x77,0x01,0x00,
  0x00,0x32,0xFA,0x00,0x00,0x77,0x01,0x00,0x04,0x44,0x7D,0x00,0x00,0x77,0x01,0x00,0x01,0x50,0x7D,0x00,0x7D,0x77,0x01,0x00,
  0x02,0x4D,0x7D,0x00,0xFA,0x77,0x01,0x00,0x04,0x27,0xFA,0x00,0xFA,0x77,0x01,0x00,0x01,0x33,0xFA,0x00,0xFA,0x77,0x01,0x00,
  0x03,0x44,0x77,0x01,0xFA,0x77,0x01,0x00,0x02,0x48,0x77,0x01,0xFA,0x77,0x01,0x00,0x00,0x4B,0x77,0x01,0xFA,0x77,0x01,0x00,
  0x04,0x50,0x77,0x01,0xF4,0x78,0x01,0x00,0x01,0x38,0xFA,0x00,0xF4,0x78,0x01,0x00,0x03,0x3C,0xFA,0x00,0xF4,0x78,0x01,0x00,
  0x02,0x42,0xFA,0x00,0x71,0x79,0x01,0x00,0x00,0x46,0xFA,0x00,0x71,0x79,0x01,0x00,0x04,0x48,0xFA,0x00,0x71,0x79,0x01,0x00,
  0x01,0x4B,0xFA,0x00,0x71,0x79,0x01,0x00,0x03,0x50,0xFA,0x00,0xEE,0x79,0x01,0x00,0x02,0x2A,0xFA,0x00,0xEE,0x79,0x01,0x00,
  0x00,0x36,0xFA,0x00,0x6B,0x7A,0x01,0x00,0x03,0x48,0x7D,0x00,0x6B,0x7A,0x01,0x00,0x01,0x4B,0x7D,0x00,0xE8,0x7A,0x01,0x00,
  0x01,0x38,0xFA,0x00,0xE8,0x7A,0x01,0x00,0x00,0x3C,0xFA,0x00,0xE8,0x7A,0x01,0x00,0x02,0x42,0xFA,0x00,0xE8,0x7A,0x01,0x00,
  0x03,0x46,0xFA,0x00,0xE2,0x7B,0x01,0x00,0x01,0x29,0xFA,0x00,0xE2,0x7B,0x01,0x00,0x03,0x35,0xFA,0x00,0xE2,0x7B,0x01,0x00,
  0x04,0x44,0x77,0x01,0xE2,0x7B,0x01,0x00,0x02,0x48,0x77,0x01,0xE2,0x7B,0x01,0x00,0x00,0x4B,0x77,0x01,0xE2,0x7B,0x01,0x00,
  0x01,0x50,0x77,0x01,0xDC,0x7C,0x01,0x00,0x03,0x38,0xFA,0x00,0xDC,0x7C,0x01,0x00,0x04,0x3C,0xFA,0x00,0xDC,0x7C,0x01,0x00,
  0x02,0x42,0xFA,0x00,0x59,0x7D,0x01,0x00,0x00,0x46,0xFA,0x00,0x59,0x7D,0x01,0x00,0x01,0x48,0xFA,0x00,0x59,0x7D,0x01,0x00,
  0x03,0x4B,0xFA,0x00,0x59,0x7D,0x01,0x00,0x04,0x50,0xFA,0x00,0xD6,0x7D,0x01,0x00,0x02,0x27,0xFA,0x00,0xD6,0x7D,0x01,0x00,
  0x00,0x33,0xFA,0x00,0x53,0x7E,0x01,0x00,0x03,0x48,0x7D,0x00,0x53,0x7E,0x01,0x00,0x01,0x4B,0x7D,0x00,0xD0,0x7E,0x01,0x00,
  0x01,0x24,0xFA,0x00,0xD0,0x7E,0x01,0x00,0x03,0x30,0xFA,0x00,0xD0,0x7E,0x01,0x00,0x00,0x46,0x7D,0x00,0x4D,0x7F,0x01,0x00,
  0x02,0x48,0x7D,0x00,0x4D,0x7F,0x01,0x00,0x00,0x4B,0x7D,0x00,0xCA,0x7F,0x01,0x00,0x02,0x25,0xFA,0x00,0xCA,0x7F,0x01,0x00,
  0x04,0x31,0xFA,0x00,0xCA,0x7F,0x01,0x00,0x03,0x44,0x7D,0x00,0x47,0x80,0x01,0x00,0x03,0x49,0x7D,0x00,0xC4,0x80,0x01,0x00,
  0x01,0x38,0xFA,0x00,0xC4,0x80,0x01,0x00,0x02,0x3D,0xFA,0x00,0xC4,0x80,0x01,0x00,0x00,0x41,0xFA,0x00,0xC4,0x80,0x01,0x00,
  0x03,0x46,0x7D,0x00,0x41,0x81,0x01,0x00,0x03,0x49,0x7D,0x00,0xBE,0x81,0x01,0x00,0x04,0x2C,0xFA,0x00,0xBE,0x81,0x01,0x00,
  0x01,0x38,0xFA,0x00,0xBE,0x81,0x01,0x00,0x02,0x4D,0x7D,0x00,0x3B,0x82,0x01,0x00,0x03,0x44,0x7D,0x00,0xB8,0x82,0x01,0x00,
  0x01,0x38,0xFA,0x00,0xB8,0x82,0x01,0x00,0x02,0x3D,0xFA,0x00,0xB8,0x82,0x01,0x00,0x00,0x41,0xFA,0x00,0xB8,0x82,0x01,0x00,
  0x03,0x49,0x7D,0x00,0x35,0x83,0x01,0x00,0x03,0x4D,0x7D,0x00,0xB2,0x83,0x01,0x00,0x01,0x29,0xFA,0x00,0xB2,0x83,0x01,0x00,
  0x03,0x35,0xFA,0x00,0xB2,0x83,0x01,0x00,0x00,0x46,0x7D,0x00,0x2F,0x84,0x01,0x00,0x04,0x49,0x7D,0x00,0xAC,0x84,0x01,0x00,
  0x01,0x38,0xFA,0x00,0xAC,0x84,0x01,0x00,0x02,0x3D,0xFA,0x00,0xAC,0x84,0x01,0x00,0x00,0x41,0xFA,0x00,0xAC,0x84,0x01,0x00,
  0x03,0x4D,0x7D,0x00,0x29,0x85,0x01,0x00,0x03,0x44,0xFA,0x00,0xA6,0x85,0x01,0x00,0x02,0x25,0xFA,0x00,0xA6,0x85,0x01,0x00,
  0x04,0x31,0xFA,0x00,0x23,0x86,0x01,0x00,0x03,0x4D,0x7D,0x00,0xA0,0x86,0x01,0x00,0x03,0x26,0xFA,0x00,0xA0,0x86,0x01,0x00,
  0x00,0x32,0xFA,0x00,0xA0,0x86,0x01,0x00,0x01,0x46,0x7D,0x00,0x1D,0x87,0x01,0x00,0x02,0x4D,0x7D,0x00,0x9A,0x87,0x01,0x00,
  0x04,0x27,0xFA,0x00,0x9A,0x87,0x01,0x00,0x01,0x33,0xFA,0x00,0x9A,0x87,0x01,0x00,0x03,0x44,0x77,0x01,0x9A,0x87,0x01,0x00,
  0x02,0x48,0x77,0x01,0x9A,0x87,0x01,0x00,0x00,0x4B,0x77,0x01,0x9A,0x87,0x01,0x00,0x04,0x50,0x77,0x01,0x94,0x88,0x01,0x00,
  0x01,0x38,0xFA,0x00,0x94,0x88,0x01,0x00,0x03,0x3C,0xFA,0x00,0x94,0x88,0x01,0x00,0x02,0x42,0xFA,0x00,0x11,0x89,0x01,0x00,
  0x00,0x46,0xFA,0x00,0x11,0x89,0x01,0x00,0x04,0x48,0xFA,0x00,0x11,0x89,0x01,0x00,0x01,0x4B,0xFA,0x00,0x11,0x89,0x01,0x00,
  0x03,0x50,0xFA,0x00,0x8E,0x89,0x01,0x00,0x02,0x2A,0xFA,0x00,0x8E,0x89,0x01,0x00,0x00,0x36,0xFA,0x00,0x0B,0x8A,0x01,0x00,
  0x03,0x48,0x7D,0x00,0x0B,0x8A,0x01,0x00,0x01,0x4B,0x7D,0x00,0x88,0x8A,0x01,0x00,0x01,0x38,0xFA,0x00,0x88,0x8A,0x01,0x00,
  0x00,0x3C,0xFA,0x00,0x88,0x8A,0x01,0x00,0x02,0x42,0xFA,0x00,0x88,0x8A,0x01,0x00,0x03,0x46,0xFA,0x00,0x82,0x8B,0x01,0x00,
  0x01,0x29,0xFA,0x00,0x82,0x8B,0x01,0x00,0x03,0x35,0xFA,0x00,0x82,0x8B,0x01,0x00,0x04,0x44,0x77,0x01,0x82,0x8B,0x01,0x00,
  0x02,0x48,0x77,0x01,0x82,0x8B,0x01,0x00,0x00,0x4B,0x77,0x01,0x82,0x8B,0x01,0x00,0x01,0x50,0x77,0x01,0x7C,0x8C,0x01,0x00,
  0x03,0x38,0xFA,0x00,0x7C,0x8C,0x01,0x00,0x04,0x3C,0xFA,0x00,0x7C,0x8C,0x01,0x00,0x02,0x42,0xFA,0x00,0xF9,0x8C,0x01,0x00,
  0x00,0x46,0xFA,0x00,0xF9,0x8C,0x01,0x00,0x01,0x48,0xFA,0x00,0xF9,0x8C,0x01,0x00,0x03,0x4B,0xFA,0x00,0xF9,0x8C,0x01,0x00,
  0x04,0x50,0xFA,0x00,0x76,0x8D,0x01,0x00,0x02,0x27,0xFA,0x00,0x76,0x8D,0x01,0x00,0x00,0x33,0xFA,0x00,0xF3,0x8D,0x01,0x00,
  0x03,0x48,0x7D,0x00,0xF3,0x8D,0x01,0x00,0x01,0x4B,0x7D,0x00,0x70,0x8E,0x01,0x00,0x01,0x24,0xFA,0x00,0x70,0x8E,0x01,0x00,
  0x03,0x30,0xFA,0x00,0x70,0x8E,0x01,0x00,0x00,0x46,0x7D,0x00,0xED,0x8E,0x01,0x00,0x02,0x48,0x7D,0x00,0xED,0x8E,0x01,0x00,
  0x00,0x4B,0x7D,0x00,0x6A,0x8F,0x01,0x00,0x02,0x25,0xFA,0x00,0x6A,0x8F,0x01,0x00,0x04,0x31,0xFA,0x00,0x6A,0x8F,0x01,0x00,
  0x03,0x44,0x7D,0x00,0xE7,0x8F,0x01,0x00,0x03,0x49,0x7D,0x00,0x64,0x90,0x01,0x00,0x01,0x38,0xFA,0x00,0x64,0x90,0x01,0x00,
  0x02,0x3D,0xFA,0x00,0x64,0x90,0x01,0x00,0x00,0x41,0xFA,0x00,0x64,0x90,0x01,0x00,0x03,0x46,0x7D,0x00,0xE1,0x90,0x01,0x00,
  0x03,0x49,0x7D,0x00,0x5E,0x91,0x01,0x00,0x04,0x2C,0xFA,0x00,0x5E,0x91,0x01,0x00,0x01,0x38,0xFA,0x00,0x5E,0x91,0x01,0x00,
  0x02,0x4D,0x7D,0x00,0xDB,0x91,0x01,0x00,0x03,0x44,0x7D,0x00,0x58,0x92,0x01,0x00,0x01,0x38,0xFA,0x00,0x58,0x92,0x01,0x00,
  0x02,0x3D,0xFA,0x00,0x58,0x92,0x01,0x00,0x00,0x41,0xFA,0x00,0x58,0x92,0x01,0x00,0x03,0x49,0x7D,0x00,0xD5,0x92,0x01,0x00,
  0x03,0x4D,0x7D,0x00,0x52,0x93,0x01,0x00,0x01,0x29,0xFA,0x00,0x52,0x93,0x01,0x00,0x03,0x35,0xFA,0x00,0x52,0x93,0x01,0x00,
  0x00,0x46,0x7D,0x00,0xCF,0x93,0x01,0x00,0x04,0x49,0x7D,0x00,0x4C,0x94,0x01,0x00,0x01,0x38,0xFA,0x00,0x4C,0x94,0x01,0x00,
  0x02,0x3D,0xFA,0x00,0x4C,0x94,0x01,0x00,0x00,0x41,0xFA,0x00,0x4C,0x94,0x01,0x00,0x03,0x4D,0x7D,0x00,0xC9,0x94,0x01,0x00,
  0x03,0x44,0xFA,0x00,0x46,0x95,0x01,0x00,0x02,0x25,0xFA,0x00,0x46,0x95,0x01,0x00,0x04,0x31,0xFA,0x00,0xC3,0x95,0x01,0x00,
  0x03,0x4D,0x7D,0x00,0x40,0x96,0x01,0x00,0x01,0x24,0xFA,0x00,0x40,0x96,0x01,0x00,0x03,0x30,0xFA,0x00,0x40,0x96,0x01,0x00,
  0x04,0x45,0x7D,0x00,0xBD,0x96,0x01,0x00,0x00,0x4B,0x7D,0x00,0xBD,0x96,0x01,0x00,0x02,0x4D,0x7D,0x00,0x3A,0x97,0x01,0x00,
  0x04,0x22,0xFA,0x00,0x3A,0x97,0x01,0x00,0x01,0x2E,0xFA,0x00,0x3A,0x97,0x01,0x00,0x00,0x46,0x77,0x01,0x3A,0x97,0x01,0x00,
  0x02,0x4A,0x77,0x01,0x3A,0x97,0x01,0x00,0x03,0x4D,0x77,0x01,0x3A,0x97,0x01,0x00,0x04,0x52,0x77,0x01,0x34,0x98,0x01,0x00,
  0x01,0x3A,0xFA,0x00,0x34,0x98,0x01,0x00,0x00,0x3E,0xFA,0x00,0x34,0x98,0x01,0x00,0x02,0x44,0xFA,0x00,0xB1,0x98,0x01,0x00,
  0x03,0x48,0xFA,0x00,0xB1,0x98,0x01,0x00,0x04,0x4A,0xFA,0x00,0xB1,0x98,0x01,0x00,0x01,0x4D,0xFA,0x00,0xB1,0x98,0x01,0x00,
  0x00,0x52,0xFA,0x00,0x2E,0x99,0x01,0x00,0x02,0x26,0xFA,0x00,0x2E,0x99,0x01,0x00,0x03,0x32,0xFA,0x00,0xAB,0x99,0x01,0x00,
  0x04,0x4A,0x7D,0x00,0xAB,0x99,0x01,0x00,0x00,0x4D,0x7D,0x00,0x28,0x9A,0x01,0x00,0x03,0x3A,0xFA,0x00,0x28,0x9A,0x01,0x00,
  0x02,0x3E,0xFA,0x00,0x28,0x9A,0x01,0x00,0x04,0x44,0xFA,0x00,0x28,0x9A,0x01,0x00,0x00,0x48,0xFA,0x00,0x22,0x9B,0x01,0x00,
  0x01,0x29,0xFA,0x00,0x22,0x9B,0x01,0x00,0x03,0x35,0xFA,0x00,0x22,0x9B,0x01,0x00,0x00,0x46,0x77,0x01,0x22,0x9B,0x01,0x00,
  0x04,0x4A,0x77,0x01,0x22,0x9B,0x01,0x00,0x02,0x4D,0x77,0x01,0x22,0x9B,0x01,0x00,0x01,0x52,0x77,0x01,0x1C,0x9C,0x01,0x00,
  0x03,0x3A,0xFA,0x00,0x1C,0x9C,0x01,0x00,0x00,0x3E,0xFA,0x00,0x1C,0x9C,0x01,0x00,0x04,0x44,0xFA,0x00,0x99,0x9C,0x01,0x00,
  0x02,0x48,0xFA,0x00,0x99,0x9C,0x01,0x00,0x01,0x4A,0xFA,0x00,0x99,0x9C,0x01,0x00,0x03,0x4D,0xFA,0x00,0x99,0x9C,0x01,0x00,
  0x00,0x52,0xFA,0x00,0x16,0x9D,0x01,0x00,0x04,0x2E,0xFA,0x00,0x16,0x9D,0x01,0x00,0x02,0x3A,0xFA,0x00,0x93,0x9D,0x01,0x00,
  0x00,0x4A,0x7D,0x00,0x93,0x9D,0x01,0x00,0x03,0x4D,0x7D,0x00,0x10,0x9E,0x01,0x00,0x03,0x3A,0xFA,0x00,0x10,0x9E,0x01,0x00,
  0x02,0x3E,0xFA,0x00,0x10,0x9E,0x01,0x00,0x04,0x44,0xFA,0x00,0x10,0x9E,0x01,0x00,0x00,0x48,0x7D,0x00,0x8D,0x9E,0x01,0x00,
  0x00,0x4A,0x7D,0x00,0x8D,0x9E,0x01,0x00,0x01,0x4D,0x7D,0x00,0x0A,0x9F,0x01,0x00,0x04,0x27,0xFA,0x00,0x0A,0x9F,0x01,0x00,
  0x01,0x33,0xFA,0x00,0x87,0x9F,0x01,0x00,0x00,0x4B,0x7D,0x00,0x04,0xA0,0x01,0x00,0x03,0x3A,0xFA,0x00,0x04,0xA0,0x01,0x00,
  0x04,0x3F,0xFA,0x00,0x04,0xA0,0x01,0x00,0x01,0x42,0xFA,0x00,0x04,0xA0,0x01,0x00,0x00,0x46,0x7D,0x00,0x04,0xA0,0x01,0x00,
  0x02,0x52,0x7D,0x00,0x81,0xA0,0x01,0x00,0x00,0x4B,0x7D,0x00,0xFE,0xA0,0x01,0x00,0x02,0x2A,0xFA,0x00,0xFE,0xA0,0x01,0x00,
  0x04,0x36,0xFA,0x00,0xFE,0xA0,0x01,0x00,0x03,0x4E,0x7D,0x00,0x7B,0xA1,0x01,0x00,0x03,0x48,0xFA,0x00,0x7B,0xA1,0x01,0x00,
  0x00,0x54,0xFA,0x00,0xF8,0xA1,0x01,0x00,0x04,0x3A,0xFA,0x00,0xF8,0xA1,0x01,0x00,0x01,0x3F,0xFA,0x00,0xF8,0xA1,0x01,0x00,
  0x02,0x42,0xFA,0x00,0x75,0xA2,0x01,0x00,0x00,0x4B,0x7D,0x00,0xF2,0xA2,0x01,0x00,0x04,0x27,0xFA,0x00,0xF2,0xA2,0x01,0x00,
  0x01,0x33,0xFA,0x00,0xF2,0xA2,0x01,0x00,0x00,0x46,0x7D,0x00,0xF2,0xA2,0x01,0x00,0x02,0x52,0x7D,0x00,0x6F,0xA3,0x01,0x00,
  0x00,0x4B,0x7D,0x00,0xEC,0xA3,0x01,0x00,0x03,0x3A,0xFA,0x00,0xEC,0xA3,0x01,0x00,0x04,0x3F,0xFA,0x00,0xEC,0xA3,0x01,0x00,
  0x01,0x42,0xFA,0x00,0xEC,0xA3,0x01,0x00,0x00,0x4E,0x7D,0x00,0x69,0xA4,0x01,0x00,0x02,0x48,0xFA,0x00,0x69,0xA4,0x01,0x00,
  0x00,0x54,0xFA,0x00,0xE6,0xA4,0x01,0x00,0x03,0x2A,0xFA,0x00,0xE6,0xA4,0x01,0x00,0x04,0x36,0xFA,0x00,0x63,0xA5,0x01,0x00,
  0x00,0x4B,0x7D,0x00,0xE0,0xA5,0x01,0x00,0x03,0x3A,0xFA,0x00,0xE0,0xA5,0x01,0x00,0x04,0x3F,0xFA,0x00,0xE0,0xA5,0x01,0x00,
  0x01,0x42,0xFA,0x00,0xE0,0xA5,0x01,0x00,0x00,0x46,0xFA,0x00,0xE0,0xA5,0x01,0x00,0x02,0x52,0xFA,0x00,0xDA,0xA6,0x01,0x00,
  0x00,0x37,0x7D,0x00,0xDA,0xA6,0x01,0x00,0x03,0x49,0xFA,0x00,0xDA,0xA6,0x01,0x00,0x01,0x4C,0xFA,0x00,0xDA,0xA6,0x01,0x00,
  0x02,0x55,0xFA,0x00,0x57,0xA7,0x01,0x00,0x04,0x3A,0xFA,0x00,0xD4,0xA7,0x01,0x00,0x03,0x49,0xFA,0x00,0xD4,0xA7,0x01,0x00,
  0x01,0x4C,0xFA,0x00,0xD4,0xA7,0x01,0x00,0x00,0x55,0xFA,0x00,0x51,0xA8,0x01,0x00,0x02,0x3D,0x7D,0x00,0xCE,0xA8,0x01,0x00,
  0x04,0x40,0x7D,0x00,0xCE,0xA8,0x01,0x00,0x02,0x48,0xFA,0x00,0xCE,0xA8,0x01,0x00,0x01,0x4C,0xFA,0x00,0xCE,0xA8,0x01,0x00,
  0x00,0x54,0xFA,0x00,0x4B,0xA9,0x01,0x00,0x03,0x3D,0x7D,0x00,0xC8,0xA9,0x01,0x00,0x03,0x3A,0x7D,0x00,0xC8,0xA9,0x01,0x00,
  0x00,0x46,0xFA,0x00,0xC8,0xA9,0x01,0x00,0x01,0x4C,0xFA,0x00,0xC8,0xA9,0x01,0x00,0x02,0x52,0xFA,0x00,0x45,0xAA,0x01,0x00,
  0x03,0x37,0x7D,0x00,0xC2,0xAA,0x01,0x00,0x04,0x2C,0xFA,0x00,0xC2,0xAA,0x01,0x00,0x01,0x38,0xFA,0x00,0xC2,0xAA,0x01,0x00,
  0x03,0x44,0x7D,0x00,0xC2,0xAA,0x01,0x00,0x02,0x4D,0x7D,0x00,0x3F,0xAB,0x01,0x00,0x03,0x49,0x7D,0x00,0xBC,0xAB,0x01,0x00,
  0x01,0x38,0xFA,0x00,0xBC,0xAB,0x01,0x00,0x02,0x3D,0xFA,0x00,0xBC,0xAB,0x01,0x00,0x00,0x41,0xFA,0x00,0xBC,0xAB,0x01,0x00,
  0x03,0x4B,0x7D,0x00,0x39,0xAC,0x01,0x00,0x03,0x46,0xFA,0x00,0x39,0xAC,0x01,0x00,0x04,0x4E,0xFA,0x00,0xB6,0xAC,0x01,0x00,
  0x01,0x2E,0xFA,0x00,0x33,0xAD,0x01,0x00,0x00,0x46,0x7D,0x00,0xB0,0xAD,0x01,0x00,0x01,0x38,0xFA,0x00,0xB0,0xAD,0x01,0x00,
  0x03,0x3A,0xFA,0x00,0xB0,0xAD,0x01,0x00,0x02,0x3E,0xFA,0x00,0xB0,0xAD,0x01,0x00,0x04,0x44,0xFA,0x00,0xB0,0xAD,0x01,0x00,
  0x00,0x4D,0xFA,0x00,0xAA,0xAE,0x01,0x00,0x01,0x33,0xFA,0x00,0xAA,0xAE,0x01,0x00,0x03,0x3A,0xFA,0x00,0xAA,0xAE,0x01,0x00,
  0x02,0x3D,0xFA,0x00,0xAA,0xAE,0x01,0x00,0x04,0x43,0x7D,0x00,0xAA,0xAE,0x01,0x00,0x00,0x4D,0x7D,0x00,0x27,0xAF,0x01,0x00,
  0x04,0x49,0x7D,0x00,0xA4,0xAF,0x01,0x00,0x01,0x33,0xFA,0x00,0xA4,0xAF,0x01,0x00,0x03,0x3A,0xFA,0x00,0xA4,0xAF,0x01,0x00,
  0x02,0x3D,0xFA,0x00,0xA4,0xAF,0x01,0x00,0x00,0x4B,0x7D,0x00,0x21,0xB0,0x01,0x00,0x04,0x42,0xFA,0x00,0x21,0xB0,0x01,0x00,
  0x00,0x4D,0xFA,0x00,0x9E,0xB0,0x01,0x00,0x01,0x38,0xFA,0x00,0x9E,0xB0,0x01,0x00,0x02,0x3C,0xFA,0x00,0x1B,0xB1,0x01,0x00,
  0x03,0x48,0x7D,0x00,0x98,0xB1,0x01,0x00,0x01,0x38,0xFA,0x00,0x98,0xB1,0x01,0x00,0x00,0x3C,0xFA,0x00,0x98,0xB1,0x01,0x00,
  0x02,0x42,0x7D,0x00,0x98,0xB1,0x01,0x00,0x03,0x4B,0x7D,0x00,0x15,0xB2,0x01,0x00,0x02,0x41,0xFA,0x00,0x15,0xB2,0x01,0x00,
  0x03,0x49,0xFA,0x00,0x92,0xB2,0x01,0x00,0x04,0x31,0xFA,0x00,0x92,0xB2,0x01,0x00,0x01,0x3D,0xFA,0x00,0x0F,0xB3,0x01,0x00,
  0x03,0x49,0x7D,0x00,0x8C,0xB3,0x01,0x00,0x04,0x2C,0xFA,0x00,0x8C,0xB3,0x01,0x00,0x01,0x38,0xFA,0x00,0x8C,0xB3,0x01,0x00,
  0x02,0x4D,0x7D,0x00,0x09,0xB4,0x01,0x00,0x00,0x50,0x7D,0x00,0x86,0xB4,0x01,0x00,0x02,0x25,0xFA,0x00,0x86,0xB4,0x01,0x00,
  0x04,0x31,0xFA,0x00,0x86,0xB4,0x01,0x00,0x03,0x49,0xFA,0x00,0x86,0xB4,0x01,0x00,0x00,0x55,0xFA,0x00,0x80,0xB5,0x01,0x00,
  0x03,0x30,0xFA,0x00,0x80,0xB5,0x01,0x00,0x00,0x3C,0xFA,0x00,0x7A,0xB6,0x01,0x00,0x04,0x31,0xFA,0x00,0x7A,0xB6,0x01,0x00,
  0x01,0x3D,0xFA,0x00,0x7A,0xB6,0x01,0x00,0x03,0x44,0xFA,0x00,0x7A,0xB6,0x01,0x00,0x00,0x50,0xFA,0x00,0x74,0xB7,0x01,0x00,
  0x01,0x38,0xFA,0x00,0x74,0xB7,0x01,0x00,0x02,0x3D,0xFA,0x00,0x74,0xB7,0x01,0x00,0x00,0x41,0xFA,0x00,0x74,0xB7,0x01,0x00,
  0x03,0x44,0xFA,0x00,0x74,0xB7,0x01,0x00,0x04,0x4D,0xFA,0x00,0x6E,0xB8,0x01,0x00,0x01,0x38,0xFA,0x00,0x6E,0xB8,0x01,0x00,
  0x02,0x3D,0xFA,0x00,0x6E,0xB8,0x01,0x00,0x00,0x41,0xFA,0x00,0x6E,0xB8,0x01,0x00,0x03,0x44,0xFA,0x00,0x6E,0xB8,0x01,0x00,
  0x04,0x50,0xFA,0x00,0x68,0xB9,0x01,0x00,0x03,0x30,0xFA,0x00,0x68,0xB9,0x01,0x00,0x00,0x3C,0xFA,0x00,0x68,0xB9,0x01,0x00,
  0x04,0x44,0xFA,0x00,0x68,0xB9,0x01,0x00,0x02,0x4D,0xFA,0x00,0x62,0xBA,0x01,0x00,0x04,0x31,0xFA,0x00,0x62,0xBA,0x01,0x00,
  0x01,0x3D,0xFA,0x00,0x62,0xBA,0x01,0x00,0x02,0x4D,0xFA,0x00,0x62,0xBA,0x01,0x00,0x00,0x50,0xFA,0x00,0x5C,0xBB,0x01,0x00,
  0x01,0x38,0xFA,0x00,0x5C,0xBB,0x01,0x00,0x02,0x3D,0xFA,0x00,0x5C,0xBB,0x01,0x00,0x00,0x41,0xFA,0x00,0x5C,0xBB,0x01,0x00,
  0x03,0x4D,0x7D,0x00,0x5C,0xBB,0x01,0x00,0x04,0x52,0x7D,0x00,0xD9,0xBB,0x01,0x00,0x03,0x4D,0xFA,0x00,0xD9,0xBB,0x01,0x00,
  0x04,0x54,0xFA,0x00,0x56,0xBC,0x01,0x00,0x01,0x2E,0xFA,0x00,0x56,0xBC,0x01,0x00,0x00,0x3A,0xFA,0x00,0xD3,0xBC,0x01,0x00,
  0x02,0x52,0x7D,0x00,0x50,0xBD,0x01,0x00,0x02,0x2F,0xFA,0x00,0x50,0xBD,0x01,0x00,0x04,0x3B,0xFA,0x00,0x50,0xBD,0x01,0x00,
  0x00,0x50,0x7D,0x00,0xCD,0xBD,0x01,0x00,0x03,0x4D,0x7D,0x00,0x4A,0xBE,0x01,0x00,0x03,0x30,0xFA,0x00,0x4A,0xBE,0x01,0x00,
  0x00,0x3C,0xFA,0x00,0x4A,0xBE,0x01,0x00,0x01,0x4B,0x7D,0x00,0xC7,0xBE,0x01,0x00,0x02,0x4D,0xFA,0x00,0x44,0xBF,0x01,0x00,
  0x01,0x38,0xFA,0x00,0x44,0xBF,0x01,0x00,0x00,0x3C,0xFA,0x00,0x44,0xBF,0x01,0x00,0x03,0x3F,0xFA,0x00,0xC1,0xBF,0x01,0x00,
  0x04,0x44,0x71,0x02,0xC1,0xBF,0x01,0x00,0x02,0x48,0x71,0x02,0x3E,0xC0,0x01,0x00,0x01,0x38,0xFA,0x00,0x3E,0xC0,0x01,0x00,
  0x00,0x3C,0xFA,0x00,0x3E,0xC0,0x01,0x00,0x03,0x3F,0xFA,0x00,0x38,0xC1,0x01,0x00,0x00,0x27,0xFA,0x00,0x38,0xC1,0x01,0x00,
  0x01,0x33,0xFA,0x00,0x32,0xC2,0x01,0x00,0x04,0x2C,0xFA,0x00,0x32,0xC2,0x01,0x00,0x01,0x38,0xFA,0x00,0xAF,0xC2,0x01,0x00,
  0x00,0x4B,0x7D,0x00,0x2C,0xC3,0x01,0x00,0x01,0x33,0xFA,0x00,0x2C,0xC3,0x01,0x00,0x02,0x38,0xFA,0x00,0x2C,0xC3,0x01,0x00,
  0x00,0x3C,0xFA,0x00,0x2C,0xC3,0x01,0x00,0x03,0x44,0x7D,0x00,0x2C,0xC3,0x01,0x00,0x04,0x4D,0x7D,0x00,0xA9,0xC3,0x01,0x00,
  0x03,0x48,0x7D,0x00,0x26,0xC4,0x01,0x00,0x04,0x27,0xFA,0x00,0x26,0xC4,0x01,0x00,0x01,0x33,0xFA,0x00,0x26,0xC4,0x01,0x00,
  0x00,0x4B,0x7D,0x00,0xA3,0xC4,0x01,0x00,0x03,0x44,0xFA,0x00,0xA3,0xC4,0x01,0x00,0x02,0x4D,0xFA,0x00,0x20,0xC5,0x01,0x00,
  0x00,0x2D,0xFA,0x00,0x20,0xC5,0x01,0x00,0x04,0x39,0xFA,0x00,0x9D,0xC5,0x01,0x00,0x02,0x48,0x7D,0x00,0x1A,0xC6,0x01,0x00,
  0x01,0x2E,0xFA,0x00,0x1A,0xC6,0x01,0x00,0x03,0x3A,0xFA,0x00,0x1A,0xC6,0x01,0x00,0x02,0x43,0xFA,0x00,0x1A,0xC6,0x01,0x00,
  0x00,0x4B,0xFA,0x00,0x14,0xC7,0x01,0x00,0x01,0x33,0xFA,0x00,0x14,0xC7,0x01,0x00,0x00,0x37,0xFA,0x00,0x14,0xC7,0x01,0x00,
  0x02,0x3D,0xFA,0x00,0x14,0xC7,0x01,0x00,0x03,0x4D,0x7D,0x00,0x91,0xC7,0x01,0x00,0x03,0x43,0x71,0x02,0x91,0xC7,0x01,0x00,
  0x04,0x46,0x71,0x02,0x0E,0xC8,0x01,0x00,0x00,0x27,0xFA,0x00,0x0E,0xC8,0x01,0x00,0x01,0x33,0xFA,0x00,0x08,0xC9,0x01,0x00,
  0x00,0x2D,0xFA,0x00,0x08,0xC9,0x01,0x00,0x02,0x39,0xFA,0x00,0x02,0xCA,0x01,0x00,0x01,0x2E,0xFA,0x00,0x02,0xCA,0x01,0x00,
  0x03,0x3A,0xFA,0x00,0x7F,0xCA,0x01,0x00,0x04,0x49,0x7D,0x00,0xFC,0xCA,0x01,0x00,0x01,0x33,0xFA,0x00,0xFC,0xCA,0x01,0x00,
  0x00,0x37,0xFA,0x00,0xFC,0xCA,0x01,0x00,0x02,0x3D,0xFA,0x00,0xFC,0xCA,0x01,0x00,0x03,0x43,0x7D,0x00,0xFC,0xCA,0x01,0x00,
  0x04,0x4D,0x7D,0x00,0x79,0xCB,0x01,0x00,0x03,0x46,0x7D,0x00,0xF6,0xCB,0x01,0x00,0x04,0x27,0xFA,0x00,0xF6,0xCB,0x01,0x00,
  0x01,0x33,0xFA,0x00,0xF6,0xCB,0x01,0x00,0x03,0x49,0x7D,0x00,0x73,0xCC,0x01,0x00,0x02,0x43,0xFA,0x00,0x73,0xCC,0x01,0x00,
  0x03,0x4D,0xFA,0x00,0xF0,0xCC,0x01,0x00,0x04,0x2B,0xFA,0x00,0xF0,0xCC,0x01,0x00,0x00,0x37,0xFA,0x00,0x6D,0xCD,0x01,0x00,
  0x03,0x44,0xFA,0x00,0x6D,0xCD,0x01,0x00,0x02,0x48,0xFA,0x00,0xEA,0xCD,0x01,0x00,0x04,0x2C,0xFA,0x00,0xEA,0xCD,0x01,0x00,
  0x01,0x38,0xFA,0x00,0x67,0xCE,0x01,0x00,0x00,0x4B,0x7D,0x00,0xE4,0xCE,0x01,0x00,0x01,0x33,0xFA,0x00,0xE4,0xCE,0x01,0x00,
  0x02,0x38,0xFA,0x00,0xE4,0xCE,0x01,0x00,0x00,0x3C,0xFA,0x00,0xE4,0xCE,0x01,0x00,0x03,0x44,0x7D,0x00,0xE4,0xCE,0x01,0x00,
  0x04,0x4D,0x7D,0x00,0x61,0xCF,0x01,0x00,0x03,0x48,0x7D,0x00,0xDE,0xCF,0x01,0x00,0x04,0x27,0xFA,0x00,0xDE,0xCF,0x01,0x00,
  0x01,0x33,0xFA,0x00,0xDE,0xCF,0x01,0x00,0x00,0x4B,0x7D,0x00,0x5B,0xD0,0x01,0x00,0x03,0x44,0xFA,0x00,0x5B,0xD0,0x01,0x00,
  0x02,0x4D,0xFA,0x00,0xD8,0xD0,0x01,0x00,0x01,0x33,0xFA,0x00,0xD8,0xD0,0x01,0x00,0x04,0x38,0xFA,0x00,0xD8,0xD0,0x01,0x00,
  0x00,0x3C,0xFA,0x00,0x55,0xD1,0x01,0x00,0x03,0x44,0xFA,0x00,0x55,0xD1,0x01,0x00,0x02,0x48,0xFA,0x00,0xD2,0xD1,0x01,0x00,
  0x04,0x2C,0xFA,0x00,0xD2,0xD1,0x01,0x00,0x01,0x38,0xFA,0x00,0x4F,0xD2,0x01,0x00,0x00,0x4B,0x7D,0x00,0xCC,0xD2,0x01,0x00,
  0x01,0x33,0xFA,0x00,0xCC,0xD2,0x01,0x00,0x02,0x38,0xFA,0x00,0xCC,0xD2,0x01,0x00,0x00,0x3C,0xFA,0x00,0xCC,0xD2,0x01,0x00,
  0x03,0x44,0x7D,0x00,0xCC,0xD2,0x01,0x00,0x04,0x4D,0x7D,0x00,0x49,0xD3,0x01,0x00,0x03,0x48,0x7D,0x00,0xC6,0xD3,0x01,0x00,
  0x01,0x2E,0xFA,0x00,0xC6,0xD3,0x01,0x00,0x03,0x3A,0xFA,0x00,0xC6,0xD3,0x01,0x00,0x00,0x4B,0x7D,0x00,0x43,0xD4,0x01,0x00,
  0x04,0x44,0xFA,0x00,0x43,0xD4,0x01,0x00,0x02,0x4D,0xFA,0x00,0xC0,0xD4,0x01,0x00,0x03,0x30,0xFA,0x00,0xC0,0xD4,0x01,0x00,
  0x00,0x3C,0xFA,0x00,0x3D,0xD5,0x01,0x00,0x01,0x4B,0x7D,0x00,0xBA,0xD5,0x01,0x00,0x04,0x31,0xFA,0x00,0xBA,0xD5,0x01,0x00,
  0x01,0x3D,0xFA,0x00,0xBA,0xD5,0x01,0x00,0x03,0x44,0xFA,0x00,0xBA,0xD5,0x01,0x00,0x00,0x50,0xFA,0x00,0xB4,0xD6,0x01,0x00,
  0x01,0x38,0xFA,0x00,0xB4,0xD6,0x01,0x00,0x02,0x3D,0xFA,0x00,0xB4,0xD6,0x01,0x00,0x00,0x41,0xFA,0x00,0xB4,0xD6,0x01,0x00,
  0x03,0x44,0xFA,0x00,0xB4,0xD6,0x01,0x00,0x04,0x4D,0xFA,0x00,0xAE,0xD7,0x01,0x00,0x01,0x38,0xFA,0x00,0xAE,0xD7,0x01,0x00,
  0x02,0x3D,0xFA,0x00,0xAE,0xD7,0x01,0x00,0x00,0x41,0xFA,0x00,0xAE,0xD7,0x01,0x00,0x03,0x44,0xFA,0x00,0xAE,0xD7,0x01,0x00,
  0x04,0x50,0xFA,0x00,0xA8,0xD8,0x01,0x00,0x03,0x30,0xFA,0x00,0xA8,0xD8,0x01,0x00,0x00,0x3C,0xFA,0x00,0xA8,0xD8,0x01,0x00,
  0x04,0x44,0xFA,0x00,0xA8,0xD8,0x01,0x00,0x02,0x4D,0xFA,0x00,0xA2,0xD9,0x01,0x00,0x04,0x31,0xFA,0x00,0xA2,0xD9,0x01,0x00,
  0x01,0x3D,0xFA,0x00,0xA2,0xD9,0x01,0x00,0x02,0x4D,0xFA,0x00,0xA2,0xD9,0x01,0x00,0x00,0x50,0xFA,0x00,0x9C,0xDA,0x01,0x00,
  0x01,0x38,0xFA,0x00,0x9C,0xDA,0x01,0x00,0x02,0x3D,0xFA,0x00,0x9C,0xDA,0x01,0x00,0x00,0x41,0xFA,0x00,0x9C,0xDA,0x01,0x00,
  0x03,0x4D,0x7D,0x00,0x9C,0xDA,0x01,0x00,0x04,0x52,0x7D,0x00,0x19,0xDB,0x01,0x00,0x03,0x4D,0xFA,0x00,0x19,0xDB,0x01,0x00,
  0x04,0x54,0xFA,0x00,0x96,0xDB,0x01,0x00,0x01,0x2E,0xFA,0x00,0x96,0xDB,0x01,0x00,0x00,0x3A,0xFA,0x00,0x13,0xDC,0x01,0x00,
  0x02,0x52,0x7D,0x00,0x90,0xDC,0x01,0x00,0x02,0x2F,0xFA,0x00,0x90,0xDC,0x01,0x00,0x04,0x3B,0xFA,0x00,0x90,0xDC,0x01,0x00,
  0x00,0x50,0x7D,0x00,0x0D,0xDD,0x01,0x00,0x03,0x4D,0x7D,0x00,0x8A,0xDD,0x01,0x00,0x03,0x30,0xFA,0x00,0x8A,0xDD,0x01,0x00,
  0x00,0x3C,0xFA,0x00,0x8A,0xDD,0x01,0x00,0x01,0x50,0xFA,0x00,0x84,0xDE,0x01,0x00,0x01,0x38,0xFA,0x00,0x84,0xDE,0x01,0x00,
  0x00,0x3C,0xFA,0x00,0x84,0xDE,0x01,0x00,0x03,0x3F,0xFA,0x00,0x84,0xDE,0x01,0x00,0x02,0x4D,0xFA,0x00,0x7E,0xDF,0x01,0x00,
  0x01,0x38,0xFA,0x00,0x7E,0xDF,0x01,0x00,0x00,0x3C,0xFA,0x00,0x7E,0xDF,0x01,0x00,0x03,0x3F,0xFA,0x00,0x7E,0xDF,0x01,0x00,
  0x02,0x4B,0x7D,0x00,0xFB,0xDF,0x01,0x00,0x02,0x50,0xFA,0x00,0x78,0xE0,0x01,0x00,0x04,0x27,0xFA,0x00,0x78,0xE0,0x01,0x00,
  0x01,0x33,0xFA,0x00,0xF5,0xE0,0x01,0x00,0x03,0x44,0xFA,0x00,0xF5,0xE0,0x01,0x00,0x02,0x48,0xFA,0x00,0x72,0xE1,0x01,0x00,
  0x04,0x2C,0xFA,0x00,0x72,0xE1,0x01,0x00,0x01,0x38,0xFA,0x00,0xEF,0xE1,0x01,0x00,0x00,0x4B,0x7D,0x00,0x6C,0xE2,0x01,0x00,
  0x01,0x33,0xFA,0x00,0x6C,0xE2,0x01,0x00,0x02,0x38,0xFA,0x00,0x6C,0xE2,0x01,0x00,0x00,0x3C,0xFA,0x00,0x6C,0xE2,0x01,0x00,
  0x03,0x44,0x7D,0x00,0x6C,0xE2,0x01,0x00,0x04,0x4D,0x7D,0x00,0xE9,0xE2,0x01,0x00,0x03,0x48,0x7D,0x00,0x66,0xE3,0x01,0x00,
  0x04,0x27,0xFA,0x00,0x66,0xE3,0x01,0x00,0x01,0x33,0xFA,0x00,0x66,0xE3,0x01,0x00,0x00,0x4B,0x7D,0x00,0xE3,0xE3,0x01,0x00,
  0x03,0x44,0xFA,0x00,0xE3,0xE3,0x01,0x00,0x02,0x4D,0xFA,0x00,0x60,0xE4,0x01,0x00,0x01,0x33,0xFA,0x00,0x60,0xE4,0x01,0x00,
  0x04,0x38,0xFA,0x00,0x60,0xE4,0x01,0x00,0x00,0x3C,0xFA,0x00,0xDD,0xE4,0x01,0x00,0x02,0x41,0xFA,0x00,0xDD,0xE4,0x01,0x00,
  0x03,0x44,0xFA,0x00,0x5A,0xE5,0x01,0x00,0x04,0x25,0xFA,0x00,0x5A,0xE5,0x01,0x00,0x00,0x31,0xFA,0x00,0xD7,0xE5,0x01,0x00,
  0x01,0x46,0x7D,0x00,0x54,0xE6,0x01,0x00,0x02,0x25,0xFA,0x00,0x54,0xE6,0x01,0x00,0x04,0x31,0xFA,0x00,0x54,0xE6,0x01,0x00,
  0x00,0x41,0xFA,0x00,0x54,0xE6,0x01,0x00,0x03,0x44,0xFA,0x00,0x4E,0xE7,0x01,0x00,0x04,0x22,0xFA,0x00,0x4E,0xE7,0x01,0x00,
  0x01,0x2E,0xFA,0x00,0x4E,0xE7,0x01,0x00,0x00,0x40,0xFA,0x00,0x4E,0xE7,0x01,0x00,0x03,0x44,0xFA,0x00,0x48,0xE8,0x01,0x00,
  0x03,0x26,0xFA,0x00,0x48,0xE8,0x01,0x00,0x00,0x32,0xFA,0x00,0x48,0xE8,0x01,0x00,0x04,0x40,0x7D,0x00,0x48,0xE8,0x01,0x00,
  0x01,0x46,0x7D,0x00,0xC5,0xE8,0x01,0x00,0x04,0x3F,0xFA,0x00,0xC5,0xE8,0x01,0x00,0x01,0x44,0xFA,0x00,0x42,0xE9,0x01,0x00,
  0x00,0x27,0xFA,0x00,0x42,0xE9,0x01,0x00,0x02,0x33,0xFA,0x00,0xBF,0xE9,0x01,0x00,0x01,0x46,0x7D,0x00,0x3C,0xEA,0x01,0x00,
  0x01,0x33,0xFA,0x00,0x3C,0xEA,0x01,0x00,0x02,0x38,0xFA,0x00,0x3C,0xEA,0x01,0x00,0x00,0x3C,0xFA,0x00,0x3C,0xEA,0x01,0x00,
  0x03,0x3F,0x7D,0x00,0x3C,0xEA,0x01,0x00,0x04,0x48,0x7D,0x00,0xB9,0xEA,0x01,0x00,0x03,0x44,0x7D,0x00,0x36,0xEB,0x01,0x00,
  0x04,0x27,0xFA,0x00,0x36,0xEB,0x01,0x00,0x01,0x33,0xFA,0x00,0x36,0xEB,0x01,0x00,0x00,0x46,0x7D,0x00,0xB3,0xEB,0x01,0x00,
  0x03,0x3F,0xFA,0x00,0xB3,0xEB,0x01,0x00,0x02,0x48,0xFA,0x00,0x30,0xEC,0x01,0x00,0x00,0x28,0xFA,0x00,0x30,0xEC,0x01,0x00,
  0x04,0x34,0xFA,0x00,0xAD,0xEC,0x01,0x00,0x02,0x3E,0xFA,0x00,0xAD,0xEC,0x01,0x00,0x03,0x44,0xFA,0x00,0x2A,0xED,0x01,0x00,
  0x01,0x29,0xFA,0x00,0x2A,0xED,0x01,0x00,0x04,0x35,0xFA,0x00,0xA7,0xED,0x01,0x00,0x00,0x46,0x7D,0x00,0x24,0xEE,0x01,0x00,
  0x01,0x29,0xFA,0x00,0x24,0xEE,0x01,0x00,0x03,0x35,0xFA,0x00,0x24,0xEE,0x01,0x00,0x02,0x3E,0x7D,0x00,0x24,0xEE,0x01,0x00,
  0x04,0x48,0x7D,0x00,0xA1,0xEE,0x01,0x00,0x04,0x44,0x7D,0x00,0x1E,0xEF,0x01,0x00,0x03,0x2B,0xFA,0x00,0x1E,0xEF,0x01,0x00,
  0x00,0x37,0xFA,0x00,0x9B,0xEF,0x01,0x00,0x01,0x3D,0xFA,0x00,0x9B,0xEF,0x01,0x00,0x02,0x46,0xFA,0x00,0x18,0xF0,0x01,0x00,
  0x03,0x2B,0xFA,0x00,0x18,0xF0,0x01,0x00,0x00,0x37,0xFA,0x00,0x95,0xF0,0x01,0x00,0x04,0x3F,0x7D,0x00,0x12,0xF1,0x01,0x00,
  0x04,0x2C,0xFA,0x00,0x12,0xF1,0x01,0x00,0x01,0x38,0xFA,0x00,0x12,0xF1,0x01,0x00,0x00,0x3C,0xFA,0x00,0x12,0xF1,0x01,0x00,
  0x03,0x44,0xFA,0x00,0x0C,0xF2,0x01,0x00,0x01,0x33,0xFA,0x00,0x0C,0xF2,0x01,0x00,0x02,0x38,0xFA,0x00,0x0C,0xF2,0x01,0x00,
  0x00,0x3C,0xFA,0x00,0x0C,0xF2,0x01,0x00,0x03,0x3F,0xFA,0x00,0x0C,0xF2,0x01,0x00,0x04,0x4B,0xFA,0x00,0x06,0xF3,0x01,0x00,
  0x01,0x2E,0xFA,0x00,0x06,0xF3,0x01,0x00,0x03,0x3A,0xFA,0x00,0x06,0xF3,0x01,0x00,0x04,0x3F,0xFA,0x00,0x06,0xF3,0x01,0x00,
  0x00,0x4B,0xFA,0x00,0x00,0xF4,0x01,0x00,0x03,0x30,0xFA,0x00,0x00,0xF4,0x01,0x00,0x00,0x3C,0xFA,0x00,0x00,0xF4,0x01,0x00,
  0x04,0x3F,0xFA,0x00,0x00,0xF4,0x01,0x00,0x01,0x4B,0xFA,0x00,0xFA,0xF4,0x01,0x00,0x04,0x31,0xFA,0x00,0xFA,0xF4,0x01,0x00,
  0x01,0x3D,0xFA,0x00,0xFA,0xF4,0x01,0x00,0x03,0x44,0xFA,0x00,0xFA,0xF4,0x01,0x00,0x00,0x50,0xFA,0x00,0xF4,0xF5,0x01,0x00,
  0x01,0x38,0xFA,0x00,0xF4,0xF5,0x01,0x00,0x02,0x3D,0xFA,0x00,0xF4,0xF5,0x01,0x00,0x00,0x41,0xFA,0x00,0xF4,0xF5,0x01,0x00,
  0x03,0x44,0xFA,0x00,0xF4,0xF5,0x01,0x00,0x04,0x4D,0xFA,0x00,0xEE,0xF6,0x01,0x00,0x01,0x38,0xFA,0x00,0xEE,0xF6,0x01,0x00,
  0x02,0x3D,0xFA,0x00,0xEE,0xF6,0x01,0x00,0x00,0x41,0xFA,0x00,0xEE,0xF6,0x01,0x00,0x03,0x44,0xFA,0x00,0xEE,0xF6,0x01,0x00,
  0x04,0x50,0xFA,0x00,0xE8,0xF7,0x01,0x00,0x03,0x30,0xFA,0x00,0xE8,0xF7,0x01,0x00,0x00,0x3C,0xFA,0x00,0xE8,0xF7,0x01,0x00,
  0x04,0x44,0xFA,0x00,0xE8,0xF7,0x01,0x00,0x02,0x4D,0xFA,0x00,0xE2,0xF8,0x01,0x00,0x04,0x31,0xFA,0x00,0xE2,0xF8,0x01,0x00,
  0x01,0x3D,0xFA,0x00,0xE2,0xF8,0x01,0x00,0x02,0x4D,0xFA,0x00,0xE2,0xF8,0x01,0x00,0x00,0x50,0xFA,0x00,0xDC,0xF9,0x01,0x00,
  0x01,0x38,0xFA,0x00,0xDC,0xF9,0x01,0x00,0x02,0x3D,0xFA,0x00,0xDC,0xF9,0x01,0x00,0x00,0x41,0xFA,0x00,0xDC,0xF9,0x01,0x00,
  0x03,0x4D,0x7D,0x00,0xDC,0xF9,0x01,0x00,0x04,0x52,0x7D,0x00,0x59,0xFA,0x01,0x00,0x03,0x4D,0xFA,0x00,0x59,0xFA,0x01,0x00,
  0x04,0x54,0xFA,0x00,0xD6,0xFA,0x01,0x00,0x01,0x2E,0xFA,0x00,0xD6,0xFA,0x01,0x00,0x00,0x3A,0xFA,0x00,0x53,0xFB,0x01,0x00,
  0x02,0x52,0x7D,0x00,0xD0,0xFB,0x01,0x00,0x02,0x2F,0xFA,0x00,0xD0,0xFB,0x01,0x00,0x04,0x3B,0xFA,0x00,0xD0,0xFB,0x01,0x00,
  0x00,0x50,0x7D,0x00,0x4D,0xFC,0x01,0x00,0x03,0x4D,0x7D,0x00,0xCA,0xFC,0x01,0x00,0x03,0x30,0xFA,0x00,0xCA,0xFC,0x01,0x00,
  0x00,0x3C,0xFA,0x00,0xCA,0xFC,0x01,0x00,0x01,0x4B,0x7D,0x00,0x47,0xFD,0x01,0x00,0x02,0x4D,0xFA,0x00,0xC4,0xFD,0x01,0x00,
  0x01,0x38,0xFA,0x00,0xC4,0xFD,0x01,0x00,0x00,0x3C,0xFA,0x00,0xC4,0xFD,0x01,0x00,0x03,0x3F,0xFA,0x00,0x41,0xFE,0x01,0x00,
  0x04,0x44,0x71,0x02,0x41,0xFE,0x01,0x00,0x02,0x48,0x71,0x02,0xBE,0xFE,0x01,0x00,0x01,0x38,0xFA,0x00,0xBE,0xFE,0x01,0x00,
  0x00,0x3C,0xFA,0x00,0xBE,0xFE,0x01,0x00,0x03,0x3F,0xFA,0x00,0xB8,0xFF,0x01,0x00,0x00,0x27,0xFA,0x00,0xB8,0xFF,0x01,0x00,
  0x01,0x33,0xFA,0x00,0xB2,0x00,0x02,0x00,0x04,0x2C,0xFA,0x00,0xB2,0x00,0x02,0x00,0x01,0x38,0xFA,0x00,0x2F,0x01,0x02,0x00,
  0x00,0x4B,0x7D,0x00,0xAC,0x01,0x02,0x00,0x01,0x33,0xFA,0x00,0xAC,0x01,0x02,0x00,0x02,0x38,0xFA,0x00,0xAC,0x01,0x02,0x00,
  0x00,0x3C,0xFA,0x00,0xAC,0x01,0x02,0x00,0x03,0x44,0x7D,0x00,0xAC,0x01,0x02,0x00,0x04,0x4D,0x7D,0x00,0x29,0x02,0x02,0x00,
  0x03,0x48,0x7D,0x00,0xA6,0x02,0x02,0x00,0x04,0x27,0xFA,0x00,0xA6,0x02,0x02,0x00,0x01,0x33,0xFA,0x00,0xA6,0x02,0x02,0x00,
  0x00,0x4B,0x7D,0x00,0x23,0x03,0x02,0x00,0x03,0x44,0xFA,0x00,0x23,0x03,0x02,0x00,0x02,0x4D,0xFA,0x00,0xA0,0x03,0x02,0x00,
  0x00,0x2D,0xFA,0x00,0xA0,0x03,0x02,0x00,0x04,0x39,0xFA,0x00,0x1D,0x04,0x02,0x00,0x02,0x48,0x7D,0x00,0x9A,0x04,0x02,0x00,
  0x01,0x2E,0xFA,0x00,0x9A,0x04,0x02,0x00,0x03,0x3A,0xFA,0x00,0x9A,0x04,0x02,0x00,0x02,0x43,0xFA,0x00,0x9A,0x04,0x02,0x00,
  0x00,0x4B,0xFA,0x00,0x94,0x05,0x02,0x00,0x01,0x33,0xFA,0x00,0x94,0x05,0x02,0x00,0x00,0x37,0xFA,0x00,0x94,0x05,0x02,0x00,
  0x02,0x3D,0xFA,0x00,0x94,0x05,0x02,0x00,0x03,0x4D,0x7D,0x00,0x11,0x06,0x02,0x00,0x03,0x43,0x71,0x02,0x11,0x06,0x02,0x00,
  0x04,0x46,0x71,0x02,0x8E,0x06,0x02,0x00,0x00,0x27,0xFA,0x00,0x8E,0x06,0x02,0x00,0x01,0x33,0xFA,0x00,0x88,0x07,0x02,0x00,
  0x00,0x2D,0xFA,0x00,0x88,0x07,0x02,0x00,0x02,0x39,0xFA,0x00,0x82,0x08,0x02,0x00,0x01,0x2E,0xFA,0x00,0x82,0x08,0x02,0x00,
  0x03,0x3A,0xFA,0x00,0xFF,0x08,0x02,0x00,0x04,0x49,0x7D,0x00,0x7C,0x09,0x02,0x00,0x01,0x33,0xFA,0x00,0x7C,0x09,0x02,0x00,
  0x00,0x37,0xFA,0x00,0x7C,0x09,0x02,0x00,0x02,0x3D,0xFA,0x00,0x7C,0x09,0x02,0x00,0x03,0x43,0x7D,0x00,0x7C,0x09,0x02,0x00,
  0x04,0x4D,0x7D,0x00,0xF9,0x09,0x02,0x00,0x03,0x46,0x7D,0x00,0x76,0x0A,0x02,0x00,0x04,0x27,0xFA,0x00,0x76,0x0A,0x02,0x00,
  0x01,0x33,0xFA,0x00,0x76,0x0A,0x02,0x00,0x03,0x49,0x7D,0x00,0xF3,0x0A,0x02,0x00,0x02,0x43,0xFA,0x00,0xF3,0x0A,0x02,0x00,
  0x03,0x4D,0xFA,0x00,0x70,0x0B,0x02,0x00,0x04,0x2B,0xFA,0x00,0x70,0x0B,0x02,0x00,0x00,0x37,0xFA,0x00,0xED,0x0B,0x02,0x00,
  0x03,0x44,0xFA,0x00,0xED,0x0B,0x02,0x00,0x02,0x48,0xFA,0x00,0x6A,0x0C,0x02,0x00,0x04,0x2C,0xFA,0x00,0x6A,0x0C,0x02,0x00,
  0x01,0x38,0xFA,0x00,0xE7,0x0C,0x02,0x00,0x00,0x4B,0x7D,0x00,0x64,0x0D,0x02,0x00,0x01,0x33,0xFA,0x00,0x64,0x0D,0x02,0x00,
  0x02,0x38,0xFA,0x00,0x64,0x0D,0x02,0x00,0x00,0x3C,0xFA,0x00,0x64,0x0D,0x02,0x00,0x03,0x44,0x7D,0x00,0x64,0x0D,0x02,0x00,
  0x04,0x4D,0x7D,0x00,0xE1,0x0D,0x02,0x00,0x03,0x48,0x7D,0x00,0x5E,0x0E,0x02,0x00,0x04,0x27,0xFA,0x00,0x5E,0x0E,0x02,0x00,
  0x01,0x33,0xFA,0x00,0x5E,0x0E,0x02,0x00,0x00,0x4B,0x7D,0x00,0xDB,0x0E,0x02,0x00,0x03,0x44,0xFA,0x00,0xDB,0x0E,0x02,0x00,
  0x02,0x4D,0xFA,0x00,0x58,0x0F,0x02,0x00,0x01,0x33,0xFA,0x00,0x58,0x0F,0x02,0x00,0x04,0x38,0xFA,0x00,0x58,0x0F,0x02,0x00,
  0x00,0x3C,0xFA,0x00,0xD5,0x0F,0x02,0x00,0x03,0x44,0xFA,0x00,0xD5,0x0F,0x02,0x00,0x02,0x48,0xFA,0x00,0x52,0x10,0x02,0x00,
  0x04,0x2C,0xFA,0x00,0x52,0x10,0x02,0x00,0x01,0x38,0xFA,0x00,0xCF,0x10,0x02,0x00,0x00,0x4B,0x7D,0x00,0x4C,0x11,0x02,0x00,
  0x01,0x33,0xFA,0x00,0x4C,0x11,0x02,0x00,0x02,0x38,0xFA,0x00,0x4C,0x11,0x02,0x00,0x00,0x3C,0xFA,0x00,0x4C,0x11,0x02,0x00,
  0x03,0x44,0x7D,0x00,0x4C,0x11,0x02,0x00,0x04,0x4D,0x7D,0x00,0xC9,0x11,0x02,0x00,0x03,0x48,0x7D,0x00,0x46,0x12,0x02,0x00,
  0x01,0x2E,0xFA,0x00,0x46,0x12,0x02,0x00,0x03,0x3A,0xFA,0x00,0x46,0x12,0x02,0x00,0x00,0x4B,0x7D,0x00,0xC3,0x12,0x02,0x00,
  0x04,0x44,0xFA,0x00,0xC3,0x12,0x02,0x00,0x02,0x4D,0xFA,0x00,0x40,0x13,0x02,0x00,0x03,0x30,0xFA,0x00,0x40,0x13,0x02,0x00,
  0x00,0x3C,0xFA,0x00,0xBD,0x13,0x02,0x00,0x01,0x4B,0x7D,0x00,0x3A,0x14,0x02,0x00,0x04,0x31,0xFA,0x00,0x3A,0x14,0x02,0x00,
  0x01,0x3D,0xFA,0x00,0x3A,0x14,0x02,0x00,0x03,0x44,0xFA,0x00,0x3A,0x14,0x02,0x00,0x00,0x50,0xFA,0x00,0x34,0x15,0x02,0x00,
  0x01,0x38,0xFA,0x00,0x34,0x15,0x02,0x00,0x02,0x3D,0xFA,0x00,0x34,0x15,0x02,0x00,0x00,0x41,0xFA,0x00,0x34,0x15,0x02,0x00,
  0x03,0x44,0xFA,0x00,0x34,0x15,0x02,0x00,0x04,0x4D,0xFA,0x00,0x2E,0x16,0x02,0x00,0x01,0x38,0xFA,0x00,0x2E,0x16,0x02,0x00,
  0x02,0x3D,0xFA,0x00,0x2E,0x16,0x02,0x00,0x00,0x41,0xFA,0x00,0x2E,0x16,0x02,0x00,0x03,0x44,0xFA,0x00,0x2E,0x16,0x02,0x00,
  0x04,0x50,0xFA,0x00,0x28,0x17,0x02,0x00,0x03,0x30,0xFA,0x00,0x28,0x17,0x02,0x00,0x00,0x3C,0xFA,0x00,0x28,0x17,0x02,0x00,
  0x04,0x44,0xFA,0x00,0x28,0x17,0x02,0x00,0x02,0x4D,0xFA,0x00,0x22,0x18,0x02,0x00,0x04,0x31,0xFA,0x00,0x22,0x18,0x02,0x00,
  0x01,0x3D,0xFA,0x00,0x22,0x18,0x02,0x00,0x02,0x4D,0xFA,0x00,0x22,0x18,0x02,0x00,0x00,0x50,0xFA,0x00,0x1C,0x19,0x02,0x00,
  0x01,0x38,0xFA,0x00,0x1C,0x19,0x02,0x00,0x02,0x3D,0xFA,0x00,0x1C,0x19,0x02,0x00,0x00,0x41,0xFA,0x00,0x1C,0x19,0x02,0x00,
  0x03,0x4D,0x7D,0x00,0x1C,0x19,0x02,0x00,0x04,0x52,0x7D,0x00,0x99,0x19,0x02,0x00,0x03,0x4D,0xFA,0x00,0x99,0x19,0x02,0x00,
  0x04,0x54,0xFA,0x00,0x16,0x1A,0x02,0x00,0x01,0x2E,0xFA,0x00,0x16,0x1A,0x02,0x00,0x00,0x3A,0xFA,0x00,0x93,0x1A,0x02,0x00,
  0x02,0x52,0x7D,0x00,0x10,0x1B,0x02,0x00,0x02,0x2F,0xFA,0x00,0x10,0x1B,0x02,0x00,0x04,0x3B,0xFA,0x00,0x10,0x1B,0x02,0x00,
  0x00,0x50,0x7D,0x00,0x8D,0x1B,0x02,0x00,0x03,0x4D,0x7D,0x00,0x0A,0x1C,0x02,0x00,0x03,0x30,0xFA,0x00,0x0A,0x1C,0x02,0x00,
  0x00,0x3C,0xFA,0x00,0x0A,0x1C,0x02,0x00,0x01,0x50,0xFA,0x00,0x04,0x1D,0x02,0x00,0x01,0x38,0xFA,0x00,0x04,0x1D,0x02,0x00,
  0x00,0x3C,0xFA,0x00,0x04,0x1D,0x02,0x00,0x03,0x3F,0xFA,0x00,0x04,0x1D,0x02,0x00,0x02,0x4D,0xFA,0x00,0xFE,0x1D,0x02,0x00,
  0x01,0x38,0xFA,0x00,0xFE,0x1D,0x02,0x00,0x00,0x3C,0xFA,0x00,0xFE,0x1D,0x02,0x00,0x03,0x3F,0xFA,0x00,0xFE,0x1D,0x02,0x00,
  0x02,0x4B,0x7D,0x00,0x7B,0x1E,0x02,0x00,0x02,0x50,0xFA,0x00,0xF8,0x1E,0x02,0x00,0x04,0x27,0xFA,0x00,0xF8,0x1E,0x02,0x00,
  0x01,0x33,0xFA,0x00,0x75,0x1F,0x02,0x00,0x03,0x44,0xFA,0x00,0x75,0x1F,0x02,0x00,0x02,0x48,0xFA,0x00,0xF2,0x1F,0x02,0x00,
  0x04,0x2C,0xFA,0x00,0xF2,0x1F,0x02,0x00,0x01,0x38,0xFA,0x00,0x6F,0x20,0x02,0x00,0x00,0x4B,0x7D,0x00,0xEC,0x20,0x02,0x00,
  0x01,0x33,0xFA,0x00,0xEC,0x20,0x02,0x00,0x02,0x38,0xFA,0x00,0xEC,0x20,0x02,0x00,0x00,0x3C,0xFA,0x00,0xEC,0x20,0x02,0x00,
  0x03,0x44,0x7D,0x00,0xEC,0x20,0x02,0x00,0x04,0x4D,0x7D,0x00,0x69,0x21,0x02,0x00,0x03,0x48,0x7D,0x00,0xE6,0x21,0x02,0x00,
  0x04,0x27,0xFA,0x00,0xE6,0x21,0x02,0x00,0x01,0x33,0xFA,0x00,0xE6,0x21,0x02,0x00,0x00,0x4B,0x7D,0x00,0x63,0x22,0x02,0x00,
  0x03,0x44,0xFA,0x00,0x63,0x22,0x02,0x00,0x02,0x4D,0xFA,0x00,0xE0,0x22,0x02,0x00,0x01,0x33,0xFA,0x00,0xE0,0x22,0x02,0x00,
  0x04,0x38,0xFA,0x00,0xE0,0x22,0x02,0x00,0x00,0x3C,0xFA,0x00,0x5D,0x23,0x02,0x00,0x02,0x41,0xFA,0x00,0x5D,0x23,0x02,0x00,
  0x03,0x44,0xFA,0x00,0xDA,0x23,0x02,0x00,0x04,0x25,0xFA,0x00,0xDA,0x23,0x02,0x00,0x00,0x31,0xFA,0x00,0x57,0x24,0x02,0x00,
  0x01,0x46,0x7D,0x00,0xD4,0x24,0x02,0x00,0x02,0x25,0xFA,0x00,0xD4,0x24,0x02,0x00,0x04,0x31,0xFA,0x00,0xD4,0x24,0x02,0x00,
  0x00,0x41,0xFA,0x00,0xD4,0x24,0x02,0x00,0x03,0x44,0xFA,0x00,0xCE,0x25,0x02,0x00,0x04,0x22,0xFA,0x00,0xCE,0x25,0x02,0x00,
  0x01,0x2E,0xFA,0x00,0xCE,0x25,0x02,0x00,0x00,0x40,0xFA,0x00,0xCE,0x25,0x02,0x00,0x03,0x44,0xFA,0x00,0xC8,0x26,0x02,0x00,
  0x03,0x26,0xFA,0x00,0xC8,0x26,0x02,0x00,0x00,0x32,0xFA,0x00,0xC8,0x26,0x02,0x00,0x04,0x40,0x7D,0x00,0xC8,0x26,0x02,0x00,
  0x01,0x46,0x7D,0x00,0x45,0x27,0x02,0x00,0x04,0x3F,0xFA,0x00,0x45,0x27,0x02,0x00,0x01,0x44,0xFA,0x00,0xC2,0x27,0x02,0x00,
  0x00,0x27,0xFA,0x00,0xC2,0x27,0x02,0x00,0x02,0x33,0xFA,0x00,0x3F,0x28,0x02,0x00,0x01,0x46,0x7D,0x00,0xBC,0x28,0x02,0x00,
  0x01,0x33,0xFA,0x00,0xBC,0x28,0x02,0x00,0x02,0x38,0xFA,0x00,0xBC,0x28,0x02,0x00,0x00,0x3C,0xFA,0x00,0xBC,0x28,0x02,0x00,
  0x03,0x3F,0x7D,0x00,0xBC,0x28,0x02,0x00,0x04,0x48,0x7D,0x00,0x39,0x29,0x02,0x00,0x03,0x44,0x7D,0x00,0xB6,0x29,0x02,0x00,
  0x04,0x27,0xFA,0x00,0xB6,0x29,0x02,0x00,0x01,0x33,0xFA,0x00,0xB6,0x29,0x02,0x00,0x00,0x46,0x7D,0x00,0x33,0x2A,0x02,0x00,
  0x03,0x3F,0xFA,0x00,0x33,0x2A,0x02,0x00,0x02,0x48,0xFA,0x00,0xB0,0x2A,0x02,0x00,0x00,0x28,0xFA,0x00,0xB0,0x2A,0x02,0x00,
  0x04,0x34,0xFA,0x00,0x2D,0x2B,0x02,0x00,0x02,0x3E,0xFA,0x00,0x2D,0x2B,0x02,0x00,0x03,0x44,0xFA,0x00,0xAA,0x2B,0x02,0x00,
  0x01,0x29,0xFA,0x00,0xAA,0x2B,0x02,0x00,0x04,0x35,0xFA,0x00,0x27,0x2C,0x02,0x00,0x00,0x46,0x7D,0x00,0xA4,0x2C,0x02,0x00,
  0x01,0x29,0xFA,0x00,0xA4,0x2C,0x02,0x00,0x03,0x35,0xFA,0x00,0xA4,0x2C,0x02,0x00,0x02,0x3E,0x7D,0x00,0xA4,0x2C,0x02,0x00,
  0x04,0x48,0x7D,0x00,0x21,0x2D,0x02,0x00,0x04,0x44,0x7D,0x00,0x9E,0x2D,0x02,0x00,0x03,0x2B,0xFA,0x00,0x9E,0x2D,0x02,0x00,
  0x00,0x37,0xFA,0x00,0x1B,0x2E,0x02,0x00,0x01,0x3D,0xFA,0x00,0x1B,0x2E,0x02,0x00,0x02,0x46,0xFA,0x00,0x98,0x2E,0x02,0x00,
  0x03,0x2B,0xFA,0x00,0x98,0x2E,0x02,0x00,0x00,0x37,0xFA,0x00,0x15,0x2F,0x02,0x00,0x04,0x3F,0x7D,0x00,0x92,0x2F,0x02,0x00,
  0x04,0x2C,0xFA,0x00,0x92,0x2F,0x02,0x00,0x01,0x38,0xFA,0x00,0x92,0x2F,0x02,0x00,0x00,0x3C,0xFA,0x00,0x92,0x2F,0x02,0x00,
  0x03,0x44,0xFA,0x00,0x8C,0x30,0x02,0x00,0x04,0x27,0xFA,0x00,0x8C,0x30,0x02,0x00,0x01,0x33,0xFA,0x00,0x8C,0x30,0x02,0x00,
  0x02,0x43,0xFA,0x00,0x8C,0x30,0x02,0x00,0x03,0x49,0xFA,0x00,0x8C,0x30,0x02,0x00,0x00,0x4B,0xFA,0x00,0x86,0x31,0x02,0x00,
  0x02,0x20,0xFA,0x00,0x86,0x31,0x02,0x00,0x04,0x2C,0xFA,0x00,0x86,0x31,0x02,0x00,0x03,0x44,0xFA,0x00,0x86,0x31,0x02,0x00,
  0x00,0x48,0xFA,0x00,0x86,0x31,0x02,0x00,0x01,0x4B,0xFA,0x00,0x86,0x31,0x02,0x00,0x02,0x50,0xFA,0x00,
};

// Minuet in G (1644 bytes)
static const uint8_t song_Minuet_in_G[] PROGMEM = {
  0x53,0x54,0x50,0x4D,0x01,0x00,0x00,0x00,0xCC,0x00,0x00,0x00,0x00,0x00,0x00,0x00,0x00,0x37,0x59,0x03,0x00,0x00,0x00,0x00,
  0x04,0x3B,0x59,0x03,0x00,0x00,0x00,0x00,0x02,0x3E,0x59,0x03,0x00,0x00,0x00,0x00,0x01,0x4A,0xAC,0x01,0xAC,0x01,0x00,0x00,
  0x03,0x43,0xD6,0x00,0x82,0x02,0x00,0x00,0x01,0x45,0xD7,0x00,0x59,0x03,0x00,0x00,0x02,0x39,0xAC,0x01,0x59,0x03,0x00,0x00,
  0x01,0x47,0xD6,0x00,0x2F,0x04,0x00,0x00,0x03,0x48,0xD6,0x00,0x05,0x05,0x00,0x00,0x04,0x3B,0x06,0x05,0x05,0x05,0x00,0x00,
  0x00,0x4A,0xAD,0x01,0xB2,0x06,0x00,0x00,0x02,0x43,0xAC,0x01,0x5E,0x08,0x00,0x00,0x02,0x43,0xAD,0x01,0x0B,0x0A,0x00,0x00,
  0x00,0x3C,0x06,0x05,0x0B,0x0A,0x00,0x00,0x01,0x4C,0xAC,0x01,0xB7,0x0B,0x00,0x00,0x02,0x48,0xD7,0x00,0x8E,0x0C,0x00,0x00,
  0x04,0x4A,0xD6,0x00,0x64,0x0D,0x00,0x00,0x01,0x4C,0xD6,0x00,0x3A,0x0E,0x00,0x00,0x03,0x4E,0xD7,0x00,0x11,0x0F,0x00,0x00,
  0x04,0x3B,0x05,0x05,0x11,0x0F,0x00,0x00,0x00,0x4F,0xAC,0x01,0xBD,0x10,0x00,0x00,0x02,0x43,0xAD,0x01,0x6A,0x12,0x00,0x00,
  0x02,0x43,0xAC,0x01,0x16,0x14,0x00,0x00,0x02,0x39,0x06,0x05,0x16,0x14,0x00,0x00,0x03,0x48,0xAD,0x01,0xC3,0x15,0x00,0x00,
  0x04,0x4A,0xD6,0x00,0x99,0x16,0x00,0x00,0x03,0x48,0xD6,0x00,0x6F,0x17,0x00,0x00,0x01,0x47,0xD7,0x00,0x46,0x18,0x00,0x00,
  0x04,0x45,0xD6,0x00,0x1C,0x19,0x00,0x00,0x00,0x37,0x06,0x05,0x1C,0x19,0x00,0x00,0x01,0x47,0xAD,0x01,0xC9,0x1A,0x00,0x00,
  0x02,0x48,0xD6,0x00,0x9F,0x1B,0x00,0x00,0x01,0x47,0xD6,0x00,0x75,0x1C,0x00,0x00,0x04,0x45,0xD6,0x00,0x4B,0x1D,0x00,0x00,
  0x02,0x43,0xD7,0x00,0x22,0x1E,0x00,0x00,0x02,0x3E,0xAC,0x01,0x22,0x1E,0x00,0x00,0x01,0x42,0xAC,0x01,0xCE,0x1F,0x00,0x00,
  0x04,0x3B,0xAD,0x01,0xCE,0x1F,0x00,0x00,0x02,0x43,0xD7,0x00,0xA5,0x20,0x00,0x00,0x00,0x45,0xD6,0x00,0x7B,0x21,0x00,0x00,
  0x00,0x37,0xAC,0x01,0x7B,0x21,0x00,0x00,0x01,0x47,0xD6,0x00,0x51,0x22,0x00,0x00,0x02,0x43,0xA5,0x00,0xF6,0x22,0x00,0x00,
  0x01,0x47,0x30,0x00,0x27,0x23,0x00,0x00,0x02,0x3E,0xAD,0x01,0x27,0x23,0x00,0x00,0x04,0x45,0x06,0x05,0xD4,0x24,0x00,0x00,
  0x00,0x32,0xD6,0x00,0xAA,0x25,0x00,0x00,0x00,0x3C,0xD7,0x00,0x81,0x26,0x00,0x00,0x00,0x3B,0xD6,0x00,0x57,0x27,0x00,0x00,
  0x02,0x39,0xD6,0x00,0x2D,0x28,0x00,0x00,0x04,0x3B,0x59,0x03,0x2D,0x28,0x00,0x00,0x00,0x4A,0xAD,0x01,0xDA,0x29,0x00,0x00,
  0x02,0x43,0xD6,0x00,0xB0,0x2A,0x00,0x00,0x00,0x45,0xD6,0x00,0x86,0x2B,0x00,0x00,0x02,0x39,0xAD,0x01,0x86,0x2B,0x00,0x00,
  0x01,0x47,0xD7,0x00,0x5D,0x2C,0x00,0x00,0x03,0x48,0xD6,0x00,0x33,0x2D,0x00,0x00,0x00,0x37,0xAC,0x01,0x33,0x2D,0x00,0x00,
  0x04,0x4A,0xAC,0x01,0xDF,0x2E,0x00,0x00,0x04,0x3B,0xAD,0x01,0xDF,0x2E,0x00,0x00,0x02,0x43,0xAD,0x01,0x8C,0x30,0x00,0x00,
  0x00,0x37,0xAD,0x01,0x8C,0x30,0x00,0x00,0x02,0x43,0xAD,0x01,0x39,0x32,0x00,0x00,0x00,0x3C,0x05,0x05,0x39,0x32,0x00,0x00,
  0x01,0x4C,0xAC,0x01,0xE5,0x33,0x00,0x00,0x02,0x48,0xD6,0x00,0xBB,0x34,0x00,0x00,0x04,0x4A,0xD7,0x00,0x92,0x35,0x00,0x00,
  0x01,0x4C,0xD6,0x00,0x68,0x36,0x00,0x00,0x03,0x4E,0xD6,0x00,0x3E,0x37,0x00,0x00,0x04,0x3B,0xAD,0x01,0x3E,0x37,0x00,0x00,
  0x00,0x4F,0xAD,0x01,0xEB,0x38,0x00,0x00,0x00,0x3C,0xD6,0x00,0xEB,0x38,0x00,0x00,0x02,0x43,0xAC,0x01,0xC1,0x39,0x00,0x00,
  0x04,0x3B,0xD6,0x00,0x97,0x3A,0x00,0x00,0x02,0x39,0xD7,0x00,0x97,0x3A,0x00,0x00,0x03,0x43,0xAD,0x01,0x6E,0x3B,0x00,0x00,
  0x00,0x37,0xD6,0x00,0x44,0x3C,0x00,0x00,0x02,0x39,0x59,0x03,0x44,0x3C,0x00,0x00,0x03,0x48,0xAD,0x01,0xF1,0x3D,0x00,0x00,
  0x04,0x4A,0xD6,0x00,0xC7,0x3E,0x00,0x00,0x03,0x48,0xD6,0x00,0x9D,0x3F,0x00,0x00,0x04,0x36,0xAD,0x01,0x9D,0x3F,0x00,0x00,
  0x01,0x47,0xD6,0x00,0x73,0x40,0x00,0x00,0x00,0x45,0xD7,0x00,0x4A,0x41,0x00,0x00,0x00,0x37,0x59,0x03,0x4A,0x41,0x00,0x00,
  0x01,0x47,0xAC,0x01,0xF6,0x42,0x00,0x00,0x02,0x48,0xD7,0x00,0xCD,0x43,0x00,0x00,0x01,0x47,0xD6,0x00,0xA3,0x44,0x00,0x00,
  0x04,0x3B,0xAC,0x01,0xA3,0x44,0x00,0x00,0x00,0x45,0xD6,0x00,0x79,0x45,0x00,0x00,0x02,0x43,0xD6,0x00,0x4F,0x46,0x00,0x00,
  0x00,0x3C,0xAD,0x01,0x4F,0x46,0x00,0x00,0x04,0x45,0xAD,0x01,0xFC,0x47,0x00,0x00,0x02,0x3E,0xAD,0x01,0xFC,0x47,0x00,0x00,
  0x01,0x47,0xD6,0x00,0xD2,0x48,0x00,0x00,0x04,0x45,0xD7,0x00,0xA9,0x49,0x00,0x00,0x00,0x32,0xAC,0x01,0xA9,0x49,0x00,0x00,
  0x02,0x43,0xD6,0x00,0x7F,0x4A,0x00,0x00,0x01,0x42,0xD6,0x00,0x55,0x4B,0x00,0x00,0x00,0x37,0x59,0x03,0x55,0x4B,0x00,0x00,
  0x02,0x43,0x06,0x05,0xAE,0x4E,0x00,0x00,0x03,0x2B,0xAD,0x01,0x5B,0x50,0x00,0x00,0x00,0x37,0x06,0x05,0x5B,0x50,0x00,0x00,
  0x03,0x53,0xAC,0x01,0x07,0x52,0x00,0x00,0x04,0x4F,0xD7,0x00,0xDE,0x52,0x00,0x00,0x01,0x51,0xD6,0x00,0xB4,0x53,0x00,0x00,
  0x03,0x53,0xD6,0x00,0x8A,0x54,0x00,0x00,0x04,0x4F,0xD7,0x00,0x61,0x55,0x00,0x00,0x04,0x36,0x05,0x05,0x61,0x55,0x00,0x00,
  0x01,0x51,0xAC,0x01,0x0D,0x57,0x00,0x00,0x00,0x4A,0xD6,0x00,0xE3,0x57,0x00,0x00,0x01,0x4C,0xD7,0x00,0xBA,0x58,0x00,0x00,
  0x03,0x4E,0xD6,0x00,0x90,0x59,0x00,0x00,0x00,0x4A,0xD6,0x00,0x66,0x5A,0x00,0x00,0x02,0x34,0xAD,0x01,0x66,0x5A,0x00,0x00,
  0x04,0x4F,0xAD,0x01,0x13,0x5C,0x00,0x00,0x00,0x37,0xAC,0x01,0x13,0x5C,0x00,0x00,0x01,0x4C,0xD6,0x00,0xE9,0x5C,0x00,0x00,
  0x03,0x4E,0xD6,0x00,0xBF,0x5D,0x00,0x00,0x02,0x34,0xAD,0x01,0xBF,0x5D,0x00,0x00,0x04,0x4F,0xD7,0x00,0x96,0x5E,0x00,0x00,
  0x04,0x4A,0xD6,0x00,0x6C,0x5F,0x00,0x00,0x02,0x39,0x59,0x03,0x6C,0x5F,0x00,0x00,0x03,0x49,0xAD,0x01,0x19,0x61,0x00,0x00,
  0x01,0x47,0xD6,0x00,0xEF,0x61,0x00,0x00,0x03,0x49,0xD6,0x00,0xC5,0x62,0x00,0x00,0x00,0x2D,0xAD,0x01,0xC5,0x62,0x00,0x00,
  0x04,0x45,0xAD,0x01,0x72,0x64,0x00,0x00,0x02,0x39,0x05,0x05,0x72,0x64,0x00,0x00,0x04,0x45,0xD6,0x00,0x48,0x65,0x00,0x00,
  0x01,0x47,0xD6,0x00,0x1E,0x66,0x00,0x00,0x03,0x49,0xD7,0x00,0xF5,0x66,0x00,0x00,0x04,0x4A,0xD6,0x00,0xCB,0x67,0x00,0x00,
  0x01,0x4C,0xD6,0x00,0xA1,0x68,0x00,0x00,0x03,0x4E,0xD6,0x00,0x77,0x69,0x00,0x00,0x04,0x3B,0xAD,0x01,0x77,0x69,0x00,0x00,
  0x00,0x4F,0xAD,0x01,0x24,0x6B,0x00,0x00,0x02,0x3E,0xAD,0x01,0x24,0x6B,0x00,0x00,0x03,0x4E,0xAD,0x01,0xD1,0x6C,0x00,0x00,
  0x01,0x3D,0xAC,0x01,0xD1,0x6C,0x00,0x00,0x02,0x4C,0xAC,0x01,0x7D,0x6E,0x00,0x00,0x02,0x3E,0xAD,0x01,0x7D,0x6E,0x00,0x00,
  0x03,0x4E,0xAD,0x01,0x2A,0x70,0x00,0x00,0x04,0x36,0xAC,0x01,0x2A,0x70,0x00,0x00,0x00,0x45,0xAC,0x01,0xD6,0x71,0x00,0x00,
  0x02,0x39,0xAD,0x01,0xD6,0x71,0x00,0x00,0x03,0x49,0xAD,0x01,0x83,0x73,0x00,0x00,0x02,0x3E,0xAC,0x01,0x83,0x73,0x00,0x00,
  0x04,0x4A,0x06,0x05,0x2F,0x75,0x00,0x00,0x00,0x32,0xAD,0x01,0xDC,0x76,0x00,0x00,0x00,0x3C,0xAD,0x01,0x89,0x78,0x00,0x00,
  0x04,0x3B,0x59,0x03,0x89,0x78,0x00,0x00,0x00,0x4A,0xAC,0x01,0x35,0x7A,0x00,0x00,0x02,0x3E,0x59,0x03,0x35,0x7A,0x00,0x00,
  0x03,0x43,0xD6,0x00,0x0B,0x7B,0x00,0x00,0x01,0x42,0xD7,0x00,0xE2,0x7B,0x00,0x00,0x04,0x3B,0xAC,0x01,0xE2,0x7B,0x00,0x00,
  0x03,0x43,0xAC,0x01,0x8E,0x7D,0x00,0x00,0x00,0x3C,0x59,0x03,0x8E,0x7D,0x00,0x00,0x01,0x4C,0xAD,0x01,0x3B,0x7F,0x00,0x00,
  0x04,0x40,0x59,0x03,0x3B,0x7F,0x00,0x00,0x02,0x43,0xD6,0x00,0x11,0x80,0x00,0x00,0x01,0x42,0xD6,0x00,0xE7,0x80,0x00,0x00,
  0x00,0x3C,0xAD,0x01,0xE7,0x80,0x00,0x00,0x02,0x43,0xAD,0x01,0x94,0x82,0x00,0x00,0x04,0x3B,0xAD,0x01,0x94,0x82,0x00,0x00,
  0x00,0x4A,0xAD,0x01,0x41,0x84,0x00,0x00,0x02,0x39,0xAC,0x01,0x41,0x84,0x00,0x00,0x03,0x48,0xAC,0x01,0xED,0x85,0x00,0x00,
  0x00,0x37,0xAD,0x01,0xED,0x85,0x00,0x00,0x01,0x47,0xAD,0x01,0x9A,0x87,0x00,0x00,0x02,0x3E,0x59,0x03,0x9A,0x87,0x00,0x00,
  0x04,0x45,0xD6,0x00,0x70,0x88,0x00,0x00,0x03,0x43,0xD6,0x00,0x46,0x89,0x00,0x00,0x01,0x42,0xD7,0x00,0x1D,0x8A,0x00,0x00,
  0x03,0x43,0xD6,0x00,0xF3,0x8A,0x00,0x00,0x04,0x45,0xAC,0x01,0x9F,0x8C,0x00,0x00,0x00,0x32,0x06,0x05,0x9F,0x8C,0x00,0x00,
  0x02,0x3E,0xD7,0x00,0x76,0x8D,0x00,0x00,0x04,0x40,0xD6,0x00,0x4C,0x8E,0x00,0x00,0x01,0x42,0xD6,0x00,0x22,0x8F,0x00,0x00,
  0x02,0x43,0xD7,0x00,0xF9,0x8F,0x00,0x00,0x04,0x36,0xAC,0x01,0xF9,0x8F,0x00,0x00,0x01,0x45,0xD6,0x00,0xCF,0x90,0x00,0x00,
  0x01,0x47,0xD6,0x00,0xA5,0x91,0x00,0x00,0x02,0x34,0xAD,0x01,0xA5,0x91,0x00,0x00,0x03,0x48,0xAD,0x01,0x52,0x93,0x00,0x00,
  0x00,0x37,0xAC,0x01,0x52,0x93,0x00,0x00,0x01,0x47,0xAC,0x01,0xFE,0x94,0x00,0x00,0x04,0x36,0xAD,0x01,0xFE,0x94,0x00,0x00,
  0x00,0x45,0xAD,0x01,0xAB,0x96,0x00,0x00,0x00,0x37,0xAC,0x01,0xAB,0x96,0x00,0x00,0x01,0x47,0xD6,0x00,0x81,0x97,0x00,0x00,
  0x04,0x4A,0xD6,0x00,0x57,0x98,0x00,0x00,0x02,0x2F,0xAD,0x01,0x57,0x98,0x00,0x00,0x03,0x43,0xAD,0x01,0x04,0x9A,0x00,0x00,
  0x00,0x32,0xAD,0x01,0x04,0x9A,0x00,0x00,0x01,0x42,0xAD,0x01,0xB1,0x9B,0x00,0x00,0x00,0x37,0xAC,0x01,0xB1,0x9B,0x00,0x00,
  0x04,0x3B,0x05,0x05,0xB1,0x9B,0x00,0x00,0x02,0x3E,0x05,0x05,0xB1,0x9B,0x00,0x00,0x03,0x43,0x05,0x05,0x5D,0x9D,0x00,0x00,
  0x00,0x32,0xAD,0x01,0x0A,0x9F,0x00,0x00,0x00,0x2B,0xAC,0x01,
};

// Mountain King (11636 bytes)
static const uint8_t song_Mountain_King[] PROGMEM = {
  0x53,0x54,0x50,0x4D,0x01,0x00,0x00,0x00,0xAD,0x05,0x00,0x00,0x00,0x00,0x00,0x00,0x04,0x36,0xF1,0x05,0x00,0x00,0x00,0x00,
  0x01,0x42,0xF1,0x05,0xCB,0x06,0x00,0x00,0x03,0x17,0xD9,0x00,0xCB,0x06,0x00,0x00,0x00,0x23,0x6C,0x00,0xA4,0x07,0x00,0x00,
  0x02,0x25,0x6D,0x00,0x7D,0x08,0x00,0x00,0x00,0x1E,0xDA,0x00,0x7D,0x08,0x00,0x00,0x03,0x26,0x6D,0x00,0x57,0x09,0x00,0x00,
  0x00,0x28,0x6C,0x00,0x30,0x0A,0x00,0x00,0x03,0x17,0xDA,0x00,0x30,0x0A,0x00,0x00,0x02,0x2A,0x6D,0x00,0x0A,0x0B,0x00,0x00,
  0x03,0x26,0x6C,0x00,0xE3,0x0B,0x00,0x00,0x00,0x1E,0xD9,0x00,0xE3,0x0B,0x00,0x00,0x02,0x2A,0xD9,0x00,0x96,0x0D,0x00,0x00,
  0x03,0x17,0xD9,0x00,0x96,0x0D,0x00,0x00,0x01,0x29,0x6C,0x00,0x6F,0x0E,0x00,0x00,0x02,0x25,0x6D,0x00,0x49,0x0F,0x00,0x00,
  0x00,0x1E,0xD9,0x00,0x49,0x0F,0x00,0x00,0x01,0x29,0xD9,0x00,0xFB,0x10,0x00,0x00,0x03,0x17,0xDA,0x00,0xFB,0x10,0x00,0x00,
  0x00,0x28,0x6D,0x00,0xD5,0x11,0x00,0x00,0x01,0x24,0x6C,0x00,0xAE,0x12,0x00,0x00,0x00,0x1E,0xD9,0x00,0xAE,0x12,0x00,0x00,
  0x01,0x28,0xD9,0x00,0x61,0x14,0x00,0x00,0x03,0x17,0xD9,0x00,0x61,0x14,0x00,0x00,0x00,0x23,0x6D,0x00,0x3A,0x15,0x00,0x00,
  0x02,0x25,0x6D,0x00,0x14,0x16,0x00,0x00,0x00,0x1E,0xD9,0x00,0x14,0x16,0x00,0x00,0x03,0x26,0x6C,0x00,0xED,0x16,0x00,0x00,
  0x00,0x28,0x6D,0x00,0xC6,0x17,0x00,0x00,0x03,0x17,0xDA,0x00,0xC6,0x17,0x00,0x00,0x02,0x2A,0x6D,0x00,0xA0,0x18,0x00,0x00,
  0x03,0x26,0x6D,0x00,0x79,0x19,0x00,0x00,0x00,0x1E,0xDA,0x00,0x79,0x19,0x00,0x00,0x02,0x2A,0x6D,0x00,0x53,0x1A,0x00,0x00,
  0x02,0x2F,0x6C,0x00,0x2C,0x1B,0x00,0x00,0x01,0x1A,0xD9,0x00,0x2C,0x1B,0x00,0x00,0x00,0x2D,0x6D,0x00,0x05,0x1C,0x00,0x00,
  0x02,0x2A,0x6D,0x00,0xDF,0x1C,0x00,0x00,0x03,0x21,0xD9,0x00,0xDF,0x1C,0x00,0x00,0x04,0x26,0x6C,0x00,0xB8,0x1D,0x00,0x00,
  0x02,0x2A,0x6D,0x00,0x92,0x1E,0x00,0x00,0x01,0x1A,0xD9,0x00,0x92,0x1E,0x00,0x00,0x00,0x2D,0xF8,0x02,0x44,0x20,0x00,0x00,
  0x03,0x21,0xDA,0x00,0xF7,0x21,0x00,0x00,0x03,0x17,0xDA,0x00,0xF7,0x21,0x00,0x00,0x02,0x2F,0x6D,0x00,0xD1,0x22,0x00,0x00,
  0x04,0x31,0x6C,0x00,0xAA,0x23,0x00,0x00,0x00,0x1E,0xD9,0x00,0xAA,0x23,0x00,0x00,0x01,0x32,0x6D,0x00,0x83,0x24,0x00,0x00,
  0x02,0x34,0x6D,0x00,0x5D,0x25,0x00,0x00,0x03,0x17,0xD9,0x00,0x5D,0x25,0x00,0x00,0x04,0x36,0x6C,0x00,0x36,0x26,0x00,0x00,
  0x00,0x32,0x6D,0x00,0x0F,0x27,0x00,0x00,0x00,0x1E,0xDA,0x00,0x0F,0x27,0x00,0x00,0x04,0x36,0xDA,0x00,0xC2,0x28,0x00,0x00,
  0x03,0x17,0xDA,0x00,0xC2,0x28,0x00,0x00,0x04,0x35,0x6D,0x00,0x9C,0x29,0x00,0x00,0x04,0x31,0x6C,0x00,0x75,0x2A,0x00,0x00,
  0x00,0x1E,0xD9,0x00,0x75,0x2A,0x00,0x00,0x03,0x35,0xD9,0x00,0x28,0x2C,0x00,0x00,0x03,0x17,0xD9,0x00,0x28,0x2C,0x00,0x00,
  0x02,0x34,0x6D,0x00,0x01,0x2D,0x00,0x00,0x03,0x30,0x6D,0x00,0xDB,0x2D,0x00,0x00,0x00,0x1E,0xD9,0x00,0xDB,0x2D,0x00,0x00,
  0x02,0x34,0xD9,0x00,0x8D,0x2F,0x00,0x00,0x03,0x17,0xDA,0x00,0x8D,0x2F,0x00,0x00,0x02,0x2F,0x6D,0x00,0x67,0x30,0x00,0x00,
  0x04,0x31,0x6C,0x00,0x40,0x31,0x00,0x00,0x00,0x1E,0xDA,0x00,0x40,0x31,0x00,0x00,0x01,0x32,0x6D,0x00,0x1A,0x32,0x00,0x00,
  0x02,0x34,0x6C,0x00,0xF3,0x32,0x00,0x00,0x03,0x17,0xD9,0x00,0xF3,0x32,0x00,0x00,0x04,0x36,0x6D,0x00,0xCC,0x33,0x00,0x00,
  0x00,0x32,0x6D,0x00,0xA6,0x34,0x00,0x00,0x00,0x1E,0xD9,0x00,0xA6,0x34,0x00,0x00,0x04,0x36,0x6C,0x00,0x7F,0x35,0x00,0x00,
  0x04,0x3B,0x6D,0x00,0x59,0x36,0x00,0x00,0x01,0x1A,0xD9,0x00,0x59,0x36,0x00,0x00,0x02,0x39,0x6C,0x00,0x32,0x37,0x00,0x00,
  0x04,0x36,0x6D,0x00,0x0B,0x38,0x00,0x00,0x03,0x21,0xDA,0x00,0x0B,0x38,0x00,0x00,0x00,0x32,0x6D,0x00,0xE5,0x38,0x00,0x00,
  0x04,0x36,0x6C,0x00,0xBE,0x39,0x00,0x00,0x01,0x1A,0xD9,0x00,0xBE,0x39,0x00,0x00,0x00,0x2D,0xF9,0x02,0xBE,0x39,0x00,0x00,
  0x02,0x39,0xF9,0x02,0x71,0x3B,0x00,0x00,0x03,0x21,0xD9,0x00,0x24,0x3D,0x00,0x00,0x00,0x1E,0x7C,0x01,0x24,0x3D,0x00,0x00,
  0x02,0x2A,0x6C,0x00,0xFD,0x3D,0x00,0x00,0x04,0x2C,0x6D,0x00,0xD6,0x3E,0x00,0x00,0x02,0x25,0x7D,0x01,0xD6,0x3E,0x00,0x00,
  0x01,0x2E,0x6D,0x00,0xB0,0x3F,0x00,0x00,0x03,0x2F,0x6D,0x00,0x89,0x40,0x00,0x00,0x00,0x1E,0x7D,0x01,0x89,0x40,0x00,0x00,
  0x04,0x31,0x6D,0x00,0x63,0x41,0x00,0x00,0x01,0x2E,0x6C,0x00,0x3C,0x42,0x00,0x00,0x02,0x25,0x7C,0x01,0x3C,0x42,0x00,0x00,
  0x04,0x31,0xD9,0x00,0xEF,0x43,0x00,0x00,0x01,0x1A,0x7C,0x01,0xEF,0x43,0x00,0x00,0x00,0x32,0x6C,0x00,0xC8,0x44,0x00,0x00,
  0x02,0x2E,0x6D,0x00,0xA2,0x45,0x00,0x00,0x04,0x22,0x7C,0x01,0xA2,0x45,0x00,0x00,0x00,0x32,0xD9,0x00,0x54,0x47,0x00,0x00,
  0x00,0x1E,0x7D,0x01,0x54,0x47,0x00,0x00,0x04,0x31,0x6D,0x00,0x2E,0x48,0x00,0x00,0x01,0x2E,0x6C,0x00,0x07,0x49,0x00,0x00,
  0x02,0x25,0x7D,0x01,0x07,0x49,0x00,0x00,0x04,0x31,0xDA,0x00,0xBA,0x4A,0x00,0x00,0x00,0x1E,0x7C,0x01,0xBA,0x4A,0x00,0x00,
  0x02,0x2A,0x6D,0x00,0x93,0x4B,0x00,0x00,0x04,0x2C,0x6D,0x00,0x6D,0x4C,0x00,0x00,0x02,0x25,0x7C,0x01,0x6D,0x4C,0x00,0x00,
  0x01,0x2E,0x6C,0x00,0x46,0x4D,0x00,0x00,0x03,0x2F,0x6D,0x00,0x1F,0x4E,0x00,0x00,0x00,0x1E,0x7D,0x01,0x1F,0x4E,0x00,0x00,
  0x04,0x31,0x6D,0x00,0xF9,0x4E,0x00,0x00,0x01,0x2E,0x6D,0x00,0xD2,0x4F,0x00,0x00,0x02,0x25,0x7D,0x01,0xD2,0x4F,0x00,0x00,
  0x04,0x31,0xDA,0x00,0x85,0x51,0x00,0x00,0x01,0x1A,0x7C,0x01,0x85,0x51,0x00,0x00,0x00,0x32,0x6D,0x00,0x5E,0x52,0x00,0x00,
  0x02,0x2E,0x6D,0x00,0x38,0x53,0x00,0x00,0x04,0x22,0x7C,0x01,0x38,0x53,0x00,0x00,0x00,0x32,0xD9,0x00,0xEB,0x54,0x00,0x00,
  0x00,0x1E,0x7C,0x01,0xEB,0x54,0x00,0x00,0x04,0x31,0xF8,0x02,0x9D,0x56,0x00,0x00,0x02,0x25,0x7D,0x01,0x50,0x58,0x00,0x00,
  0x00,0x1E,0x7D,0x01,0x50,0x58,0x00,0x00,0x04,0x36,0x6D,0x00,0x2A,0x59,0x00,0x00,0x01,0x38,0x6C,0x00,0x03,0x5A,0x00,0x00,
  0x02,0x25,0x7C,0x01,0x03,0x5A,0x00,0x00,0x03,0x3A,0x6D,0x00,0xDC,0x5A,0x00,0x00,0x04,0x3B,0x6D,0x00,0xB6,0x5B,0x00,0x00,
  0x00,0x1E,0x7C,0x01,0xB6,0x5B,0x00,0x00,0x01,0x3D,0x6C,0x00,0x8F,0x5C,0x00,0x00,0x03,0x3A,0x6D,0x00,0x69,0x5D,0x00,0x00,
  0x02,0x25,0x7C,0x01,0x69,0x5D,0x00,0x00,0x01,0x3D,0xD9,0x00,0x1B,0x5F,0x00,0x00,0x01,0x1A,0x7D,0x01,0x1B,0x5F,0x00,0x00,
  0x02,0x3E,0x6D,0x00,0xF5,0x5F,0x00,0x00,0x03,0x3A,0x6C,0x00,0xCE,0x60,0x00,0x00,0x04,0x22,0x7D,0x01,0xCE,0x60,0x00,0x00,
  0x02,0x3E,0xD9,0x00,0x81,0x62,0x00,0x00,0x00,0x1E,0x7C,0x01,0x81,0x62,0x00,0x00,0x01,0x3D,0x6D,0x00,0x5A,0x63,0x00,0x00,
  0x03,0x3A,0x6D,0x00,0x34,0x64,0x00,0x00,0x02,0x25,0x7C,0x01,0x34,0x64,0x00,0x00,0x01,0x3D,0xD9,0x00,0xE6,0x65,0x00,0x00,
  0x00,0x1E,0x7D,0x01,0xE6,0x65,0x00,0x00,0x04,0x36,0x6D,0x00,0xC0,0x66,0x00,0x00,0x01,0x38,0x6D,0x00,0x99,0x67,0x00,0x00,
  0x02,0x25,0x7D,0x01,0x99,0x67,0x00,0x00,0x03,0x3A,0x6D,0x00,0x73,0x68,0x00,0x00,0x04,0x3B,0x6C,0x00,0x4C,0x69,0x00,0x00,
  0x00,0x1E,0x7C,0x01,0x4C,0x69,0x00,0x00,0x01,0x3D,0x6D,0x00,0x25,0x6A,0x00,0x00,0x03,0x3A,0x6D,0x00,0xFF,0x6A,0x00,0x00,
  0x02,0x25,0x7C,0x01,0xFF,0x6A,0x00,0x00,0x01,0x3D,0xD9,0x00,0xB2,0x6C,0x00,0x00,0x01,0x1A,0x7C,0x01,0xB2,0x6C,0x00,0x00,
  0x02,0x3E,0x6C,0x00,0x8B,0x6D,0x00,0x00,0x03,0x3A,0x6D,0x00,0x64,0x6E,0x00,0x00,0x04,0x22,0x7D,0x01,0x64,0x6E,0x00,0x00,
  0x02,0x3E,0xDA,0x00,0x17,0x70,0x00,0x00,0x00,0x1E,0x7D,0x01,0x17,0x70,0x00,0x00,0x04,0x31,0xF9,0x02,0x17,0x70,0x00,0x00,
  0x01,0x3D,0xF9,0x02,0xCA,0x71,0x00,0x00,0x02,0x25,0x7C,0x01,0x7D,0x73,0x00,0x00,0x03,0x17,0xD9,0x00,0x7D,0x73,0x00,0x00,
  0x00,0x23,0x6C,0x00,0x56,0x74,0x00,0x00,0x02,0x25,0x6D,0x00,0x2F,0x75,0x00,0x00,0x00,0x1E,0xDA,0x00,0x2F,0x75,0x00,0x00,
  0x03,0x26,0x6D,0x00,0x09,0x76,0x00,0x00,0x00,0x28,0x6D,0x00,0xE2,0x76,0x00,0x00,0x03,0x17,0xDA,0x00,0xE2,0x76,0x00,0x00,
  0x02,0x2A,0x6D,0x00,0xBC,0x77,0x00,0x00,0x03,0x26,0x6C,0x00,0x95,0x78,0x00,0x00,0x00,0x1E,0xD9,0x00,0x95,0x78,0x00,0x00,
  0x02,0x2A,0xD9,0x00,0x48,0x7A,0x00,0x00,0x03,0x17,0xD9,0x00,0x48,0x7A,0x00,0x00,0x01,0x29,0x6C,0x00,0x21,0x7B,0x00,0x00,
  0x02,0x25,0x6D,0x00,0xFB,0x7B,0x00,0x00,0x00,0x1E,0xD9,0x00,0xFB,0x7B,0x00,0x00,0x01,0x29,0xD9,0x00,0xAD,0x7D,0x00,0x00,
  0x03,0x17,0xDA,0x00,0xAD,0x7D,0x00,0x00,0x00,0x28,0x6D,0x00,0x87,0x7E,0x00,0x00,0x01,0x24,0x6C,0x00,0x60,0x7F,0x00,0x00,
  0x00,0x1E,0xDA,0x00,0x60,0x7F,0x00,0x00,0x01,0x28,0xDA,0x00,0x13,0x81,0x00,0x00,0x03,0x17,0xD9,0x00,0x13,0x81,0x00,0x00,
  0x00,0x23,0x6D,0x00,0xEC,0x81,0x00,0x00,0x02,0x25,0x6D,0x00,0xC6,0x82,0x00,0x00,0x00,0x1E,0xD9,0x00,0xC6,0x82,0x00,0x00,
  0x03,0x26,0x6C,0x00,0x9F,0x83,0x00,0x00,0x00,0x28,0x6D,0x00,0x78,0x84,0x00,0x00,0x03,0x17,0xDA,0x00,0x78,0x84,0x00,0x00,
  0x02,0x2A,0x6D,0x00,0x52,0x85,0x00,0x00,0x03,0x26,0x6D,0x00,0x2B,0x86,0x00,0x00,0x00,0x1E,0xDA,0x00,0x2B,0x86,0x00,0x00,
  0x02,0x2A,0x6D,0x00,0x05,0x87,0x00,0x00,0x02,0x2F,0x6C,0x00,0xDE,0x87,0x00,0x00,0x01,0x1A,0xD9,0x00,0xDE,0x87,0x00,0x00,
  0x00,0x2D,0x6D,0x00,0xB7,0x88,0x00,0x00,0x02,0x2A,0x6D,0x00,0x91,0x89,0x00,0x00,0x03,0x21,0xD9,0x00,0x91,0x89,0x00,0x00,
  0x04,0x26,0x6D,0x00,0x6A,0x8A,0x00,0x00,0x02,0x2A,0x6D,0x00,0x44,0x8B,0x00,0x00,0x01,0x1A,0xD9,0x00,0x44,0x8B,0x00,0x00,
  0x00,0x2D,0xF8,0x02,0xF6,0x8C,0x00,0x00,0x03,0x21,0xDA,0x00,0xA9,0x8E,0x00,0x00,0x03,0x17,0xDA,0x00,0xA9,0x8E,0x00,0x00,
  0x02,0x2F,0x6D,0x00,0x83,0x8F,0x00,0x00,0x04,0x31,0x6C,0x00,0x5C,0x90,0x00,0x00,0x00,0x1E,0xD9,0x00,0x5C,0x90,0x00,0x00,
  0x01,0x32,0x6D,0x00,0x35,0x91,0x00,0x00,0x02,0x34,0x6D,0x00,0x0F,0x92,0x00,0x00,0x03,0x17,0xD9,0x00,0x0F,0x92,0x00,0x00,
  0x04,0x36,0x6C,0x00,0xE8,0x92,0x00,0x00,0x00,0x32,0x6D,0x00,0xC2,0x93,0x00,0x00,0x00,0x1E,0xD9,0x00,0xC2,0x93,0x00,0x00,
  0x04,0x36,0xD9,0x00,0x74,0x95,0x00,0x00,0x03,0x17,0xDA,0x00,0x74,0x95,0x00,0x00,0x04,0x35,0x6D,0x00,0x4E,0x96,0x00,0x00,
  0x04,0x31,0x6C,0x00,0x27,0x97,0x00,0x00,0x00,0x1E,0xD9,0x00,0x27,0x97,0x00,0x00,0x03,0x35,0xD9,0x00,0xDA,0x98,0x00,0x00,
  0x03,0x17,0xD9,0x00,0xDA,0x98,0x00,0x00,0x02,0x34,0x6D,0x00,0xB3,0x99,0x00,0x00,0x03,0x30,0x6D,0x00,0x8D,0x9A,0x00,0x00,
  0x00,0x1E,0xD9,0x00,0x8D,0x9A,0x00,0x00,0x02,0x34,0xD9,0x00,0x3F,0x9C,0x00,0x00,0x03,0x17,0xDA,0x00,0x3F,0x9C,0x00,0x00,
  0x02,0x2F,0x6D,0x00,0x19,0x9D,0x00,0x00,0x04,0x31,0x6D,0x00,0xF2,0x9D,0x00,0x00,0x00,0x23,0xDA,0x00,0xF2,0x9D,0x00,0x00,
  0x01,0x32,0x6D,0x00,0xCC,0x9E,0x00,0x00,0x02,0x34,0x6C,0x00,0xA5,0x9F,0x00,0x00,0x03,0x21,0xD9,0x00,0xA5,0x9F,0x00,0x00,
  0x04,0x36,0x6D,0x00,0x7E,0xA0,0x00,0x00,0x00,0x32,0x6D,0x00,0x58,0xA1,0x00,0x00,0x01,0x1F,0xD9,0x00,0x58,0xA1,0x00,0x00,
  0x04,0x36,0x6C,0x00,0x31,0xA2,0x00,0x00,0x04,0x3B,0x6D,0x00,0x0B,0xA3,0x00,0x00,0x00,0x1E,0xD9,0x00,0x0B,0xA3,0x00,0x00,
  0x02,0x39,0x6C,0x00,0xE4,0xA3,0x00,0x00,0x04,0x36,0x6D,0x00,0xBD,0xA4,0x00,0x00,0x03,0x1C,0xDA,0x00,0xBD,0xA4,0x00,0x00,
  0x00,0x32,0x6D,0x00,0x97,0xA5,0x00,0x00,0x04,0x36,0x6C,0x00,0x70,0xA6,0x00,0x00,0x00,0x19,0xDA,0x00,0x70,0xA6,0x00,0x00,
  0x01,0x2D,0xF9,0x02,0x70,0xA6,0x00,0x00,0x02,0x39,0xF9,0x02,0x23,0xA8,0x00,0x00,0x03,0x17,0xD9,0x00,0xD6,0xA9,0x00,0x00,
  0x03,0x17,0x7C,0x01,0xD6,0xA9,0x00,0x00,0x04,0x3B,0x6C,0x00,0xAF,0xAA,0x00,0x00,0x01,0x3D,0x6D,0x00,0x88,0xAB,0x00,0x00,
  0x02,0x2A,0x6D,0x00,0x88,0xAB,0x00,0x00,0x00,0x32,0x6D,0x00,0x88,0xAB,0x00,0x00,0x04,0x36,0x6D,0x00,0x88,0xAB,0x00,0x00,
  0x03,0x3E,0x6D,0x00,0xF5,0xAB,0x00,0x00,0x01,0x29,0x6D,0x00,0x62,0xAC,0x00,0x00,0x02,0x2A,0xBE,0x00,0x62,0xAC,0x00,0x00,
  0x04,0x40,0x6D,0x00,0x3B,0xAD,0x00,0x00,0x00,0x23,0xDA,0x00,0x3B,0xAD,0x00,0x00,0x01,0x42,0x6D,0x00,0x15,0xAE,0x00,0x00,
  0x02,0x3E,0x6C,0x00,0xEE,0xAE,0x00,0x00,0x02,0x2A,0x6D,0x00,0xEE,0xAE,0x00,0x00,0x00,0x32,0x6D,0x00,0xEE,0xAE,0x00,0x00,
  0x04,0x36,0xD9,0x00,0xEE,0xAE,0x00,0x00,0x01,0x42,0xD9,0x00,0x5B,0xAF,0x00,0x00,0x02,0x29,0x6C,0x00,0xC7,0xAF,0x00,0x00,
  0x02,0x2A,0xBF,0x00,0xA1,0xB0,0x00,0x00,0x00,0x23,0xD9,0x00,0xA1,0xB0,0x00,0x00,0x01,0x41,0x6D,0x00,0x7A,0xB1,0x00,0x00,
  0x01,0x3D,0x6D,0x00,0x54,0xB2,0x00,0x00,0x02,0x2A,0x6C,0x00,0x54,0xB2,0x00,0x00,0x04,0x31,0x6C,0x00,0x54,0xB2,0x00,0x00,
  0x03,0x35,0xD9,0x00,0x54,0xB2,0x00,0x00,0x00,0x41,0xD9,0x00,0xC0,0xB2,0x00,0x00,0x01,0x29,0x6D,0x00,0x2D,0xB3,0x00,0x00,
  0x02,0x2A,0xBE,0x00,0x06,0xB4,0x00,0x00,0x00,0x23,0xDA,0x00,0x06,0xB4,0x00,0x00,0x04,0x40,0x6D,0x00,0xE0,0xB4,0x00,0x00,
  0x00,0x3C,0x6C,0x00,0xB9,0xB5,0x00,0x00,0x02,0x2A,0x6D,0x00,0xB9,0xB5,0x00,0x00,0x03,0x30,0x6D,0x00,0xB9,0xB5,0x00,0x00,
  0x04,0x34,0xDA,0x00,0xB9,0xB5,0x00,0x00,0x00,0x40,0xDA,0x00,0x26,0xB6,0x00,0x00,0x01,0x29,0x6D,0x00,0x93,0xB6,0x00,0x00,
  0x02,0x2A,0xBE,0x00,0x6C,0xB7,0x00,0x00,0x00,0x23,0xD9,0x00,0x6C,0xB7,0x00,0x00,0x04,0x3B,0x6D,0x00,0x45,0xB8,0x00,0x00,
  0x01,0x3D,0x6D,0x00,0x1F,0xB9,0x00,0x00,0x02,0x2A,0x6C,0x00,0x1F,0xB9,0x00,0x00,0x00,0x32,0x6C,0x00,0x1F,0xB9,0x00,0x00,
  0x04,0x36,0x6C,0x00,0x1F,0xB9,0x00,0x00,0x03,0x3E,0x6C,0x00,0x8B,0xB9,0x00,0x00,0x01,0x29,0x6D,0x00,0xF8,0xB9,0x00,0x00,
  0x02,0x2A,0xBE,0x00,0xF8,0xB9,0x00,0x00,0x04,0x40,0x6D,0x00,0xD2,0xBA,0x00,0x00,0x00,0x23,0xD9,0x00,0xD2,0xBA,0x00,0x00,
  0x01,0x42,0x6C,0x00,0xAB,0xBB,0x00,0x00,0x02,0x3E,0x6D,0x00,0x84,0xBC,0x00,0x00,0x02,0x2A,0x6D,0x00,0x84,0xBC,0x00,0x00,
  0x00,0x32,0x6D,0x00,0x84,0xBC,0x00,0x00,0x01,0x42,0x6D,0x00,0xF1,0xBC,0x00,0x00,0x01,0x29,0x6D,0x00,0x5E,0xBD,0x00,0x00,
  0x02,0x2A,0xBE,0x00,0x5E,0xBD,0x00,0x00,0x01,0x47,0x6C,0x00,0x37,0xBE,0x00,0x00,0x03,0x26,0xD9,0x00,0x37,0xBE,0x00,0x00,
  0x04,0x45,0x6D,0x00,0x10,0xBF,0x00,0x00,0x01,0x42,0x6D,0x00,0xEA,0xBF,0x00,0x00,0x00,0x2D,0x6D,0x00,0xEA,0xBF,0x00,0x00,
  0x04,0x36,0x6D,0x00,0xEA,0xBF,0x00,0x00,0x02,0x39,0x6D,0x00,0xEA,0xBF,0x00,0x00,0x03,0x3E,0x6D,0x00,0x57,0xC0,0x00,0x00,
  0x04,0x2C,0x6C,0x00,0xC3,0xC0,0x00,0x00,0x00,0x2D,0xBE,0x00,0xC3,0xC0,0x00,0x00,0x01,0x42,0x6D,0x00,0x9D,0xC1,0x00,0x00,
  0x03,0x26,0xD9,0x00,0x9D,0xC1,0x00,0x00,0x04,0x45,0xF9,0x02,0x4F,0xC3,0x00,0x00,0x00,0x2D,0x6D,0x00,0x4F,0xC3,0x00,0x00,
  0x01,0x36,0x6D,0x00,0x4F,0xC3,0x00,0x00,0x02,0x39,0x7D,0x01,0x4F,0xC3,0x00,0x00,0x03,0x3E,0x7D,0x01,0xBC,0xC3,0x00,0x00,
  0x00,0x2C,0x6D,0x00,0x29,0xC4,0x00,0x00,0x00,0x2D,0xBE,0x00,0x02,0xC5,0x00,0x00,0x00,0x23,0xDA,0x00,0x02,0xC5,0x00,0x00,
  0x01,0x47,0x6D,0x00,0xDC,0xC5,0x00,0x00,0x03,0x49,0x6C,0x00,0xB5,0xC6,0x00,0x00,0x02,0x2A,0x6D,0x00,0xB5,0xC6,0x00,0x00,
  0x00,0x32,0x6D,0x00,0xB5,0xC6,0x00,0x00,0x01,0x42,0x7C,0x01,0xB5,0xC6,0x00,0x00,0x04,0x4A,0x6D,0x00,0x22,0xC7,0x00,0x00,
  0x02,0x29,0x6C,0x00,0x8E,0xC7,0x00,0x00,0x02,0x2A,0xBF,0x00,0x8E,0xC7,0x00,0x00,0x03,0x4C,0x6D,0x00,0x68,0xC8,0x00,0x00,
  0x00,0x23,0xD9,0x00,0x68,0xC8,0x00,0x00,0x03,0x4E,0x6C,0x00,0x41,0xC9,0x00,0x00,0x04,0x4A,0x6D,0x00,0x1B,0xCA,0x00,0x00,
  0x02,0x2A,0x6C,0x00,0x1B,0xCA,0x00,0x00,0x00,0x32,0x6C,0x00,0x1B,0xCA,0x00,0x00,0x01,0x42,0x7C,0x01,0x1B,0xCA,0x00,0x00,
  0x03,0x4E,0xD9,0x00,0x87,0xCA,0x00,0x00,0x02,0x29,0x6D,0x00,0xF4,0xCA,0x00,0x00,0x02,0x2A,0xBE,0x00,0xCD,0xCB,0x00,0x00,
  0x00,0x23,0xDA,0x00,0xCD,0xCB,0x00,0x00,0x02,0x4D,0x6D,0x00,0xA7,0xCC,0x00,0x00,0x03,0x49,0x6C,0x00,0x80,0xCD,0x00,0x00,
  0x02,0x2A,0x6D,0x00,0x80,0xCD,0x00,0x00,0x04,0x31,0x6D,0x00,0x80,0xCD,0x00,0x00,0x01,0x42,0x7D,0x01,0x80,0xCD,0x00,0x00,
  0x03,0x4D,0xDA,0x00,0xED,0xCD,0x00,0x00,0x02,0x29,0x6D,0x00,0x5A,0xCE,0x00,0x00,0x02,0x2A,0xBE,0x00,0x33,0xCF,0x00,0x00,
  0x00,0x23,0xD9,0x00,0x33,0xCF,0x00,0x00,0x01,0x4C,0x6D,0x00,0x0C,0xD0,0x00,0x00,0x02,0x48,0x6D,0x00,0xE6,0xD0,0x00,0x00,
  0x02,0x2A,0x6C,0x00,0xE6,0xD0,0x00,0x00,0x00,0x32,0x6C,0x00,0xE6,0xD0,0x00,0x00,0x01,0x42,0x7C,0x01,0xE6,0xD0,0x00,0x00,
  0x03,0x4C,0xD9,0x00,0x52,0xD1,0x00,0x00,0x02,0x29,0x6D,0x00,0xBF,0xD1,0x00,0x00,0x02,0x2A,0xBE,0x00,0x98,0xD2,0x00,0x00,
  0x00,0x23,0xDA,0x00,0x98,0xD2,0x00,0x00,0x01,0x47,0x6D,0x00,0x72,0xD3,0x00,0x00,0x03,0x49,0x6D,0x00,0x4B,0xD4,0x00,0x00,
  0x02,0x2A,0x6D,0x00,0x4B,0xD4,0x00,0x00,0x00,0x32,0x6D,0x00,0x4B,0xD4,0x00,0x00,0x01,0x42,0x7D,0x01,0x4B,0xD4,0x00,0x00,
  0x04,0x4A,0x6D,0x00,0xB8,0xD4,0x00,0x00,0x02,0x29,0x6D,0x00,0x25,0xD5,0x00,0x00,0x02,0x2A,0xBE,0x00,0x25,0xD5,0x00,0x00,
  0x03,0x4C,0x6C,0x00,0xFE,0xD5,0x00,0x00,0x00,0x23,0xD9,0x00,0xFE,0xD5,0x00,0x00,0x03,0x4E,0x6D,0x00,0xD7,0xD6,0x00,0x00,
  0x04,0x4A,0x6D,0x00,0xB1,0xD7,0x00,0x00,0x02,0x2A,0x6D,0x00,0xB1,0xD7,0x00,0x00,0x00,0x32,0x6D,0x00,0xB1,0xD7,0x00,0x00,
  0x03,0x4E,0x6D,0x00,0x1E,0xD8,0x00,0x00,0x01,0x29,0x6C,0x00,0x8A,0xD8,0x00,0x00,0x02,0x2A,0xBE,0x00,0x8A,0xD8,0x00,0x00,
  0x03,0x53,0x6D,0x00,0x64,0xD9,0x00,0x00,0x03,0x26,0xD9,0x00,0x64,0xD9,0x00,0x00,0x01,0x51,0x6C,0x00,0x3D,0xDA,0x00,0x00,
  0x03,0x4E,0x6D,0x00,0x16,0xDB,0x00,0x00,0x00,0x2D,0x6D,0x00,0x16,0xDB,0x00,0x00,0x04,0x36,0x6D,0x00,0x16,0xDB,0x00,0x00,
  0x01,0x45,0x7D,0x01,0x16,0xDB,0x00,0x00,0x02,0x4A,0x6D,0x00,0x83,0xDB,0x00,0x00,0x04,0x2C,0x6D,0x00,0xF0,0xDB,0x00,0x00,
  0x00,0x2D,0xBE,0x00,0xF0,0xDB,0x00,0x00,0x03,0x4E,0x6C,0x00,0xC9,0xDC,0x00,0x00,0x03,0x26,0xDA,0x00,0xC9,0xDC,0x00,0x00,
  0x01,0x51,0xF9,0x02,0x7C,0xDE,0x00,0x00,0x00,0x2D,0x6D,0x00,0x7C,0xDE,0x00,0x00,0x04,0x36,0x6D,0x00,0x7C,0xDE,0x00,0x00,
  0x02,0x45,0x7C,0x01,0x7C,0xDE,0x00,0x00,0x03,0x4A,0x7C,0x01,0xE9,0xDE,0x00,0x00,0x04,0x2C,0x6C,0x00,0x55,0xDF,0x00,0x00,
  0x00,0x2D,0xBF,0x00,0x2F,0xE0,0x00,0x00,0x02,0x2A,0xD9,0x00,0x2F,0xE0,0x00,0x00,0x01,0x42,0x6C,0x00,0x08,0xE1,0x00,0x00,
  0x03,0x44,0x6D,0x00,0xE2,0xE1,0x00,0x00,0x04,0x31,0x6C,0x00,0xE2,0xE1,0x00,0x00,0x03,0x3A,0x6C,0x00,0xE2,0xE1,0x00,0x00,
  0x01,0x42,0x7C,0x01,0xE2,0xE1,0x00,0x00,0x00,0x46,0x6C,0x00,0x4E,0xE2,0x00,0x00,0x03,0x30,0x6D,0x00,0xBB,0xE2,0x00,0x00,
  0x04,0x31,0xBE,0x00,0xBB,0xE2,0x00,0x00,0x02,0x47,0x6D,0x00,0x94,0xE3,0x00,0x00,0x02,0x2A,0xDA,0x00,0x94,0xE3,0x00,0x00,
  0x03,0x49,0x6D,0x00,0x6E,0xE4,0x00,0x00,0x00,0x46,0x6C,0x00,0x47,0xE5,0x00,0x00,0x04,0x31,0x6D,0x00,0x47,0xE5,0x00,0x00,
  0x03,0x3A,0x6D,0x00,0x47,0xE5,0x00,0x00,0x01,0x42,0x7D,0x01,0x47,0xE5,0x00,0x00,0x00,0x46,0x7D,0x01,0x47,0xE5,0x00,0x00,
  0x02,0x49,0x7D,0x01,0xB4,0xE5,0x00,0x00,0x03,0x30,0x6C,0x00,0x20,0xE6,0x00,0x00,0x04,0x31,0xBF,0x00,0xFA,0xE6,0x00,0x00,
  0x03,0x26,0xD9,0x00,0xFA,0xE6,0x00,0x00,0x04,0x4A,0x6D,0x00,0xD3,0xE7,0x00,0x00,0x00,0x46,0x6D,0x00,0xAD,0xE8,0x00,0x00,
  0x00,0x32,0x6C,0x00,0xAD,0xE8,0x00,0x00,0x03,0x3A,0x6C,0x00,0xAD,0xE8,0x00,0x00,0x01,0x42,0x7C,0x01,0xAD,0xE8,0x00,0x00,
  0x02,0x46,0x7C,0x01,0xAD,0xE8,0x00,0x00,0x04,0x4A,0x7C,0x01,0x19,0xE9,0x00,0x00,0x00,0x31,0x6D,0x00,0x86,0xE9,0x00,0x00,
  0x00,0x32,0xBE,0x00,0x5F,0xEA,0x00,0x00,0x02,0x2A,0xDA,0x00,0x5F,0xEA,0x00,0x00,0x03,0x49,0x6D,0x00,0x39,0xEB,0x00,0x00,
  0x00,0x46,0x6D,0x00,0x12,0xEC,0x00,0x00,0x04,0x31,0x6D,0x00,0x12,0xEC,0x00,0x00,0x03,0x3A,0x6D,0x00,0x12,0xEC,0x00,0x00,
  0x01,0x42,0x7D,0x01,0x12,0xEC,0x00,0x00,0x00,0x46,0x7D,0x01,0x12,0xEC,0x00,0x00,0x02,0x49,0x7D,0x01,0x7F,0xEC,0x00,0x00,
  0x03,0x30,0x6D,0x00,0xEC,0xEC,0x00,0x00,0x04,0x31,0xBE,0x00,0xC5,0xED,0x00,0x00,0x02,0x2A,0xD9,0x00,0xC5,0xED,0x00,0x00,
  0x01,0x42,0x6D,0x00,0x9E,0xEE,0x00,0x00,0x03,0x44,0x6D,0x00,0x78,0xEF,0x00,0x00,0x04,0x31,0x6C,0x00,0x78,0xEF,0x00,0x00,
  0x03,0x3A,0x6C,0x00,0x78,0xEF,0x00,0x00,0x01,0x42,0x7C,0x01,0x78,0xEF,0x00,0x00,0x00,0x46,0x6C,0x00,0xE4,0xEF,0x00,0x00,
  0x03,0x30,0x6D,0x00,0x51,0xF0,0x00,0x00,0x04,0x31,0xBE,0x00,0x51,0xF0,0x00,0x00,0x02,0x47,0x6D,0x00,0x2B,0xF1,0x00,0x00,
  0x02,0x2A,0xD9,0x00,0x2B,0xF1,0x00,0x00,0x03,0x49,0x6C,0x00,0x04,0xF2,0x00,0x00,0x00,0x46,0x6D,0x00,0xDD,0xF2,0x00,0x00,
  0x04,0x31,0x6D,0x00,0xDD,0xF2,0x00,0x00,0x03,0x3A,0x6D,0x00,0xDD,0xF2,0x00,0x00,0x01,0x42,0x7D,0x01,0xDD,0xF2,0x00,0x00,
  0x00,0x46,0x7D,0x01,0xDD,0xF2,0x00,0x00,0x02,0x49,0x7D,0x01,0x4A,0xF3,0x00,0x00,0x03,0x30,0x6D,0x00,0xB7,0xF3,0x00,0x00,
  0x04,0x31,0xBE,0x00,0x90,0xF4,0x00,0x00,0x03,0x26,0xD9,0x00,0x90,0xF4,0x00,0x00,0x04,0x4A,0x6D,0x00,0x69,0xF5,0x00,0x00,
  0x00,0x46,0x6D,0x00,0x43,0xF6,0x00,0x00,0x00,0x32,0x6D,0x00,0x43,0xF6,0x00,0x00,0x03,0x3A,0x6D,0x00,0x43,0xF6,0x00,0x00,
  0x01,0x42,0x7C,0x01,0x43,0xF6,0x00,0x00,0x02,0x46,0x7C,0x01,0x43,0xF6,0x00,0x00,0x04,0x4A,0x7C,0x01,0xB0,0xF6,0x00,0x00,
  0x00,0x31,0x6C,0x00,0x1C,0xF7,0x00,0x00,0x00,0x32,0xBE,0x00,0xF6,0xF7,0x00,0x00,0x02,0x2A,0xD9,0x00,0xF6,0xF7,0x00,0x00,
  0x03,0x49,0xF9,0x02,0xA8,0xF9,0x00,0x00,0x04,0x31,0x6D,0x00,0xA8,0xF9,0x00,0x00,0x00,0x3A,0x6D,0x00,0xA8,0xF9,0x00,0x00,
  0x01,0x42,0x7D,0x01,0xA8,0xF9,0x00,0x00,0x02,0x46,0x7D,0x01,0x15,0xFA,0x00,0x00,0x04,0x30,0x6D,0x00,0x82,0xFA,0x00,0x00,
  0x04,0x31,0xBE,0x00,0x5B,0xFB,0x00,0x00,0x02,0x2A,0xDA,0x00,0x5B,0xFB,0x00,0x00,0x03,0x4E,0x6D,0x00,0x35,0xFC,0x00,0x00,
  0x00,0x50,0x6C,0x00,0x0E,0xFD,0x00,0x00,0x04,0x31,0x6D,0x00,0x0E,0xFD,0x00,0x00,0x03,0x3A,0x6D,0x00,0x0E,0xFD,0x00,0x00,
  0x00,0x4E,0x6D,0x00,0x0E,0xFD,0x00,0x00,0x02,0x52,0x6D,0x00,0x7B,0xFD,0x00,0x00,0x03,0x30,0x6C,0x00,0xE7,0xFD,0x00,0x00,
  0x04,0x31,0xBF,0x00,0xE7,0xFD,0x00,0x00,0x03,0x53,0x6D,0x00,0xC1,0xFE,0x00,0x00,0x02,0x2A,0xD9,0x00,0xC1,0xFE,0x00,0x00,
  0x00,0x55,0x6C,0x00,0x9A,0xFF,0x00,0x00,0x02,0x52,0x6D,0x00,0x74,0x00,0x01,0x00,0x04,0x31,0x6C,0x00,0x74,0x00,0x01,0x00,
  0x03,0x3A,0x6C,0x00,0x74,0x00,0x01,0x00,0x00,0x4E,0xD9,0x00,0x74,0x00,0x01,0x00,0x02,0x52,0xD9,0x00,0x74,0x00,0x01,0x00,
  0x01,0x55,0xD9,0x00,0xE0,0x00,0x01,0x00,0x03,0x30,0x6D,0x00,0x4D,0x01,0x01,0x00,0x04,0x31,0xBE,0x00,0x26,0x02,0x01,0x00,
  0x03,0x26,0xDA,0x00,0x26,0x02,0x01,0x00,0x01,0x56,0x6D,0x00,0x00,0x03,0x01,0x00,0x02,0x52,0x6C,0x00,0xD9,0x03,0x01,0x00,
  0x00,0x32,0x6D,0x00,0xD9,0x03,0x01,0x00,0x03,0x3A,0x6D,0x00,0xD9,0x03,0x01,0x00,0x04,0x4E,0xDA,0x00,0xD9,0x03,0x01,0x00,
  0x02,0x52,0xDA,0x00,0xD9,0x03,0x01,0x00,0x01,0x56,0xDA,0x00,0x46,0x04,0x01,0x00,0x00,0x31,0x6D,0x00,0xB3,0x04,0x01,0x00,
  0x00,0x32,0xBE,0x00,0x8C,0x05,0x01,0x00,0x02,0x2A,0xD9,0x00,0x8C,0x05,0x01,0x00,0x00,0x55,0x6D,0x00,0x65,0x06,0x01,0x00,
  0x02,0x52,0x6D,0x00,0x3F,0x07,0x01,0x00,0x04,0x31,0x6C,0x00,0x3F,0x07,0x01,0x00,0x03,0x3A,0x6C,0x00,0x3F,0x07,0x01,0x00,
  0x00,0x4E,0xD9,0x00,0x3F,0x07,0x01,0x00,0x02,0x52,0xD9,0x00,0x3F,0x07,0x01,0x00,0x01,0x55,0xD9,0x00,0xAB,0x07,0x01,0x00,
  0x03,0x30,0x6D,0x00,0x18,0x08,0x01,0x00,0x04,0x31,0xBE,0x00,0xF1,0x08,0x01,0x00,0x02,0x2A,0xDA,0x00,0xF1,0x08,0x01,0x00,
  0x03,0x4E,0x6D,0x00,0xCB,0x09,0x01,0x00,0x00,0x50,0x6D,0x00,0xA4,0x0A,0x01,0x00,0x04,0x31,0x6D,0x00,0xA4,0x0A,0x01,0x00,
  0x03,0x3A,0x6D,0x00,0xA4,0x0A,0x01,0x00,0x00,0x4E,0x6D,0x00,0xA4,0x0A,0x01,0x00,0x02,0x52,0x6D,0x00,0x11,0x0B,0x01,0x00,
  0x03,0x30,0x6D,0x00,0x7E,0x0B,0x01,0x00,0x04,0x31,0xBE,0x00,0x7E,0x0B,0x01,0x00,0x03,0x53,0x6C,0x00,0x57,0x0C,0x01,0x00,
  0x02,0x2A,0xD9,0x00,0x57,0x0C,0x01,0x00,0x00,0x55,0x6D,0x00,0x30,0x0D,0x01,0x00,0x02,0x52,0x6D,0x00,0x0A,0x0E,0x01,0x00,
  0x04,0x31,0x6D,0x00,0x0A,0x0E,0x01,0x00,0x03,0x3A,0x6D,0x00,0x0A,0x0E,0x01,0x00,0x00,0x4E,0xD9,0x00,0x0A,0x0E,0x01,0x00,
  0x02,0x52,0xD9,0x00,0x0A,0x0E,0x01,0x00,0x01,0x55,0xD9,0x00,0x77,0x0E,0x01,0x00,0x03,0x30,0x6C,0x00,0xE3,0x0E,0x01,0x00,
  0x04,0x31,0xBE,0x00,0xBD,0x0F,0x01,0x00,0x03,0x26,0xD9,0x00,0xBD,0x0F,0x01,0x00,0x01,0x56,0x6C,0x00,0x96,0x10,0x01,0x00,
  0x02,0x52,0x6D,0x00,0x6F,0x11,0x01,0x00,0x00,0x32,0x6D,0x00,0x6F,0x11,0x01,0x00,0x03,0x3A,0x6D,0x00,0x6F,0x11,0x01,0x00,
  0x04,0x4E,0xDA,0x00,0x6F,0x11,0x01,0x00,0x02,0x52,0xDA,0x00,0x6F,0x11,0x01,0x00,0x01,0x56,0xDA,0x00,0xDC,0x11,0x01,0x00,
  0x00,0x31,0x6D,0x00,0x49,0x12,0x01,0x00,0x00,0x32,0xBE,0x00,0x22,0x13,0x01,0x00,0x02,0x2A,0xDA,0x00,0x22,0x13,0x01,0x00,
  0x00,0x55,0xF9,0x02,0xD5,0x14,0x01,0x00,0x04,0x31,0x6D,0x00,0xD5,0x14,0x01,0x00,0x03,0x3A,0x6D,0x00,0xD5,0x14,0x01,0x00,
  0x01,0x4E,0x7C,0x01,0xD5,0x14,0x01,0x00,0x02,0x52,0x7C,0x01,0x42,0x15,0x01,0x00,0x03,0x30,0x6C,0x00,0xAE,0x15,0x01,0x00,
  0x04,0x31,0xBF,0x00,0x88,0x16,0x01,0x00,0x00,0x23,0x7F,0x00,0x88,0x16,0x01,0x00,0x04,0x3B,0x6C,0x00,0x19,0x17,0x01,0x00,
  0x01,0x29,0x7E,0x00,0x61,0x17,0x01,0x00,0x02,0x3D,0x6D,0x00,0xAA,0x17,0x01,0x00,0x03,0x2A,0x7E,0x00,0x3B,0x18,0x01,0x00,
  0x00,0x32,0x7E,0x00,0x3B,0x18,0x01,0x00,0x04,0x36,0x6C,0x00,0x3B,0x18,0x01,0x00,0x02,0x3E,0x6C,0x00,0xCB,0x18,0x01,0x00,
  0x01,0x29,0x7F,0x00,0x14,0x19,0x01,0x00,0x04,0x40,0x6D,0x00,0x5C,0x19,0x01,0x00,0x02,0x2A,0x7F,0x00,0xED,0x19,0x01,0x00,
  0x00,0x23,0x7F,0x00,0xED,0x19,0x01,0x00,0x01,0x42,0x6D,0x00,0x7E,0x1A,0x01,0x00,0x01,0x29,0x7F,0x00,0xC7,0x1A,0x01,0x00,
  0x02,0x3E,0x6C,0x00,0x0F,0x1B,0x01,0x00,0x03,0x2A,0x7F,0x00,0xA0,0x1B,0x01,0x00,0x00,0x32,0x7F,0x00,0xA0,0x1B,0x01,0x00,
  0x04,0x36,0xD9,0x00,0xA0,0x1B,0x01,0x00,0x01,0x42,0xD9,0x00,0x31,0x1C,0x01,0x00,0x02,0x29,0x7F,0x00,0xC2,0x1C,0x01,0x00,
  0x02,0x2A,0x7F,0x00,0x53,0x1D,0x01,0x00,0x00,0x23,0x7F,0x00,0x53,0x1D,0x01,0x00,0x01,0x41,0x6D,0x00,0xE4,0x1D,0x01,0x00,
  0x01,0x29,0x7F,0x00,0x2C,0x1E,0x01,0x00,0x02,0x3D,0x6D,0x00,0x75,0x1E,0x01,0x00,0x03,0x2A,0x7F,0x00,0x06,0x1F,0x01,0x00,
  0x04,0x31,0x7E,0x00,0x06,0x1F,0x01,0x00,0x00,0x36,0xD9,0x00,0x06,0x1F,0x01,0x00,0x01,0x41,0xD9,0x00,0x97,0x1F,0x01,0x00,
  0x02,0x29,0x7E,0x00,0x28,0x20,0x01,0x00,0x02,0x2A,0x7E,0x00,0xB8,0x20,0x01,0x00,0x00,0x23,0x7F,0x00,0xB8,0x20,0x01,0x00,
  0x04,0x40,0x6D,0x00,0x49,0x21,0x01,0x00,0x01,0x29,0x7F,0x00,0x92,0x21,0x01,0x00,0x00,0x3C,0x6D,0x00,0xDA,0x21,0x01,0x00,
  0x02,0x2A,0x7F,0x00,0x6B,0x22,0x01,0x00,0x03,0x30,0x7F,0x00,0x6B,0x22,0x01,0x00,0x04,0x36,0xDA,0x00,0x6B,0x22,0x01,0x00,
  0x00,0x41,0xDA,0x00,0xFC,0x22,0x01,0x00,0x01,0x29,0x7F,0x00,0x8D,0x23,0x01,0x00,0x02,0x2A,0x7F,0x00,0x1E,0x24,0x01,0x00,
  0x00,0x23,0x7F,0x00,0x1E,0x24,0x01,0x00,0x04,0x3B,0x6D,0x00,0xAF,0x24,0x01,0x00,0x01,0x29,0x7F,0x00,0xF7,0x24,0x01,0x00,
  0x02,0x3D,0x6D,0x00,0x40,0x25,0x01,0x00,0x03,0x2A,0x7F,0x00,0xD1,0x25,0x01,0x00,0x00,0x32,0x7F,0x00,0xD1,0x25,0x01,0x00,
  0x04,0x36,0x6C,0x00,0xD1,0x25,0x01,0x00,0x02,0x3E,0x6C,0x00,0x62,0x26,0x01,0x00,0x01,0x29,0x7F,0x00,0xAA,0x26,0x01,0x00,
  0x04,0x40,0x6D,0x00,0xF3,0x26,0x01,0x00,0x02,0x2A,0x7E,0x00,0x84,0x27,0x01,0x00,0x00,0x23,0x7E,0x00,0x84,0x27,0x01,0x00,
  0x01,0x42,0x6C,0x00,0x14,0x28,0x01,0x00,0x01,0x29,0x7F,0x00,0x5D,0x28,0x01,0x00,0x02,0x3E,0x6D,0x00,0xA5,0x28,0x01,0x00,
  0x03,0x2A,0x7F,0x00,0x36,0x29,0x01,0x00,0x00,0x32,0x7F,0x00,0x36,0x29,0x01,0x00,0x04,0x3B,0x6D,0x00,0x36,0x29,0x01,0x00,
  0x01,0x42,0x6D,0x00,0xC7,0x29,0x01,0x00,0x01,0x29,0x7F,0x00,0x10,0x2A,0x01,0x00,0x02,0x47,0x6C,0x00,0x58,0x2A,0x01,0x00,
  0x03,0x2A,0x7F,0x00,0xE9,0x2A,0x01,0x00,0x03,0x26,0x7F,0x00,0xE9,0x2A,0x01,0x00,0x04,0x45,0x6D,0x00,0x7A,0x2B,0x01,0x00,
  0x04,0x2C,0x7F,0x00,0xC3,0x2B,0x01,0x00,0x01,0x42,0x6C,0x00,0x0B,0x2C,0x01,0x00,0x00,0x2D,0x7F,0x00,0x9C,0x2C,0x01,0x00,
  0x04,0x36,0x7F,0x00,0x9C,0x2C,0x01,0x00,0x02,0x39,0x6D,0x00,0x9C,0x2C,0x01,0x00,0x00,0x40,0x6D,0x00,0x2D,0x2D,0x01,0x00,
  0x04,0x2C,0x7F,0x00,0x75,0x2D,0x01,0x00,0x01,0x42,0x6D,0x00,0xBE,0x2D,0x01,0x00,0x00,0x2D,0x7F,0x00,0x4F,0x2E,0x01,0x00,
  0x03,0x26,0x7F,0x00,0x4F,0x2E,0x01,0x00,0x04,0x45,0xF9,0x02,0xE0,0x2E,0x01,0x00,0x00,0x2C,0x7E,0x00,0x71,0x2F,0x01,0x00,
  0x00,0x2D,0x7E,0x00,0x01,0x30,0x01,0x00,0x00,0x36,0x7F,0x00,0x01,0x30,0x01,0x00,0x02,0x39,0x7D,0x01,0x01,0x30,0x01,0x00,
  0x01,0x40,0x7D,0x01,0x92,0x30,0x01,0x00,0x00,0x2C,0x7F,0x00,0x23,0x31,0x01,0x00,0x00,0x2D,0x7F,0x00,0xB4,0x31,0x01,0x00,
  0x00,0x23,0x7F,0x00,0xB4,0x31,0x01,0x00,0x01,0x47,0x6D,0x00,0x45,0x32,0x01,0x00,0x01,0x29,0x7F,0x00,0x8E,0x32,0x01,0x00,
  0x03,0x49,0x6C,0x00,0xD6,0x32,0x01,0x00,0x02,0x2A,0x7F,0x00,0x67,0x33,0x01,0x00,0x00,0x32,0x7F,0x00,0x67,0x33,0x01,0x00,
  0x01,0x42,0x7C,0x01,0x67,0x33,0x01,0x00,0x04,0x4A,0x6D,0x00,0xF8,0x33,0x01,0x00,0x02,0x29,0x7F,0x00,0x40,0x34,0x01,0x00,
  0x03,0x4C,0x6D,0x00,0x89,0x34,0x01,0x00,0x02,0x2A,0x7F,0x00,0x1A,0x35,0x01,0x00,0x00,0x23,0x7F,0x00,0x1A,0x35,0x01,0x00,
  0x03,0x4E,0x6D,0x00,0xAB,0x35,0x01,0x00,0x01,0x29,0x7F,0x00,0xF3,0x35,0x01,0x00,0x04,0x4A,0x6D,0x00,0x3C,0x36,0x01,0x00,
  0x02,0x2A,0x7E,0x00,0xCD,0x36,0x01,0x00,0x00,0x32,0x7E,0x00,0xCD,0x36,0x01,0x00,0x01,0x42,0x7C,0x01,0xCD,0x36,0x01,0x00,
  0x03,0x4E,0x7C,0x01,0x5E,0x37,0x01,0x00,0x02,0x29,0x7E,0x00,0xEE,0x37,0x01,0x00,0x02,0x2A,0x7F,0x00,0x7F,0x38,0x01,0x00,
  0x00,0x23,0x7F,0x00,0x7F,0x38,0x01,0x00,0x02,0x4D,0x6D,0x00,0x10,0x39,0x01,0x00,0x01,0x29,0x7F,0x00,0x59,0x39,0x01,0x00,
  0x03,0x49,0x6C,0x00,0xA1,0x39,0x01,0x00,0x02,0x2A,0x7F,0x00,0x32,0x3A,0x01,0x00,0x00,0x32,0x7F,0x00,0x32,0x3A,0x01,0x00,
  0x01,0x42,0x7D,0x01,0x32,0x3A,0x01,0x00,0x02,0x4D,0xDA,0x00,0xC3,0x3A,0x01,0x00,0x03,0x29,0x7F,0x00,0x54,0x3B,0x01,0x00,
  0x02,0x2A,0x7F,0x00,0xE5,0x3B,0x01,0x00,0x00,0x23,0x7F,0x00,0xE5,0x3B,0x01,0x00,0x01,0x4C,0x6D,0x00,0x76,0x3C,0x01,0x00,
  0x01,0x29,0x7F,0x00,0xBE,0x3C,0x01,0x00,0x02,0x48,0x6D,0x00,0x07,0x3D,0x01,0x00,0x03,0x2A,0x7F,0x00,0x98,0x3D,0x01,0x00,
  0x00,0x32,0x7F,0x00,0x98,0x3D,0x01,0x00,0x01,0x42,0x7C,0x01,0x98,0x3D,0x01,0x00,0x02,0x4C,0x7C,0x01,0x29,0x3E,0x01,0x00,
  0x03,0x29,0x7E,0x00,0xBA,0x3E,0x01,0x00,0x03,0x2A,0x7E,0x00,0x4B,0x3F,0x01,0x00,0x00,0x23,0x7E,0x00,0x4B,0x3F,0x01,0x00,
  0x01,0x47,0x6C,0x00,0xDB,0x3F,0x01,0x00,0x01,0x29,0x7F,0x00,0x24,0x40,0x01,0x00,0x03,0x49,0x6D,0x00,0x6C,0x40,0x01,0x00,
  0x02,0x2A,0x7F,0x00,0xFD,0x40,0x01,0x00,0x02,0x2F,0xDA,0x00,0xFD,0x40,0x01,0x00,0x04,0x3B,0xDA,0x00,0xFD,0x40,0x01,0x00,
  0x00,0x4A,0x6D,0x00,0xD7,0x41,0x01,0x00,0x01,0x4C,0x6C,0x00,0xB0,0x42,0x01,0x00,0x00,0x2D,0xD9,0x00,0xB0,0x42,0x01,0x00,
  0x02,0x2F,0xD9,0x00,0xB0,0x42,0x01,0x00,0x03,0x39,0xD9,0x00,0xB0,0x42,0x01,0x00,0x04,0x4E,0x6D,0x00,0x89,0x43,0x01,0x00,
  0x04,0x4A,0x6D,0x00,0x63,0x44,0x01,0x00,0x03,0x2B,0xD9,0x00,0x63,0x44,0x01,0x00,0x02,0x2F,0xD9,0x00,0x63,0x44,0x01,0x00,
  0x00,0x37,0xD9,0x00,0x63,0x44,0x01,0x00,0x01,0x47,0x7C,0x01,0x63,0x44,0x01,0x00,0x04,0x4A,0x7C,0x01,0x63,0x44,0x01,0x00,
  0x03,0x4E,0x6D,0x00,0x3C,0x45,0x01,0x00,0x03,0x53,0x6D,0x00,0x16,0x46,0x01,0x00,0x02,0x2A,0x7C,0x01,0x16,0x46,0x01,0x00,
  0x03,0x2F,0x7C,0x01,0x16,0x46,0x01,0x00,0x04,0x36,0x7C,0x01,0x16,0x46,0x01,0x00,0x00,0x4E,0x6C,0x00,0xEF,0x46,0x01,0x00,
  0x00,0x4A,0x6D,0x00,0xC8,0x47,0x01,0x00,0x00,0x28,0x7D,0x01,0xC8,0x47,0x01,0x00,0x02,0x2F,0x7D,0x01,0xC8,0x47,0x01,0x00,
  0x03,0x34,0x7D,0x01,0xC8,0x47,0x01,0x00,0x01,0x47,0x7D,0x01,0xC8,0x47,0x01,0x00,0x04,0x4A,0x7D,0x01,0xC8,0x47,0x01,0x00,
  0x00,0x4E,0x6D,0x00,0xA2,0x48,0x01,0x00,0x00,0x53,0x6D,0x00,0x7B,0x49,0x01,0x00,0x03,0x26,0x7D,0x01,0x7B,0x49,0x01,0x00,
  0x02,0x2F,0x7D,0x01,0x7B,0x49,0x01,0x00,0x00,0x32,0x7D,0x01,0x7B,0x49,0x01,0x00,0x01,0x47,0xF9,0x02,0x2E,0x4B,0x01,0x00,
  0x02,0x25,0x7C,0x01,0x2E,0x4B,0x01,0x00,0x03,0x2F,0x7C,0x01,0x2E,0x4B,0x01,0x00,0x04,0x31,0x7C,0x01,0xE1,0x4C,0x01,0x00,
  0x00,0x23,0xAA,0x00,0xE1,0x4C,0x01,0x00,0x02,0x2F,0xAA,0x00,0xE1,0x4C,0x01,0x00,0x03,0x53,0xAA,0x02,0xA4,0x4D,0x01,0x00,
  0x00,0x2D,0x61,0x00,0xA4,0x4D,0x01,0x00,0x01,0x55,0x61,0x00,0x66,0x4E,0x01,0x00,0x04,0x2B,0x62,0x00,0x66,0x4E,0x01,0x00,
  0x01,0x56,0x62,0x00,0x29,0x4F,0x01,0x00,0x02,0x2A,0x62,0x00,0x29,0x4F,0x01,0x00,0x04,0x58,0x62,0x00,0xEC,0x4F,0x01,0x00,
  0x00,0x23,0xAA,0x00,0xEC,0x4F,0x01,0x00,0x02,0x2F,0xAA,0x00,0xEC,0x4F,0x01,0x00,0x03,0x53,0xAA,0x02,0xEC,0x4F,0x01,0x00,
  0x01,0x5A,0xAA,0x00,0xAF,0x50,0x01,0x00,0x00,0x2D,0x61,0x00,0xAF,0x50,0x01,0x00,0x01,0x56,0x61,0x00,0x72,0x51,0x01,0x00,
  0x04,0x2B,0x61,0x00,0x72,0x51,0x01,0x00,0x00,0x5A,0xC2,0x00,0x34,0x52,0x01,0x00,0x02,0x2A,0x62,0x00,0xF7,0x52,0x01,0x00,
  0x00,0x23,0xAB,0x00,0xF7,0x52,0x01,0x00,0x02,0x2F,0xAB,0x00,0xF7,0x52,0x01,0x00,0x03,0x53,0xAA,0x02,0xF7,0x52,0x01,0x00,
  0x04,0x59,0x62,0x00,0xBA,0x53,0x01,0x00,0x00,0x2D,0x61,0x00,0xBA,0x53,0x01,0x00,0x01,0x55,0x61,0x00,0x7D,0x54,0x01,0x00,
  0x04,0x2B,0x61,0x00,0x7D,0x54,0x01,0x00,0x00,0x59,0xC3,0x00,0x40,0x55,0x01,0x00,0x02,0x2A,0x61,0x00,0x02,0x56,0x01,0x00,
  0x00,0x23,0xAB,0x00,0x02,0x56,0x01,0x00,0x02,0x2F,0xAB,0x00,0x02,0x56,0x01,0x00,0x03,0x53,0xAA,0x02,0x02,0x56,0x01,0x00,
  0x04,0x58,0x62,0x00,0xC5,0x56,0x01,0x00,0x00,0x2D,0x62,0x00,0xC5,0x56,0x01,0x00,0x04,0x54,0x62,0x00,0x88,0x57,0x01,0x00,
  0x04,0x2B,0x61,0x00,0x88,0x57,0x01,0x00,0x00,0x58,0xC3,0x00,0x4B,0x58,0x01,0x00,0x02,0x2A,0x61,0x00,0x0E,0x59,0x01,0x00,
  0x00,0x23,0xAA,0x00,0x0E,0x59,0x01,0x00,0x02,0x2F,0xAA,0x00,0x0E,0x59,0x01,0x00,0x03,0x53,0xA9,0x02,0xD0,0x59,0x01,0x00,
  0x00,0x2D,0x62,0x00,0xD0,0x59,0x01,0x00,0x01,0x55,0x62,0x00,0x93,0x5A,0x01,0x00,0x04,0x2B,0x62,0x00,0x93,0x5A,0x01,0x00,
  0x01,0x56,0x62,0x00,0x56,0x5B,0x01,0x00,0x02,0x2A,0x61,0x00,0x56,0x5B,0x01,0x00,0x04,0x58,0x61,0x00,0x19,0x5C,0x01,0x00,
  0x00,0x23,0xAA,0x00,0x19,0x5C,0x01,0x00,0x02,0x2F,0xAA,0x00,0x19,0x5C,0x01,0x00,0x03,0x53,0xAA,0x02,0x19,0x5C,0x01,0x00,
  0x01,0x5A,0x61,0x00,0xDC,0x5C,0x01,0x00,0x00,0x2D,0x61,0x00,0xDC,0x5C,0x01,0x00,0x01,0x56,0x61,0x00,0x9E,0x5D,0x01,0x00,
  0x04,0x2B,0x62,0x00,0x9E,0x5D,0x01,0x00,0x00,0x5A,0x62,0x00,0x61,0x5E,0x01,0x00,0x02,0x2A,0x62,0x00,0x61,0x5E,0x01,0x00,
  0x00,0x5F,0x62,0x00,0x24,0x5F,0x01,0x00,0x03,0x26,0xAB,0x00,0x24,0x5F,0x01,0x00,0x00,0x32,0xAB,0x00,0x24,0x5F,0x01,0x00,
  0x01,0x51,0xAA,0x02,0x24,0x5F,0x01,0x00,0x02,0x56,0x86,0x01,0x24,0x5F,0x01,0x00,0x04,0x5D,0x61,0x00,0xE7,0x5F,0x01,0x00,
  0x04,0x31,0x61,0x00,0xE7,0x5F,0x01,0x00,0x00,0x5A,0x61,0x00,0xAA,0x60,0x01,0x00,0x02,0x2F,0x61,0x00,0xAA,0x60,0x01,0x00,
  0x03,0x56,0x24,0x01,0x6D,0x61,0x01,0x00,0x00,0x2D,0x61,0x00,0x6D,0x61,0x01,0x00,0x02,0x5A,0x61,0x00,0x2F,0x62,0x01,0x00,
  0x03,0x26,0xAB,0x00,0x2F,0x62,0x01,0x00,0x00,0x32,0xAB,0x00,0x2F,0x62,0x01,0x00,0x01,0x51,0xAA,0x02,0x2F,0x62,0x01,0x00,
  0x02,0x56,0xAA,0x02,0x2F,0x62,0x01,0x00,0x04,0x5D,0xAA,0x02,0xF2,0x62,0x01,0x00,0x00,0x31,0x62,0x00,0xB5,0x63,0x01,0x00,
  0x03,0x2F,0x61,0x00,0x78,0x64,0x01,0x00,0x00,0x2D,0x61,0x00,0x3B,0x65,0x01,0x00,0x00,0x23,0xAA,0x00,0x3B,0x65,0x01,0x00,
  0x02,0x2F,0xAA,0x00,0x3B,0x65,0x01,0x00,0x03,0x53,0xA9,0x02,0xFD,0x65,0x01,0x00,0x00,0x2D,0x62,0x00,0xFD,0x65,0x01,0x00,
  0x01,0x55,0x62,0x00,0xC0,0x66,0x01,0x00,0x04,0x2B,0x62,0x00,0xC0,0x66,0x01,0x00,0x01,0x56,0x62,0x00,0x83,0x67,0x01,0x00,
  0x02,0x2A,0x61,0x00,0x83,0x67,0x01,0x00,0x04,0x58,0x61,0x00,0x46,0x68,0x01,0x00,0x00,0x23,0xAA,0x00,0x46,0x68,0x01,0x00,
  0x02,0x2F,0xAA,0x00,0x46,0x68,0x01,0x00,0x03,0x53,0xAA,0x02,0x46,0x68,0x01,0x00,0x01,0x5A,0xAA,0x00,0x09,0x69,0x01,0x00,
  0x00,0x2D,0x61,0x00,0x09,0x69,0x01,0x00,0x01,0x56,0x61,0x00,0xCB,0x69,0x01,0x00,0x04,0x2B,0x62,0x00,0xCB,0x69,0x01,0x00,
  0x00,0x5A,0xC3,0x00,0x8E,0x6A,0x01,0x00,0x02,0x2A,0x62,0x00,0x51,0x6B,0x01,0x00,0x00,0x23,0xAA,0x00,0x51,0x6B,0x01,0x00,
  0x02,0x2F,0xAA,0x00,0x51,0x6B,0x01,0x00,0x03,0x53,0xAA,0x02,0x51,0x6B,0x01,0x00,0x04,0x59,0xAA,0x00,0x14,0x6C,0x01,0x00,
  0x00,0x2D,0x61,0x00,0x14,0x6C,0x01,0x00,0x01,0x55,0x61,0x00,0xD7,0x6C,0x01,0x00,0x04,0x2B,0x61,0x00,0xD7,0x6C,0x01,0x00,
  0x00,0x59,0xC2,0x00,0x99,0x6D,0x01,0x00,0x02,0x2A,0x62,0x00,0x5C,0x6E,0x01,0x00,0x00,0x23,0xAB,0x00,0x5C,0x6E,0x01,0x00,
  0x02,0x2F,0xAB,0x00,0x5C,0x6E,0x01,0x00,0x03,0x53,0xAA,0x02,0x5C,0x6E,0x01,0x00,0x04,0x58,0xAB,0x00,0x1F,0x6F,0x01,0x00,
  0x00,0x2D,0x61,0x00,0x1F,0x6F,0x01,0x00,0x04,0x54,0x61,0x00,0xE2,0x6F,0x01,0x00,0x04,0x2B,0x61,0x00,0xE2,0x6F,0x01,0x00,
  0x00,0x58,0xC3,0x00,0xA5,0x70,0x01,0x00,0x02,0x2A,0x61,0x00,0x67,0x71,0x01,0x00,0x00,0x23,0xAB,0x00,0x67,0x71,0x01,0x00,
  0x02,0x2F,0xAB,0x00,0x67,0x71,0x01,0x00,0x03,0x53,0xAA,0x02,0x2A,0x72,0x01,0x00,0x00,0x2D,0x62,0x00,0x2A,0x72,0x01,0x00,
  0x01,0x55,0x62,0x00,0xED,0x72,0x01,0x00,0x04,0x2B,0x61,0x00,0xED,0x72,0x01,0x00,0x01,0x56,0x61,0x00,0xB0,0x73,0x01,0x00,
  0x02,0x2A,0x61,0x00,0xB0,0x73,0x01,0x00,0x04,0x58,0x61,0x00,0x73,0x74,0x01,0x00,0x00,0x23,0xAA,0x00,0x73,0x74,0x01,0x00,
  0x02,0x2F,0xAA,0x00,0x73,0x74,0x01,0x00,0x03,0x53,0xA9,0x02,0x73,0x74,0x01,0x00,0x01,0x5A,0x61,0x00,0x35,0x75,0x01,0x00,
  0x00,0x2D,0x62,0x00,0x35,0x75,0x01,0x00,0x01,0x56,0x62,0x00,0xF8,0x75,0x01,0x00,0x04,0x2B,0x62,0x00,0xF8,0x75,0x01,0x00,
  0x00,0x5A,0x62,0x00,0xBB,0x76,0x01,0x00,0x02,0x2A,0x61,0x00,0xBB,0x76,0x01,0x00,0x00,0x5F,0x61,0x00,0x7E,0x77,0x01,0x00,
  0x00,0x23,0xAA,0x00,0x7E,0x77,0x01,0x00,0x02,0x2F,0xAA,0x00,0x7E,0x77,0x01,0x00,0x01,0x51,0xAA,0x02,0x7E,0x77,0x01,0x00,
  0x03,0x56,0x85,0x01,0x7E,0x77,0x01,0x00,0x04,0x5D,0x61,0x00,0x41,0x78,0x01,0x00,0x00,0x2D,0x61,0x00,0x41,0x78,0x01,0x00,
  0x02,0x5A,0x61,0x00,0x03,0x79,0x01,0x00,0x03,0x2B,0x62,0x00,0x03,0x79,0x01,0x00,0x02,0x56,0x25,0x01,0xC6,0x79,0x01,0x00,
  0x03,0x2A,0x62,0x00,0xC6,0x79,0x01,0x00,0x00,0x5A,0x62,0x00,0x89,0x7A,0x01,0x00,0x00,0x23,0xAB,0x00,0x89,0x7A,0x01,0x00,
  0x02,0x2F,0xAB,0x00,0x89,0x7A,0x01,0x00,0x01,0x51,0xAA,0x02,0x89,0x7A,0x01,0x00,0x03,0x56,0xAA,0x02,0x89,0x7A,0x01,0x00,
  0x04,0x5D,0xAA,0x02,0x4C,0x7B,0x01,0x00,0x00,0x2D,0x61,0x00,0x0F,0x7C,0x01,0x00,0x00,0x2B,0x61,0x00,0xD1,0x7C,0x01,0x00,
  0x02,0x2A,0x62,0x00,0x94,0x7D,0x01,0x00,0x02,0x2A,0xAB,0x00,0x94,0x7D,0x01,0x00,0x04,0x36,0xAB,0x00,0x94,0x7D,0x01,0x00,
  0x00,0x5A,0xAA,0x02,0x57,0x7E,0x01,0x00,0x02,0x34,0x61,0x00,0x57,0x7E,0x01,0x00,0x03,0x5C,0x61,0x00,0x1A,0x7F,0x01,0x00,
  0x01,0x32,0x61,0x00,0x1A,0x7F,0x01,0x00,0x04,0x5E,0x61,0x00,0xDD,0x7F,0x01,0x00,0x04,0x31,0x61,0x00,0xDD,0x7F,0x01,0x00,
  0x01,0x5F,0x61,0x00,0xA0,0x80,0x01,0x00,0x02,0x2A,0xAA,0x00,0xA0,0x80,0x01,0x00,0x04,0x36,0xAA,0x00,0xA0,0x80,0x01,0x00,
  0x00,0x55,0x54,0x01,0xA0,0x80,0x01,0x00,0x01,0x5A,0x54,0x01,0xA0,0x80,0x01,0x00,0x03,0x61,0xAA,0x00,0x62,0x81,0x01,0x00,
  0x02,0x34,0x62,0x00,0x62,0x81,0x01,0x00,0x04,0x5E,0x62,0x00,0x25,0x82,0x01,0x00,0x00,0x32,0x62,0x00,0x25,0x82,0x01,0x00,
  0x01,0x55,0x55,0x01,0x25,0x82,0x01,0x00,0x02,0x5A,0x55,0x01,0x25,0x82,0x01,0x00,0x03,0x61,0x55,0x01,0xE8,0x82,0x01,0x00,
  0x04,0x31,0x61,0x00,0xAB,0x83,0x01,0x00,0x03,0x26,0xAA,0x00,0xAB,0x83,0x01,0x00,0x00,0x32,0xAA,0x00,0xAB,0x83,0x01,0x00,
  0x01,0x56,0xAA,0x00,0xAB,0x83,0x01,0x00,0x02,0x5A,0xAA,0x00,0xAB,0x83,0x01,0x00,0x04,0x62,0xAA,0x00,0x6E,0x84,0x01,0x00,
  0x04,0x31,0x61,0x00,0x6E,0x84,0x01,0x00,0x00,0x5E,0x61,0x00,0x30,0x85,0x01,0x00,0x00,0x32,0x62,0x00,0x30,0x85,0x01,0x00,
  0x01,0x56,0x55,0x01,0x30,0x85,0x01,0x00,0x02,0x5A,0x55,0x01,0x30,0x85,0x01,0x00,0x03,0x62,0x55,0x01,0xF3,0x85,0x01,0x00,
  0x04,0x34,0x62,0x00,0xB6,0x86,0x01,0x00,0x02,0x2A,0xAA,0x00,0xB6,0x86,0x01,0x00,0x04,0x36,0xAA,0x00,0xB6,0x86,0x01,0x00,
  0x00,0x55,0xAA,0x00,0xB6,0x86,0x01,0x00,0x01,0x5A,0xAA,0x00,0xB6,0x86,0x01,0x00,0x03,0x61,0xAA,0x00,0x79,0x87,0x01,0x00,
  0x02,0x34,0x61,0x00,0x79,0x87,0x01,0x00,0x04,0x5E,0x61,0x00,0x3C,0x88,0x01,0x00,0x00,0x32,0x61,0x00,0x3C,0x88,0x01,0x00,
  0x01,0x55,0x54,0x01,0x3C,0x88,0x01,0x00,0x02,0x5A,0x54,0x01,0x3C,0x88,0x01,0x00,0x03,0x61,0x54,0x01,0xFE,0x88,0x01,0x00,
  0x04,0x31,0x62,0x00,0xC1,0x89,0x01,0x00,0x02,0x2A,0xAB,0x00,0xC1,0x89,0x01,0x00,0x04,0x36,0xAB,0x00,0xC1,0x89,0x01,0x00,
  0x00,0x5A,0x62,0x00,0x84,0x8A,0x01,0x00,0x02,0x34,0x61,0x00,0x84,0x8A,0x01,0x00,0x00,0x5A,0x61,0x00,0x84,0x8A,0x01,0x00,
  0x01,0x5B,0x61,0x00,0x47,0x8B,0x01,0x00,0x00,0x32,0x61,0x00,0x47,0x8B,0x01,0x00,0x01,0x5A,0x61,0x00,0x47,0x8B,0x01,0x00,
  0x04,0x5E,0x61,0x00,0x0A,0x8C,0x01,0x00,0x04,0x31,0x61,0x00,0x0A,0x8C,0x01,0x00,0x00,0x5A,0x61,0x00,0x0A,0x8C,0x01,0x00,
  0x01,0x5F,0x61,0x00,0xCC,0x8C,0x01,0x00,0x02,0x2A,0xAB,0x00,0xCC,0x8C,0x01,0x00,0x04,0x36,0xAB,0x00,0xCC,0x8C,0x01,0x00,
  0x00,0x55,0xAB,0x00,0xCC,0x8C,0x01,0x00,0x01,0x5A,0xAB,0x00,0xCC,0x8C,0x01,0x00,0x03,0x61,0xAB,0x00,0x8F,0x8D,0x01,0x00,
  0x02,0x34,0x62,0x00,0x8F,0x8D,0x01,0x00,0x00,0x55,0x62,0x00,0x8F,0x8D,0x01,0x00,0x01,0x5A,0x62,0x00,0x8F,0x8D,0x01,0x00,
  0x04,0x5E,0x62,0x00,0x52,0x8E,0x01,0x00,0x00,0x32,0x61,0x00,0x52,0x8E,0x01,0x00,0x01,0x55,0x55,0x01,0x52,0x8E,0x01,0x00,
  0x02,0x5A,0x55,0x01,0x52,0x8E,0x01,0x00,0x03,0x61,0x55,0x01,0x15,0x8F,0x01,0x00,0x04,0x31,0x61,0x00,0xD8,0x8F,0x01,0x00,
  0x03,0x26,0xAA,0x00,0xD8,0x8F,0x01,0x00,0x00,0x32,0xAA,0x00,0xD8,0x8F,0x01,0x00,0x01,0x56,0xAA,0x00,0xD8,0x8F,0x01,0x00,
  0x02,0x5A,0xAA,0x00,0xD8,0x8F,0x01,0x00,0x04,0x62,0xAA,0x00,0x9A,0x90,0x01,0x00,0x04,0x31,0x62,0x00,0x9A,0x90,0x01,0x00,
  0x01,0x56,0x62,0x00,0x9A,0x90,0x01,0x00,0x00,0x5A,0x62,0x00,0x9A,0x90,0x01,0x00,0x02,0x5E,0x62,0x00,0x5D,0x91,0x01,0x00,
  0x00,0x32,0x62,0x00,0x5D,0x91,0x01,0x00,0x01,0x56,0x55,0x01,0x5D,0x91,0x01,0x00,0x02,0x5A,0x55,0x01,0x5D,0x91,0x01,0x00,
  0x03,0x62,0x55,0x01,0x20,0x92,0x01,0x00,0x04,0x34,0x61,0x00,0xE3,0x92,0x01,0x00,0x02,0x2A,0xAA,0x00,0xE3,0x92,0x01,0x00,
  0x04,0x36,0xAA,0x00,0xE3,0x92,0x01,0x00,0x00,0x55,0xAA,0x02,0xE3,0x92,0x01,0x00,0x01,0x5A,0xAA,0x02,0xE3,0x92,0x01,0x00,
  0x03,0x61,0xAA,0x02,0xA6,0x93,0x01,0x00,0x02,0x34,0x61,0x00,0x68,0x94,0x01,0x00,0x02,0x32,0x62,0x00,0x2B,0x95,0x01,0x00,
  0x04,0x31,0x62,0x00,0xEE,0x95,0x01,0x00,0x02,0x2A,0xAB,0x00,0xEE,0x95,0x01,0x00,0x04,0x36,0xAB,0x00,0xEE,0x95,0x01,0x00,
  0x00,0x5A,0xAA,0x02,0xB1,0x96,0x01,0x00,0x03,0x35,0x61,0x00,0xB1,0x96,0x01,0x00,0x02,0x5C,0x61,0x00,0x74,0x97,0x01,0x00,
  0x01,0x33,0x61,0x00,0x74,0x97,0x01,0x00,0x04,0x5E,0x61,0x00,0x36,0x98,0x01,0x00,0x04,0x31,0x62,0x00,0x36,0x98,0x01,0x00,
  0x01,0x5F,0x62,0x00,0xF9,0x98,0x01,0x00,0x02,0x2A,0xAB,0x00,0xF9,0x98,0x01,0x00,0x04,0x36,0xAB,0x00,0xF9,0x98,0x01,0x00,
  0x00,0x55,0x55,0x01,0xF9,0x98,0x01,0x00,0x01,0x5A,0x55,0x01,0xF9,0x98,0x01,0x00,0x03,0x61,0xAB,0x00,0xBC,0x99,0x01,0x00,
  0x03,0x35,0x61,0x00,0xBC,0x99,0x01,0x00,0x04,0x5E,0x61,0x00,0x7F,0x9A,0x01,0x00,0x01,0x33,0x61,0x00,0x7F,0x9A,0x01,0x00,
  0x00,0x55,0x55,0x01,0x7F,0x9A,0x01,0x00,0x02,0x5A,0x55,0x01,0x7F,0x9A,0x01,0x00,0x03,0x61,0x55,0x01,0x42,0x9B,0x01,0x00,
  0x04,0x31,0x61,0x00,0x04,0x9C,0x01,0x00,0x04,0x27,0xAB,0x00,0x04,0x9C,0x01,0x00,0x01,0x33,0xAB,0x00,0x04,0x9C,0x01,0x00,
  0x02,0x57,0xAB,0x00,0x04,0x9C,0x01,0x00,0x00,0x5A,0xAB,0x00,0x04,0x9C,0x01,0x00,0x03,0x63,0xAB,0x00,0xC7,0x9C,0x01,0x00,
  0x04,0x31,0x62,0x00,0xC7,0x9C,0x01,0x00,0x00,0x5E,0x62,0x00,0x8A,0x9D,0x01,0x00,0x01,0x33,0x62,0x00,0x8A,0x9D,0x01,0x00,
  0x02,0x57,0x55,0x01,0x8A,0x9D,0x01,0x00,0x00,0x5A,0x55,0x01,0x8A,0x9D,0x01,0x00,0x04,0x63,0x55,0x01,0x4D,0x9E,0x01,0x00,
  0x03,0x35,0x61,0x00,0x10,0x9F,0x01,0x00,0x02,0x2A,0xAA,0x00,0x10,0x9F,0x01,0x00,0x04,0x36,0xAA,0x00,0x10,0x9F,0x01,0x00,
  0x00,0x55,0xAA,0x00,0x10,0x9F,0x01,0x00,0x01,0x5A,0xAA,0x00,0x10,0x9F,0x01,0x00,0x03,0x61,0xAA,0x00,0xD3,0x9F,0x01,0x00,
  0x03,0x35,0x61,0x00,0xD3,0x9F,0x01,0x00,0x04,0x5E,0x61,0x00,0x95,0xA0,0x01,0x00,0x01,0x33,0x62,0x00,0x95,0xA0,0x01,0x00,
  0x00,0x55,0x55,0x01,0x95,0xA0,0x01,0x00,0x02,0x5A,0x55,0x01,0x95,0xA0,0x01,0x00,0x03,0x61,0x55,0x01,0x58,0xA1,0x01,0x00,
  0x04,0x31,0x62,0x00,0x1B,0xA2,0x01,0x00,0x02,0x2A,0xAA,0x00,0x1B,0xA2,0x01,0x00,0x04,0x36,0xAA,0x00,0x1B,0xA2,0x01,0x00,
  0x00,0x5A,0x61,0x00,0xDE,0xA2,0x01,0x00,0x03,0x35,0x61,0x00,0xDE,0xA2,0x01,0x00,0x00,0x5A,0x61,0x00,0xDE,0xA2,0x01,0x00,
  0x01,0x5B,0x61,0x00,0xA1,0xA3,0x01,0x00,0x01,0x33,0x61,0x00,0xA1,0xA3,0x01,0x00,0x00,0x5A,0x61,0x00,0xA1,0xA3,0x01,0x00,
  0x04,0x5E,0x61,0x00,0x63,0xA4,0x01,0x00,0x04,0x31,0x62,0x00,0x63,0xA4,0x01,0x00,0x00,0x5A,0x62,0x00,0x63,0xA4,0x01,0x00,
  0x01,0x5F,0x62,0x00,0x26,0xA5,0x01,0x00,0x02,0x2A,0xAB,0x00,0x26,0xA5,0x01,0x00,0x04,0x36,0xAB,0x00,0x26,0xA5,0x01,0x00,
  0x00,0x55,0xAB,0x00,0x26,0xA5,0x01,0x00,0x01,0x5A,0xAB,0x00,0x26,0xA5,0x01,0x00,0x03,0x61,0xAB,0x00,0xE9,0xA5,0x01,0x00,
  0x03,0x35,0x61,0x00,0xE9,0xA5,0x01,0x00,0x00,0x55,0x61,0x00,0xE9,0xA5,0x01,0x00,0x01,0x5A,0x61,0x00,0xE9,0xA5,0x01,0x00,
  0x04,0x5E,0x61,0x00,0xAC,0xA6,0x01,0x00,0x01,0x33,0x61,0x00,0xAC,0xA6,0x01,0x00,0x00,0x55,0x55,0x01,0xAC,0xA6,0x01,0x00,
  0x02,0x5A,0x55,0x01,0xAC,0xA6,0x01,0x00,0x03,0x61,0x55,0x01,0x6F,0xA7,0x01,0x00,0x04,0x31,0x61,0x00,0x31,0xA8,0x01,0x00,
  0x04,0x27,0xAB,0x00,0x31,0xA8,0x01,0x00,0x01,0x33,0xAB,0x00,0x31,0xA8,0x01,0x00,0x02,0x56,0xAB,0x00,0x31,0xA8,0x01,0x00,
  0x00,0x5A,0xAB,0x00,0x31,0xA8,0x01,0x00,0x03,0x62,0xAB,0x00,0xF4,0xA8,0x01,0x00,0x04,0x31,0x62,0x00,0xF4,0xA8,0x01,0x00,
  0x01,0x56,0x62,0x00,0xF4,0xA8,0x01,0x00,0x00,0x5A,0x62,0x00,0xF4,0xA8,0x01,0x00,0x02,0x5E,0x62,0x00,0xB7,0xA9,0x01,0x00,
  0x01,0x33,0x61,0x00,0xB7,0xA9,0x01,0x00,0x02,0x56,0x55,0x01,0xB7,0xA9,0x01,0x00,0x00,0x5A,0x55,0x01,0xB7,0xA9,0x01,0x00,
  0x03,0x62,0x55,0x01,0x7A,0xAA,0x01,0x00,0x04,0x35,0x61,0x00,0x3D,0xAB,0x01,0x00,0x02,0x2A,0xAA,0x00,0x3D,0xAB,0x01,0x00,
  0x04,0x36,0xAA,0x00,0x3D,0xAB,0x01,0x00,0x00,0x55,0xA9,0x02,0x3D,0xAB,0x01,0x00,0x01,0x5A,0xA9,0x02,0x3D,0xAB,0x01,0x00,
  0x03,0x61,0xA9,0x02,0xFF,0xAB,0x01,0x00,0x04,0x35,0x62,0x00,0xC2,0xAC,0x01,0x00,0x02,0x33,0x62,0x00,0x85,0xAD,0x01,0x00,
  0x04,0x31,0x61,0x00,0x48,0xAE,0x01,0x00,0x00,0x23,0xAA,0x00,0x48,0xAE,0x01,0x00,0x02,0x2F,0xAA,0x00,0x48,0xAE,0x01,0x00,
  0x03,0x53,0xAA,0x02,0x0B,0xAF,0x01,0x00,0x00,0x2D,0x61,0x00,0x0B,0xAF,0x01,0x00,0x01,0x55,0x61,0x00,0xCD,0xAF,0x01,0x00,
  0x04,0x2B,0x62,0x00,0xCD,0xAF,0x01,0x00,0x01,0x56,0x62,0x00,0x90,0xB0,0x01,0x00,0x02,0x2A,0x62,0x00,0x90,0xB0,0x01,0x00,
  0x04,0x58,0x62,0x00,0x53,0xB1,0x01,0x00,0x00,0x23,0xAA,0x00,0x53,0xB1,0x01,0x00,0x02,0x2F,0xAA,0x00,0x53,0xB1,0x01,0x00,
  0x03,0x53,0xAA,0x02,0x53,0xB1,0x01,0x00,0x01,0x5A,0xAA,0x00,0x16,0xB2,0x01,0x00,0x00,0x2D,0x61,0x00,0x16,0xB2,0x01,0x00,
  0x01,0x56,0x61,0x00,0xD9,0xB2,0x01,0x00,0x04,0x2B,0x61,0x00,0xD9,0xB2,0x01,0x00,0x00,0x5A,0x55,0x01,0x9B,0xB3,0x01,0x00,
  0x02,0x2A,0x62,0x00,0x5E,0xB4,0x01,0x00,0x00,0x23,0xAB,0x00,0x5E,0xB4,0x01,0x00,0x02,0x2F,0xAB,0x00,0x5E,0xB4,0x01,0x00,
  0x03,0x53,0xAA,0x02,0x5E,0xB4,0x01,0x00,0x04,0x59,0xAB,0x00,0x21,0xB5,0x01,0x00,0x00,0x2D,0x61,0x00,0x21,0xB5,0x01,0x00,
  0x01,0x55,0x61,0x00,0xE4,0xB5,0x01,0x00,0x04,0x2B,0x61,0x00,0xE4,0xB5,0x01,0x00,0x00,0x59,0xC3,0x00,0xA7,0xB6,0x01,0x00,
  0x02,0x2A,0x61,0x00,0x69,0xB7,0x01,0x00,0x00,0x23,0xAB,0x00,0x69,0xB7,0x01,0x00,0x02,0x2F,0xAB,0x00,0x69,0xB7,0x01,0x00,
  0x03,0x53,0xAA,0x02,0x69,0xB7,0x01,0x00,0x04,0x58,0xAB,0x00,0x2C,0xB8,0x01,0x00,0x00,0x2D,0x62,0x00,0x2C,0xB8,0x01,0x00,
  0x04,0x54,0x62,0x00,0xEF,0xB8,0x01,0x00,0x04,0x2B,0x61,0x00,0xEF,0xB8,0x01,0x00,0x00,0x58,0xC3,0x00,0xB2,0xB9,0x01,0x00,
  0x02,0x2A,0x61,0x00,0x75,0xBA,0x01,0x00,0x00,0x23,0xAA,0x00,0x75,0xBA,0x01,0x00,0x02,0x2F,0xAA,0x00,0x75,0xBA,0x01,0x00,
  0x03,0x53,0xAA,0x02,0x37,0xBB,0x01,0x00,0x00,0x2D,0x62,0x00,0x37,0xBB,0x01,0x00,0x01,0x55,0x62,0x00,0xFA,0xBB,0x01,0x00,
  0x04,0x2B,0x62,0x00,0xFA,0xBB,0x01,0x00,0x01,0x56,0x62,0x00,0xBD,0xBC,0x01,0x00,0x02,0x2A,0x62,0x00,0xBD,0xBC,0x01,0x00,
  0x04,0x58,0x62,0x00,0x80,0xBD,0x01,0x00,0x00,0x23,0xAA,0x00,0x80,0xBD,0x01,0x00,0x02,0x2F,0xAA,0x00,0x80,0xBD,0x01,0x00,
  0x03,0x53,0xC3,0x00,0x80,0xBD,0x01,0x00,0x01,0x5A,0x61,0x00,0x43,0xBE,0x01,0x00,0x00,0x2D,0x61,0x00,0x43,0xBE,0x01,0x00,
  0x03,0x53,0xE7,0x01,0x06,0xBF,0x01,0x00,0x04,0x2B,0x61,0x00,0x06,0xBF,0x01,0x00,0x00,0x5A,0x61,0x00,0xC8,0xBF,0x01,0x00,
  0x02,0x2A,0x62,0x00,0xC8,0xBF,0x01,0x00,0x00,0x5F,0x62,0x00,0x8B,0xC0,0x01,0x00,0x03,0x26,0xAB,0x00,0x8B,0xC0,0x01,0x00,
  0x00,0x32,0xAB,0x00,0x8B,0xC0,0x01,0x00,0x01,0x51,0xAA,0x02,0x8B,0xC0,0x01,0x00,0x02,0x56,0x86,0x01,0x8B,0xC0,0x01,0x00,
  0x04,0x5D,0x62,0x00,0x4E,0xC1,0x01,0x00,0x04,0x31,0x61,0x00,0x4E,0xC1,0x01,0x00,0x00,0x5A,0x61,0x00,0x11,0xC2,0x01,0x00,
  0x00,0x2D,0x61,0x00,0x11,0xC2,0x01,0x00,0x02,0x56,0x24,0x01,0xD4,0xC2,0x01,0x00,0x03,0x2B,0x61,0x00,0xD4,0xC2,0x01,0x00,
  0x00,0x5A,0x61,0x00,0x96,0xC3,0x01,0x00,0x03,0x26,0xAB,0x00,0x96,0xC3,0x01,0x00,0x00,0x32,0xAB,0x00,0x96,0xC3,0x01,0x00,
  0x01,0x51,0xAA,0x02,0x96,0xC3,0x01,0x00,0x02,0x56,0xAA,0x02,0x96,0xC3,0x01,0x00,0x04,0x5D,0xAA,0x02,0x59,0xC4,0x01,0x00,
  0x00,0x31,0x62,0x00,0x1C,0xC5,0x01,0x00,0x00,0x2D,0x61,0x00,0xDF,0xC5,0x01,0x00,0x03,0x2B,0x61,0x00,0xA2,0xC6,0x01,0x00,
  0x00,0x23,0xAA,0x00,0xA2,0xC6,0x01,0x00,0x02,0x2F,0xAA,0x00,0xA2,0xC6,0x01,0x00,0x03,0x53,0x61,0x00,0x64,0xC7,0x01,0x00,
  0x00,0x2D,0x62,0x00,0x64,0xC7,0x01,0x00,0x03,0x53,0x62,0x00,0x64,0xC7,0x01,0x00,0x01,0x55,0x62,0x00,0x27,0xC8,0x01,0x00,
  0x03,0x2B,0x62,0x00,0x27,0xC8,0x01,0x00,0x04,0x53,0x62,0x00,0x27,0xC8,0x01,0x00,0x01,0x56,0x62,0x00,0xEA,0xC8,0x01,0x00,
  0x02,0x2A,0x61,0x00,0xEA,0xC8,0x01,0x00,0x03,0x53,0x61,0x00,0xEA,0xC8,0x01,0x00,0x04,0x58,0x61,0x00,0xAD,0xC9,0x01,0x00,
  0x00,0x23,0xAA,0x00,0xAD,0xC9,0x01,0x00,0x02,0x2F,0xAA,0x00,0xAD,0xC9,0x01,0x00,0x03,0x53,0xAA,0x00,0xAD,0xC9,0x01,0x00,
  0x01,0x5A,0xAA,0x00,0x70,0xCA,0x01,0x00,0x00,0x2D,0x61,0x00,0x70,0xCA,0x01,0x00,0x03,0x53,0x61,0x00,0x70,0xCA,0x01,0x00,
  0x01,0x56,0x61,0x00,0x32,0xCB,0x01,0x00,0x03,0x2B,0x62,0x00,0x32,0xCB,0x01,0x00,0x04,0x53,0xC3,0x00,0x32,0xCB,0x01,0x00,
  0x01,0x56,0xC3,0x00,0x32,0xCB,0x01,0x00,0x00,0x5A,0xC3,0x00,0xF5,0xCB,0x01,0x00,0x02,0x2A,0x62,0x00,0xB8,0xCC,0x01,0x00,
  0x00,0x23,0xAA,0x00,0xB8,0xCC,0x01,0x00,0x02,0x2F,0xAA,0x00,0xB8,0xCC,0x01,0x00,0x03,0x53,0xAA,0x00,0xB8,0xCC,0x01,0x00,
  0x04,0x59,0xAA,0x00,0x7B,0xCD,0x01,0x00,0x00,0x2D,0x61,0x00,0x7B,0xCD,0x01,0x00,0x03,0x53,0x61,0x00,0x7B,0xCD,0x01,0x00,
  0x01,0x55,0x61,0x00,0x3E,0xCE,0x01,0x00,0x03,0x2B,0x61,0x00,0x3E,0xCE,0x01,0x00,0x04,0x53,0xC2,0x00,0x3E,0xCE,0x01,0x00,
  0x00,0x55,0xC2,0x00,0x3E,0xCE,0x01,0x00,0x01,0x59,0xC2,0x00,0x00,0xCF,0x01,0x00,0x02,0x2A,0x62,0x00,0xC3,0xCF,0x01,0x00,
  0x00,0x23,0xAB,0x00,0xC3,0xCF,0x01,0x00,0x02,0x2F,0xAB,0x00,0xC3,0xCF,0x01,0x00,0x03,0x53,0xAB,0x00,0xC3,0xCF,0x01,0x00,
  0x04,0x58,0xAB,0x00,0x86,0xD0,0x01,0x00,0x00,0x2D,0x61,0x00,0x86,0xD0,0x01,0x00,0x03,0x53,0x61,0x00,0x86,0xD0,0x01,0x00,
  0x04,0x54,0x61,0x00,0x49,0xD1,0x01,0x00,0x03,0x2B,0x61,0x00,0x49,0xD1,0x01,0x00,0x04,0x53,0xC3,0x00,0x49,0xD1,0x01,0x00,
  0x00,0x54,0xC3,0x00,0x49,0xD1,0x01,0x00,0x01,0x58,0xC3,0x00,0x0C,0xD2,0x01,0x00,0x02,0x2A,0x61,0x00,0xCE,0xD2,0x01,0x00,
  0x00,0x23,0xAB,0x00,0xCE,0xD2,0x01,0x00,0x02,0x2F,0xAB,0x00,0xCE,0xD2,0x01,0x00,0x03,0x53,0x62,0x00,0x91,0xD3,0x01,0x00,
  0x00,0x2D,0x62,0x00,0x91,0xD3,0x01,0x00,0x03,0x53,0x62,0x00,0x91,0xD3,0x01,0x00,0x01,0x55,0x62,0x00,0x54,0xD4,0x01,0x00,
  0x03,0x2B,0x61,0x00,0x54,0xD4,0x01,0x00,0x04,0x53,0x61,0x00,0x54,0xD4,0x01,0x00,0x01,0x56,0x61,0x00,0x17,0xD5,0x01,0x00,
  0x02,0x2A,0x61,0x00,0x17,0xD5,0x01,0x00,0x03,0x53,0x61,0x00,0x17,0xD5,0x01,0x00,0x04,0x58,0x61,0x00,0xDA,0xD5,0x01,0x00,
  0x00,0x23,0xAA,0x00,0xDA,0xD5,0x01,0x00,0x02,0x2F,0xAA,0x00,0xDA,0xD5,0x01,0x00,0x03,0x53,0x61,0x00,0xDA,0xD5,0x01,0x00,
  0x01,0x5A,0x61,0x00,0x9C,0xD6,0x01,0x00,0x00,0x2D,0x62,0x00,0x9C,0xD6,0x01,0x00,0x03,0x53,0x62,0x00,0x9C,0xD6,0x01,0x00,
  0x01,0x56,0x62,0x00,0x5F,0xD7,0x01,0x00,0x03,0x2B,0x62,0x00,0x5F,0xD7,0x01,0x00,0x04,0x53,0x62,0x00,0x5F,0xD7,0x01,0x00,
  0x00,0x5A,0x62,0x00,0x22,0xD8,0x01,0x00,0x02,0x2A,0x61,0x00,0x22,0xD8,0x01,0x00,0x03,0x53,0x61,0x00,0x22,0xD8,0x01,0x00,
  0x00,0x5F,0x61,0x00,0xE5,0xD8,0x01,0x00,0x00,0x23,0xAA,0x00,0xE5,0xD8,0x01,0x00,0x02,0x2F,0xAA,0x00,0xE5,0xD8,0x01,0x00,
  0x03,0x53,0x61,0x00,0xE5,0xD8,0x01,0x00,0x01,0x5A,0x61,0x00,0xA8,0xD9,0x01,0x00,0x00,0x2D,0x61,0x00,0xA8,0xD9,0x01,0x00,
  0x03,0x53,0x61,0x00,0xA8,0xD9,0x01,0x00,0x01,0x56,0x61,0x00,0x6B,0xDA,0x01,0x00,0x03,0x2B,0x61,0x00,0x6B,0xDA,0x01,0x00,
  0x04,0x53,0x61,0x00,0x6B,0xDA,0x01,0x00,0x00,0x5A,0x61,0x00,0x2D,0xDB,0x01,0x00,0x02,0x2A,0x62,0x00,0x2D,0xDB,0x01,0x00,
  0x03,0x53,0x62,0x00,0x2D,0xDB,0x01,0x00,0x00,0x5F,0x62,0x00,0xF0,0xDB,0x01,0x00,0x00,0x23,0xAB,0x00,0xF0,0xDB,0x01,0x00,
  0x02,0x2F,0xAB,0x00,0xF0,0xDB,0x01,0x00,0x03,0x53,0x65,0x02,0xB3,0xDC,0x01,0x00,0x00,0x2D,0x61,0x00,0x76,0xDD,0x01,0x00,
  0x04,0x2B,0x61,0x00,0x39,0xDE,0x01,0x00,0x02,0x2A,0x61,0x00,0xFB,0xDE,0x01,0x00,0x00,0x23,0x55,0x01,0xFB,0xDE,0x01,0x00,
  0x02,0x2F,0x55,0x01,0x3C,0xE0,0x01,0x00,0x03,0x5C,0x15,0x00,0x52,0xE0,0x01,0x00,0x03,0x5D,0x16,0x00,0x68,0xE0,0x01,0x00,
  0x04,0x5E,0x15,0x00,0x81,0xE0,0x01,0x00,0x00,0x32,0xC3,0x00,0x81,0xE0,0x01,0x00,0x03,0x35,0xC3,0x00,0x81,0xE0,0x01,0x00,
  0x01,0x38,0xC3,0x00,0x81,0xE0,0x01,0x00,0x04,0x3B,0xC3,0x00,0x81,0xE0,0x01,0x00,0x02,0x56,0x7E,0x00,0x81,0xE0,0x01,0x00,
  0x02,0x5F,0x7E,0x00,0x12,0xE5,0x01,0x00,0x00,0x23,0x55,0x01,0x12,0xE5,0x01,0x00,0x02,0x2F,0x55,0x01,0x52,0xE6,0x01,0x00,
  0x03,0x5C,0x16,0x00,0x69,0xE6,0x01,0x00,0x03,0x5D,0x15,0x00,0x7E,0xE6,0x01,0x00,0x04,0x5E,0x15,0x00,0x97,0xE6,0x01,0x00,
  0x00,0x32,0xC3,0x00,0x97,0xE6,0x01,0x00,0x03,0x35,0xC3,0x00,0x97,0xE6,0x01,0x00,0x01,0x38,0xC3,0x00,0x97,0xE6,0x01,0x00,
  0x04,0x3B,0xC3,0x00,0x97,0xE6,0x01,0x00,0x02,0x56,0xC3,0x00,0x97,0xE6,0x01,0x00,0x00,0x5F,0xC3,0x00,0x28,0xEB,0x01,0x00,
  0x03,0x2B,0x55,0x01,0x28,0xEB,0x01,0x00,0x00,0x37,0x55,0x01,0x28,0xEB,0x01,0x00,0x01,0x47,0x62,0x00,0xEB,0xEB,0x01,0x00,
  0x04,0x49,0x61,0x00,0xAE,0xEC,0x01,0x00,0x00,0x32,0x55,0x01,0xAE,0xEC,0x01,0x00,0x01,0x37,0x55,0x01,0xAE,0xEC,0x01,0x00,
  0x04,0x3B,0x55,0x01,0xAE,0xEC,0x01,0x00,0x02,0x4A,0x61,0x00,0x71,0xED,0x01,0x00,0x02,0x4C,0x61,0x00,0x33,0xEE,0x01,0x00,
  0x02,0x2A,0x55,0x01,0x33,0xEE,0x01,0x00,0x04,0x36,0x55,0x01,0x33,0xEE,0x01,0x00,0x03,0x4E,0x62,0x00,0xF6,0xEE,0x01,0x00,
  0x00,0x4A,0x62,0x00,0xB9,0xEF,0x01,0x00,0x00,0x32,0x55,0x01,0xB9,0xEF,0x01,0x00,0x04,0x36,0x55,0x01,0xB9,0xEF,0x01,0x00,
  0x01,0x3B,0x55,0x01,0xB9,0xEF,0x01,0x00,0x03,0x4E,0x61,0x00,0x7C,0xF0,0x01,0x00,0x03,0x53,0x61,0x00,0x3F,0xF1,0x01,0x00,
  0x00,0x1E,0x55,0x01,0x3F,0xF1,0x01,0x00,0x02,0x2A,0x55,0x01,0x3F,0xF1,0x01,0x00,0x03,0x52,0x61,0x00,0x01,0xF2,0x01,0x00,
  0x03,0x4E,0x62,0x00,0xC4,0xF2,0x01,0x00,0x04,0x31,0x55,0x01,0xC4,0xF2,0x01,0x00,0x00,0x36,0x55,0x01,0xC4,0xF2,0x01,0x00,
  0x03,0x3A,0x55,0x01,0xC4,0xF2,0x01,0x00,0x02,0x52,0x62,0x00,0x87,0xF3,0x01,0x00,0x01,0x55,0x61,0x00,0x4A,0xF4,0x01,0x00,
  0x00,0x23,0x55,0x01,0x4A,0xF4,0x01,0x00,0x02,0x2F,0x55,0x01,0x4A,0xF4,0x01,0x00,0x03,0x53,0x65,0x02,0xCF,0xF5,0x01,0x00,
  0x00,0x32,0x55,0x01,0xCF,0xF5,0x01,0x00,0x04,0x36,0x55,0x01,0xCF,0xF5,0x01,0x00,0x01,0x3B,0x55,0x01,0x55,0xF7,0x01,0x00,
  0x00,0x23,0x55,0x01,0x55,0xF7,0x01,0x00,0x02,0x2F,0x55,0x01,0x96,0xF8,0x01,0x00,0x03,0x5C,0x15,0x00,0xAC,0xF8,0x01,0x00,
  0x03,0x5D,0x15,0x00,0xC1,0xF8,0x01,0x00,0x04,0x5E,0x16,0x00,0xDB,0xF8,0x01,0x00,0x00,0x32,0xC3,0x00,0xDB,0xF8,0x01,0x00,
  0x03,0x35,0xC3,0x00,0xDB,0xF8,0x01,0x00,0x01,0x38,0xC3,0x00,0xDB,0xF8,0x01,0x00,0x04,0x3B,0xC3,0x00,0xDB,0xF8,0x01,0x00,
  0x02,0x56,0x7E,0x00,0xDB,0xF8,0x01,0x00,0x02,0x5F,0x7E,0x00,0x6C,0xFD,0x01,0x00,0x00,0x23,0x54,0x01,0x6C,0xFD,0x01,0x00,
  0x02,0x2F,0x54,0x01,0xAC,0xFE,0x01,0x00,0x03,0x5C,0x15,0x00,0xC2,0xFE,0x01,0x00,0x03,0x5D,0x16,0x00,0xD8,0xFE,0x01,0x00,
  0x04,0x5E,0x15,0x00,0xF1,0xFE,0x01,0x00,0x00,0x32,0xC3,0x00,0xF1,0xFE,0x01,0x00,0x03,0x35,0xC3,0x00,0xF1,0xFE,0x01,0x00,
  0x01,0x38,0xC3,0x00,0xF1,0xFE,0x01,0x00,0x04,0x3B,0xC3,0x00,0xF1,0xFE,0x01,0x00,0x02,0x56,0xC3,0x00,0xF1,0xFE,0x01,0x00,
  0x00,0x5F,0xC3,0x00,0x82,0x03,0x02,0x00,0x03,0x2B,0x55,0x01,0x82,0x03,0x02,0x00,0x00,0x37,0x55,0x01,0x82,0x03,0x02,0x00,
  0x04,0x53,0x61,0x00,0x45,0x04,0x02,0x00,0x01,0x55,0x61,0x00,0x08,0x05,0x02,0x00,0x00,0x32,0x54,0x01,0x08,0x05,0x02,0x00,
  0x01,0x37,0x54,0x01,0x08,0x05,0x02,0x00,0x04,0x3B,0x54,0x01,0x08,0x05,0x02,0x00,0x02,0x56,0x61,0x00,0xCA,0x05,0x02,0x00,
  0x03,0x58,0x62,0x00,0x8D,0x06,0x02,0x00,0x02,0x2A,0x55,0x01,0x8D,0x06,0x02,0x00,0x04,0x36,0x55,0x01,0x8D,0x06,0x02,0x00,
  0x00,0x5A,0x62,0x00,0x50,0x07,0x02,0x00,0x01,0x56,0x61,0x00,0x13,0x08,0x02,0x00,0x00,0x32,0x55,0x01,0x13,0x08,0x02,0x00,
  0x04,0x36,0x55,0x01,0x13,0x08,0x02,0x00,0x01,0x3B,0x55,0x01,0x13,0x08,0x02,0x00,0x02,0x5A,0x61,0x00,0xD6,0x08,0x02,0x00,
  0x02,0x5F,0x61,0x00,0x98,0x09,0x02,0x00,0x00,0x1E,0x55,0x01,0x98,0x09,0x02,0x00,0x02,0x2A,0x55,0x01,0x98,0x09,0x02,0x00,
  0x04,0x5E,0x62,0x00,0x5B,0x0A,0x02,0x00,0x01,0x5A,0x62,0x00,0x1E,0x0B,0x02,0x00,0x04,0x31,0x55,0x01,0x1E,0x0B,0x02,0x00,
  0x00,0x36,0x55,0x01,0x1E,0x0B,0x02,0x00,0x03,0x3A,0x55,0x01,0x1E,0x0B,0x02,0x00,0x01,0x5E,0x61,0x00,0xE1,0x0B,0x02,0x00,
  0x02,0x61,0x61,0x00,0xA4,0x0C,0x02,0x00,0x00,0x23,0x55,0x01,0xA4,0x0C,0x02,0x00,0x02,0x2F,0x55,0x01,0xA4,0x0C,0x02,0x00,
  0x01,0x5F,0x64,0x02,0x29,0x0E,0x02,0x00,0x00,0x32,0x55,0x01,0x29,0x0E,0x02,0x00,0x04,0x36,0x55,0x01,0x29,0x0E,0x02,0x00,
  0x02,0x3B,0x55,0x01,0xAF,0x0F,0x02,0x00,0x00,0x23,0x55,0x01,0xAF,0x0F,0x02,0x00,0x02,0x2F,0x55,0x01,0xEF,0x10,0x02,0x00,
  0x03,0x5C,0x16,0x00,0x06,0x11,0x02,0x00,0x03,0x5D,0x15,0x00,0x1B,0x11,0x02,0x00,0x04,0x5E,0x15,0x00,0x34,0x11,0x02,0x00,
  0x00,0x32,0xC3,0x00,0x34,0x11,0x02,0x00,0x03,0x35,0xC3,0x00,0x34,0x11,0x02,0x00,0x01,0x38,0xC3,0x00,0x34,0x11,0x02,0x00,
  0x04,0x3B,0xC3,0x00,0x34,0x11,0x02,0x00,0x02,0x56,0x7E,0x00,0x34,0x11,0x02,0x00,0x02,0x5F,0x7E,0x00,0xC5,0x15,0x02,0x00,
  0x00,0x23,0x55,0x01,0xC5,0x15,0x02,0x00,0x02,0x2F,0x55,0x01,0x06,0x17,0x02,0x00,0x03,0x5C,0x15,0x00,0x1C,0x17,0x02,0x00,
  0x03,0x5D,0x16,0x00,0x32,0x17,0x02,0x00,0x04,0x5E,0x15,0x00,0x4B,0x17,0x02,0x00,0x00,0x32,0xC3,0x00,0x4B,0x17,0x02,0x00,
  0x03,0x35,0xC3,0x00,0x4B,0x17,0x02,0x00,0x01,0x38,0xC3,0x00,0x4B,0x17,0x02,0x00,0x04,0x3B,0xC3,0x00,0x4B,0x17,0x02,0x00,
  0x02,0x56,0x7E,0x00,0x4B,0x17,0x02,0x00,0x02,0x5F,0x7E,0x00,0xDC,0x1B,0x02,0x00,0x00,0x23,0x55,0x01,0xDC,0x1B,0x02,0x00,
  0x02,0x2F,0x55,0x01,0x1C,0x1D,0x02,0x00,0x03,0x5C,0x16,0x00,0x33,0x1D,0x02,0x00,0x03,0x5D,0x15,0x00,0x48,0x1D,0x02,0x00,
  0x04,0x5E,0x15,0x00,0x61,0x1D,0x02,0x00,0x00,0x32,0xC3,0x00,0x61,0x1D,0x02,0x00,0x03,0x35,0xC3,0x00,0x61,0x1D,0x02,0x00,
  0x01,0x38,0xC3,0x00,0x61,0x1D,0x02,0x00,0x04,0x3B,0xC3,0x00,0x61,0x1D,0x02,0x00,0x02,0x56,0x10,0x01,0x61,0x1D,0x02,0x00,
  0x00,0x5F,0x10,0x01,0xA2,0x1E,0x02,0x00,0x02,0x5C,0x15,0x00,0xB8,0x1E,0x02,0x00,0x03,0x5D,0x16,0x00,0xCE,0x1E,0x02,0x00,
  0x04,0x5E,0x15,0x00,0xE7,0x1E,0x02,0x00,0x00,0x32,0xC3,0x00,0xE7,0x1E,0x02,0x00,0x03,0x35,0xC3,0x00,0xE7,0x1E,0x02,0x00,
  0x01,0x38,0xC3,0x00,0xE7,0x1E,0x02,0x00,0x04,0x3B,0xC3,0x00,0xE7,0x1E,0x02,0x00,0x02,0x56,0x10,0x01,0xE7,0x1E,0x02,0x00,
  0x00,0x5F,0x10,0x01,0x28,0x20,0x02,0x00,0x02,0x5C,0x15,0x00,0x3E,0x20,0x02,0x00,0x03,0x5D,0x15,0x00,0x53,0x20,0x02,0x00,
  0x04,0x5E,0x16,0x00,0x6D,0x20,0x02,0x00,0x00,0x32,0xC2,0x00,0x6D,0x20,0x02,0x00,0x03,0x35,0xC2,0x00,0x6D,0x20,0x02,0x00,
  0x01,0x38,0xC2,0x00,0x6D,0x20,0x02,0x00,0x04,0x3B,0xC2,0x00,0x6D,0x20,0x02,0x00,0x02,0x56,0x0F,0x01,0x6D,0x20,0x02,0x00,
  0x00,0x5F,0x0F,0x01,0xAD,0x21,0x02,0x00,0x02,0x5C,0x15,0x00,0xC3,0x21,0x02,0x00,0x03,0x5D,0x16,0x00,0xD9,0x21,0x02,0x00,
  0x04,0x5E,0x15,0x00,0xF2,0x21,0x02,0x00,0x00,0x32,0xC3,0x00,0xF2,0x21,0x02,0x00,0x03,0x35,0xC3,0x00,0xF2,0x21,0x02,0x00,
  0x01,0x38,0xC3,0x00,0xF2,0x21,0x02,0x00,0x04,0x3B,0xC3,0x00,0xF2,0x21,0x02,0x00,0x02,0x56,0x10,0x01,0xF2,0x21,0x02,0x00,
  0x00,0x5F,0x10,0x01,0x47,0x23,0x02,0x00,0x02,0x5C,0x15,0x00,0x5D,0x23,0x02,0x00,0x03,0x5D,0x16,0x00,0x73,0x23,0x02,0x00,
  0x04,0x5E,0x15,0x00,0x78,0x23,0x02,0x00,0x00,0x32,0xC3,0x00,0x78,0x23,0x02,0x00,0x03,0x35,0xC3,0x00,0x78,0x23,0x02,0x00,
  0x01,0x38,0xC3,0x00,0x78,0x23,0x02,0x00,0x02,0x3B,0xC3,0x00,0x8C,0x23,0x02,0x00,0x04,0x56,0x10,0x01,0x8C,0x23,0x02,0x00,
  0x00,0x5F,0x10,0x01,0xE1,0x24,0x02,0x00,0x02,0x5C,0x15,0x00,0xF7,0x24,0x02,0x00,0x03,0x5D,0x16,0x00,0xFD,0x24,0x02,0x00,
  0x00,0x32,0xC3,0x00,0xFD,0x24,0x02,0x00,0x04,0x35,0xC3,0x00,0xFD,0x24,0x02,0x00,0x01,0x38,0xC3,0x00,0xFD,0x24,0x02,0x00,
  0x02,0x3B,0xC3,0x00,0x0D,0x25,0x02,0x00,0x03,0x5E,0x15,0x00,0x26,0x25,0x02,0x00,0x03,0x56,0x10,0x01,0x26,0x25,0x02,0x00,
  0x00,0x5F,0x10,0x01,0x7B,0x26,0x02,0x00,0x02,0x5C,0x15,0x00,0x83,0x26,0x02,0x00,0x00,0x32,0xC3,0x00,0x83,0x26,0x02,0x00,
  0x03,0x35,0xC3,0x00,0x83,0x26,0x02,0x00,0x01,0x38,0xC3,0x00,0x83,0x26,0x02,0x00,0x04,0x3B,0xC3,0x00,0x91,0x26,0x02,0x00,
  0x02,0x5D,0x16,0x00,0xA7,0x26,0x02,0x00,0x02,0x5E,0x15,0x00,0xC0,0x26,0x02,0x00,0x02,0x56,0x10,0x01,0xC0,0x26,0x02,0x00,
  0x00,0x5F,0x10,0x01,0x14,0x2B,0x02,0x00,0x00,0x23,0x55,0x00,0x75,0x2B,0x02,0x00,0x02,0x2F,0x55,0x00,0xD7,0x2B,0x02,0x00,
  0x00,0x23,0x55,0x00,0x38,0x2C,0x02,0x00,0x02,0x2F,0x55,0x00,0x99,0x2C,0x02,0x00,0x00,0x23,0x56,0x00,0xFB,0x2C,0x02,0x00,
  0x02,0x2F,0x55,0x00,0x5C,0x2D,0x02,0x00,0x00,0x23,0x55,0x00,0xBE,0x2D,0x02,0x00,0x02,0x2F,0x55,0x00,0x1F,0x2E,0x02,0x00,
  0x00,0x23,0x55,0x00,0x80,0x2E,0x02,0x00,0x02,0x2F,0x56,0x00,0xE2,0x2E,0x02,0x00,0x00,0x23,0x55,0x00,0x43,0x2F,0x02,0x00,
  0x02,0x2F,0x55,0x00,0xA5,0x2F,0x02,0x00,0x00,0x23,0x55,0x00,0x06,0x30,0x02,0x00,0x02,0x2F,0x55,0x00,0x67,0x30,0x02,0x00,
  0x00,0x23,0x56,0x00,0xC9,0x30,0x02,0x00,0x02,0x2F,0x55,0x00,0x2A,0x31,0x02,0x00,0x00,0x23,0x55,0x00,0x8C,0x31,0x02,0x00,
  0x02,0x2F,0x55,0x00,0xED,0x31,0x02,0x00,0x00,0x23,0x55,0x00,0x4E,0x32,0x02,0x00,0x02,0x2F,0x56,0x00,0xB0,0x32,0x02,0x00,
  0x00,0x23,0x55,0x00,0x11,0x33,0x02,0x00,0x02,0x2F,0x56,0x00,0x73,0x33,0x02,0x00,0x00,0x23,0x55,0x00,0xD4,0x33,0x02,0x00,
  0x02,0x2F,0x55,0x00,0x35,0x34,0x02,0x00,0x03,0x17,0x55,0x01,0x35,0x34,0x02,0x00,0x00,0x23,0x55,0x01,0xB3,0x35,0x02,0x00,
  0x02,0x5C,0x15,0x00,0xBB,0x35,0x02,0x00,0x03,0x2F,0xC3,0x00,0xBB,0x35,0x02,0x00,0x00,0x32,0xC3,0x00,0xBB,0x35,0x02,0x00,
  0x04,0x36,0xC3,0x00,0xBB,0x35,0x02,0x00,0x01,0x3B,0xC3,0x00,0xC9,0x35,0x02,0x00,0x02,0x5D,0x16,0x00,0xDF,0x35,0x02,0x00,
  0x02,0x5E,0x15,0x00,0xF8,0x35,0x02,0x00,0x02,0x56,0x55,0x01,0xF8,0x35,0x02,0x00,0x03,0x5F,0x55,0x01,
};

// Ode to Joy (1916 bytes)
static const uint8_t song_Ode_to_Joy[] PROGMEM = {
  0x53,0x54,0x50,0x4D,0x01,0x00,0x00,0x00,0xEE,0x00,0x00,0x00,0x00,0x00,0x00,0x00,0x00,0x37,0x58,0x02,0x00,0x00,0x00,0x00,
  0x02,0x3E,0x58,0x02,0x00,0x00,0x00,0x00,0x03,0x43,0x58,0x02,0x00,0x00,0x00,0x00,0x01,0x47,0x58,0x02,0x58,0x02,0x00,0x00,
  0x00,0x37,0x58,0x02,0x58,0x02,0x00,0x00,0x02,0x3E,0x58,0x02,0x58,0x02,0x00,0x00,0x03,0x43,0x58,0x02,0x58,0x02,0x00,0x00,
  0x01,0x47,0x58,0x02,0xB0,0x04,0x00,0x00,0x00,0x37,0x58,0x02,0xB0,0x04,0x00,0x00,0x01,0x3C,0x58,0x02,0xB0,0x04,0x00,0x00,
  0x04,0x45,0x58,0x02,0xB0,0x04,0x00,0x00,0x02,0x48,0x58,0x02,0x08,0x07,0x00,0x00,0x00,0x37,0x58,0x02,0x08,0x07,0x00,0x00,
  0x04,0x3B,0x58,0x02,0x08,0x07,0x00,0x00,0x02,0x43,0x58,0x02,0x08,0x07,0x00,0x00,0x01,0x4A,0x58,0x02,0x60,0x09,0x00,0x00,
  0x02,0x34,0x84,0x03,0x60,0x09,0x00,0x00,0x04,0x40,0x84,0x03,0x60,0x09,0x00,0x00,0x03,0x43,0x84,0x03,0x60,0x09,0x00,0x00,
  0x00,0x4A,0x58,0x02,0xB8,0x0B,0x00,0x00,0x00,0x48,0x58,0x02,0xE4,0x0C,0x00,0x00,0x04,0x36,0x2C,0x01,0xE4,0x0C,0x00,0x00,
  0x02,0x3E,0x2C,0x01,0xE4,0x0C,0x00,0x00,0x01,0x45,0x2C,0x01,0x10,0x0E,0x00,0x00,0x00,0x37,0x58,0x02,0x10,0x0E,0x00,0x00,
  0x02,0x3E,0x58,0x02,0x10,0x0E,0x00,0x00,0x03,0x43,0x58,0x02,0x10,0x0E,0x00,0x00,0x01,0x47,0x58,0x02,0x68,0x10,0x00,0x00,
  0x00,0x32,0x58,0x02,0x68,0x10,0x00,0x00,0x02,0x3E,0x58,0x02,0x68,0x10,0x00,0x00,0x01,0x42,0x58,0x02,0x68,0x10,0x00,0x00,
  0x04,0x45,0x58,0x02,0xC0,0x12,0x00,0x00,0x04,0x3B,0x58,0x02,0xC0,0x12,0x00,0x00,0x02,0x3E,0x58,0x02,0xC0,0x12,0x00,0x00,
  0x03,0x43,0x58,0x02,0x18,0x15,0x00,0x00,0x04,0x3B,0x58,0x02,0x18,0x15,0x00,0x00,0x02,0x3E,0x58,0x02,0x18,0x15,0x00,0x00,
  0x03,0x43,0x58,0x02,0x70,0x17,0x00,0x00,0x02,0x39,0x58,0x02,0x70,0x17,0x00,0x00,0x03,0x3E,0x58,0x02,0x70,0x17,0x00,0x00,
  0x01,0x42,0x58,0x02,0x70,0x17,0x00,0x00,0x04,0x45,0x58,0x02,0xC8,0x19,0x00,0x00,0x00,0x37,0x58,0x02,0xC8,0x19,0x00,0x00,
  0x02,0x3E,0x58,0x02,0xC8,0x19,0x00,0x00,0x03,0x43,0x58,0x02,0xC8,0x19,0x00,0x00,0x01,0x47,0x58,0x02,0x20,0x1C,0x00,0x00,
  0x00,0x32,0x84,0x03,0x20,0x1C,0x00,0x00,0x02,0x3E,0x84,0x03,0x20,0x1C,0x00,0x00,0x03,0x43,0x84,0x03,0x20,0x1C,0x00,0x00,
  0x01,0x47,0x84,0x03,0xA4,0x1F,0x00,0x00,0x00,0x32,0x2C,0x01,0xA4,0x1F,0x00,0x00,0x02,0x3E,0x2C,0x01,0xA4,0x1F,0x00,0x00,
  0x01,0x42,0x2C,0x01,0xA4,0x1F,0x00,0x00,0x04,0x45,0x2C,0x01,0xD0,0x20,0x00,0x00,0x00,0x32,0xB0,0x04,0xD0,0x20,0x00,0x00,
  0x02,0x3E,0xB0,0x04,0xD0,0x20,0x00,0x00,0x01,0x42,0xB0,0x04,0xD0,0x20,0x00,0x00,0x04,0x45,0xB0,0x04,0x80,0x25,0x00,0x00,
  0x00,0x37,0x58,0x02,0x80,0x25,0x00,0x00,0x02,0x3E,0x58,0x02,0x80,0x25,0x00,0x00,0x03,0x43,0x58,0x02,0x80,0x25,0x00,0x00,
  0x01,0x47,0x58,0x02,0xD8,0x27,0x00,0x00,0x00,0x37,0x58,0x02,0xD8,0x27,0x00,0x00,0x02,0x3E,0x58,0x02,0xD8,0x27,0x00,0x00,
  0x03,0x43,0x58,0x02,0xD8,0x27,0x00,0x00,0x01,0x47,0x58,0x02,0x30,0x2A,0x00,0x00,0x00,0x37,0x58,0x02,0x30,0x2A,0x00,0x00,
  0x01,0x3C,0x58,0x02,0x30,0x2A,0x00,0x00,0x04,0x45,0x58,0x02,0x30,0x2A,0x00,0x00,0x02,0x48,0x58,0x02,0x88,0x2C,0x00,0x00,
  0x00,0x37,0x58,0x02,0x88,0x2C,0x00,0x00,0x04,0x3B,0x58,0x02,0x88,0x2C,0x00,0x00,0x02,0x43,0x58,0x02,0x88,0x2C,0x00,0x00,
  0x01,0x4A,0x58,0x02,0xE0,0x2E,0x00,0x00,0x02,0x34,0x84,0x03,0xE0,0x2E,0x00,0x00,0x04,0x40,0x84,0x03,0xE0,0x2E,0x00,0x00,
  0x03,0x43,0x84,0x03,0xE0,0x2E,0x00,0x00,0x00,0x4A,0x58,0x02,0x38,0x31,0x00,0x00,0x00,0x48,0x58,0x02,0x64,0x32,0x00,0x00,
  0x04,0x36,0x2C,0x01,0x64,0x32,0x00,0x00,0x02,0x3E,0x2C,0x01,0x64,0x32,0x00,0x00,0x01,0x45,0x2C,0x01,0x90,0x33,0x00,0x00,
  0x00,0x37,0x58,0x02,0x90,0x33,0x00,0x00,0x02,0x3E,0x58,0x02,0x90,0x33,0x00,0x00,0x03,0x43,0x58,0x02,0x90,0x33,0x00,0x00,
  0x01,0x47,0x58,0x02,0xE8,0x35,0x00,0x00,0x00,0x32,0x58,0x02,0xE8,0x35,0x00,0x00,0x02,0x3E,0x58,0x02,0xE8,0x35,0x00,0x00,
  0x01,0x42,0x58,0x02,0xE8,0x35,0x00,0x00,0x04,0x45,0x58,0x02,0x40,0x38,0x00,0x00,0x04,0x3B,0x58,0x02,0x40,0x38,0x00,0x00,
  0x02,0x3E,0x58,0x02,0x40,0x38,0x00,0x00,0x03,0x43,0x58,0x02,0x98,0x3A,0x00,0x00,0x04,0x3B,0x58,0x02,0x98,0x3A,0x00,0x00,
  0x02,0x3E,0x58,0x02,0x98,0x3A,0x00,0x00,0x03,0x43,0x58,0x02,0xF0,0x3C,0x00,0x00,0x02,0x39,0x58,0x02,0xF0,0x3C,0x00,0x00,
  0x03,0x3E,0x58,0x02,0xF0,0x3C,0x00,0x00,0x01,0x42,0x58,0x02,0xF0,0x3C,0x00,0x00,0x04,0x45,0x58,0x02,0x48,0x3F,0x00,0x00,
  0x00,0x37,0x58,0x02,0x48,0x3F,0x00,0x00,0x02,0x3E,0x58,0x02,0x48,0x3F,0x00,0x00,0x03,0x43,0x58,0x02,0x48,0x3F,0x00,0x00,
  0x01,0x47,0x58,0x02,0xA0,0x41,0x00,0x00,0x00,0x32,0x58,0x02,0xA0,0x41,0x00,0x00,0x02,0x3E,0x58,0x02,0xA0,0x41,0x00,0x00,
  0x03,0x43,0x58,0x02,0xA0,0x41,0x00,0x00,0x04,0x45,0x84,0x03,0xF8,0x43,0x00,0x00,0x00,0x32,0x58,0x02,0xF8,0x43,0x00,0x00,
  0x02,0x3E,0x58,0x02,0xF8,0x43,0x00,0x00,0x01,0x42,0x58,0x02,0x24,0x45,0x00,0x00,0x03,0x43,0x2C,0x01,0x50,0x46,0x00,0x00,
  0x03,0x2B,0xB0,0x04,0x50,0x46,0x00,0x00,0x04,0x3B,0xB0,0x04,0x50,0x46,0x00,0x00,0x02,0x3E,0xB0,0x04,0x50,0x46,0x00,0x00,
  0x00,0x43,0xB0,0x04,0x00,0x4B,0x00,0x00,0x00,0x32,0x58,0x02,0x00,0x4B,0x00,0x00,0x04,0x36,0x58,0x02,0x00,0x4B,0x00,0x00,
  0x02,0x3E,0x58,0x02,0x00,0x4B,0x00,0x00,0x01,0x45,0x58,0x02,0x58,0x4D,0x00,0x00,0x00,0x32,0x58,0x02,0x58,0x4D,0x00,0x00,
  0x04,0x36,0x58,0x02,0x58,0x4D,0x00,0x00,0x02,0x3E,0x58,0x02,0x58,0x4D,0x00,0x00,0x01,0x45,0x58,0x02,0xB0,0x4F,0x00,0x00,
  0x00,0x32,0x58,0x02,0xB0,0x4F,0x00,0x00,0x01,0x37,0x58,0x02,0xB0,0x4F,0x00,0x00,0x02,0x3E,0x58,0x02,0xB0,0x4F,0x00,0x00,
  0x03,0x47,0x58,0x02,0x08,0x52,0x00,0x00,0x00,0x32,0x58,0x02,0x08,0x52,0x00,0x00,0x02,0x34,0x58,0x02,0x08,0x52,0x00,0x00,
  0x03,0x3E,0x58,0x02,0x08,0x52,0x00,0x00,0x04,0x43,0x58,0x02,0x60,0x54,0x00,0x00,0x00,0x32,0x58,0x02,0x60,0x54,0x00,0x00,
  0x04,0x36,0x58,0x02,0x60,0x54,0x00,0x00,0x02,0x3E,0x58,0x02,0x60,0x54,0x00,0x00,0x01,0x45,0x58,0x02,0xB8,0x56,0x00,0x00,
  0x00,0x32,0x58,0x02,0xB8,0x56,0x00,0x00,0x01,0x37,0x2C,0x01,0xB8,0x56,0x00,0x00,0x02,0x3E,0x58,0x02,0xB8,0x56,0x00,0x00,
  0x03,0x47,0x2C,0x01,0xE4,0x57,0x00,0x00,0x03,0x39,0x2C,0x01,0xE4,0x57,0x00,0x00,0x04,0x48,0x2C,0x01,0x10,0x59,0x00,0x00,
  0x00,0x32,0x58,0x02,0x10,0x59,0x00,0x00,0x01,0x37,0x58,0x02,0x10,0x59,0x00,0x00,0x02,0x3E,0x58,0x02,0x10,0x59,0x00,0x00,
  0x03,0x47,0x58,0x02,0x68,0x5B,0x00,0x00,0x00,0x32,0x58,0x02,0x68,0x5B,0x00,0x00,0x02,0x34,0x58,0x02,0x68,0x5B,0x00,0x00,
  0x03,0x3E,0x58,0x02,0x68,0x5B,0x00,0x00,0x04,0x43,0x58,0x02,0xC0,0x5D,0x00,0x00,0x00,0x32,0x58,0x02,0xC0,0x5D,0x00,0x00,
  0x04,0x36,0x58,0x02,0xC0,0x5D,0x00,0x00,0x02,0x3E,0x58,0x02,0xC0,0x5D,0x00,0x00,0x01,0x45,0x58,0x02,0x18,0x60,0x00,0x00,
  0x00,0x32,0x58,0x02,0x18,0x60,0x00,0x00,0x04,0x36,0x58,0x02,0x18,0x60,0x00,0x00,0x02,0x3E,0x58,0x02,0x18,0x60,0x00,0x00,
  0x01,0x47,0x2C,0x01,0x44,0x61,0x00,0x00,0x03,0x48,0x2C,0x01,0x70,0x62,0x00,0x00,0x01,0x33,0x58,0x02,0x70,0x62,0x00,0x00,
  0x04,0x36,0x58,0x02,0x70,0x62,0x00,0x00,0x02,0x42,0x58,0x02,0x70,0x62,0x00,0x00,0x03,0x47,0x58,0x02,0xC8,0x64,0x00,0x00,
  0x01,0x33,0x58,0x02,0xC8,0x64,0x00,0x00,0x04,0x3B,0x58,0x02,0xC8,0x64,0x00,0x00,0x02,0x42,0x58,0x02,0xC8,0x64,0x00,0x00,
  0x00,0x45,0x58,0x02,0x20,0x67,0x00,0x00,0x02,0x34,0x58,0x02,0x20,0x67,0x00,0x00,0x04,0x3B,0x58,0x02,0x20,0x67,0x00,0x00,
  0x00,0x40,0x58,0x02,0x20,0x67,0x00,0x00,0x03,0x43,0x58,0x02,0x78,0x69,0x00,0x00,0x00,0x2D,0x58,0x02,0x78,0x69,0x00,0x00,
  0x02,0x39,0x58,0x02,0x78,0x69,0x00,0x00,0x01,0x3D,0x58,0x02,0x78,0x69,0x00,0x00,0x04,0x45,0x58,0x02,0xD0,0x6B,0x00,0x00,
  0x00,0x32,0xB0,0x04,0xD0,0x6B,0x00,0x00,0x01,0x37,0x58,0x02,0xD0,0x6B,0x00,0x00,0x02,0x3E,0xB0,0x04,0x28,0x6E,0x00,0x00,
  0x04,0x36,0x58,0x02,0x80,0x70,0x00,0x00,0x00,0x37,0x58,0x02,0x80,0x70,0x00,0x00,0x02,0x3E,0x58,0x02,0x80,0x70,0x00,0x00,
  0x01,0x47,0x58,0x02,0xD8,0x72,0x00,0x00,0x00,0x37,0x58,0x02,0xD8,0x72,0x00,0x00,0x02,0x3E,0x58,0x02,0xD8,0x72,0x00,0x00,
  0x03,0x43,0x58,0x02,0xD8,0x72,0x00,0x00,0x01,0x47,0x58,0x02,0x30,0x75,0x00,0x00,0x03,0x35,0x58,0x02,0x30,0x75,0x00,0x00,
  0x00,0x41,0x58,0x02,0x30,0x75,0x00,0x00,0x04,0x45,0x58,0x02,0x30,0x75,0x00,0x00,0x02,0x48,0x58,0x02,0x88,0x77,0x00,0x00,
  0x03,0x35,0x58,0x02,0x88,0x77,0x00,0x00,0x00,0x41,0x58,0x02,0x88,0x77,0x00,0x00,0x04,0x45,0x58,0x02,0x88,0x77,0x00,0x00,
  0x01,0x4A,0x58,0x02,0xE0,0x79,0x00,0x00,0x02,0x34,0x84,0x03,0xE0,0x79,0x00,0x00,0x03,0x43,0x84,0x03,0xE0,0x79,0x00,0x00,
  0x01,0x47,0x58,0x02,0xE0,0x79,0x00,0x00,0x04,0x4A,0x58,0x02,0x38,0x7C,0x00,0x00,0x04,0x43,0x2C,0x01,0x38,0x7C,0x00,0x00,
  0x00,0x48,0x58,0x02,0x64,0x7D,0x00,0x00,0x04,0x36,0x2C,0x01,0x64,0x7D,0x00,0x00,0x02,0x3E,0x2C,0x01,0x64,0x7D,0x00,0x00,
  0x01,0x45,0x2C,0x01,0x90,0x7E,0x00,0x00,0x00,0x37,0x58,0x02,0x90,0x7E,0x00,0x00,0x02,0x3E,0x58,0x02,0x90,0x7E,0x00,0x00,
  0x03,0x43,0x58,0x02,0x90,0x7E,0x00,0x00,0x01,0x47,0x58,0x02,0xE8,0x80,0x00,0x00,0x03,0x30,0x58,0x02,0xE8,0x80,0x00,0x00,
  0x00,0x3C,0x58,0x02,0xE8,0x80,0x00,0x00,0x04,0x40,0x58,0x02,0xE8,0x80,0x00,0x00,0x01,0x45,0x58,0x02,0x40,0x83,0x00,0x00,
  0x03,0x30,0x58,0x02,0x40,0x83,0x00,0x00,0x00,0x37,0x58,0x02,0x40,0x83,0x00,0x00,0x04,0x40,0x58,0x02,0x40,0x83,0x00,0x00,
  0x02,0x43,0x58,0x02,0x98,0x85,0x00,0x00,0x02,0x2F,0x58,0x02,0x98,0x85,0x00,0x00,0x00,0x37,0x58,0x02,0x98,0x85,0x00,0x00,
  0x03,0x3E,0x58,0x02,0x98,0x85,0x00,0x00,0x04,0x43,0x58,0x02,0xF0,0x87,0x00,0x00,0x00,0x2D,0x58,0x02,0xF0,0x87,0x00,0x00,
  0x01,0x3C,0x58,0x02,0xF0,0x87,0x00,0x00,0x02,0x42,0x58,0x02,0xF0,0x87,0x00,0x00,0x04,0x45,0x58,0x02,0x48,0x8A,0x00,0x00,
  0x03,0x2B,0x58,0x02,0x48,0x8A,0x00,0x00,0x02,0x3E,0x58,0x02,0x48,0x8A,0x00,0x00,0x04,0x43,0x58,0x02,0x48,0x8A,0x00,0x00,
  0x01,0x47,0x58,0x02,0xA0,0x8C,0x00,0x00,0x00,0x32,0x58,0x02,0xA0,0x8C,0x00,0x00,0x02,0x3E,0x58,0x02,0xA0,0x8C,0x00,0x00,
  0x03,0x43,0x58,0x02,0xA0,0x8C,0x00,0x00,0x04,0x45,0x84,0x03,0xF8,0x8E,0x00,0x00,0x00,0x32,0x58,0x02,0xF8,0x8E,0x00,0x00,
  0x02,0x3E,0x58,0x02,0xF8,0x8E,0x00,0x00,0x01,0x42,0x58,0x02,0x24,0x90,0x00,0x00,0x03,0x43,0x2C,0x01,0x50,0x91,0x00,0x00,
  0x03,0x2B,0xB0,0x04,0x50,0x91,0x00,0x00,0x04,0x3B,0xB0,0x04,0x50,0x91,0x00,0x00,0x02,0x43,0xB0,0x04,
};

// Rondo alla Turca (12924 bytes)
static const uint8_t song_Rondo_alla_Turca[] PROGMEM = {
  0x53,0x54,0x50,0x4D,0x01,0x00,0x00,0x00,0x4E,0x06,0x00,0x00,0x00,0x00,0x00,0x00,0x01,0x47,0xFA,0x00,0xFA,0x00,0x00,0x00,
  0x04,0x45,0xFA,0x00,0xF4,0x01,0x00,0x00,0x03,0x44,0xFA,0x00,0xEE,0x02,0x00,0x00,0x04,0x45,0xFA,0x00,0xE8,0x03,0x00,0x00,
  0x02,0x39,0xF4,0x01,0xE8,0x03,0x00,0x00,0x03,0x48,0xF4,0x01,0xDC,0x05,0x00,0x00,0x00,0x3C,0xF4,0x01,0xDC,0x05,0x00,0x00,
  0x04,0x40,0xF4,0x01,0xD0,0x07,0x00,0x00,0x00,0x3C,0xF4,0x01,0xD0,0x07,0x00,0x00,0x04,0x40,0xF4,0x01,0xD0,0x07,0x00,0x00,
  0x01,0x4A,0xFA,0x00,0xCA,0x08,0x00,0x00,0x02,0x48,0xFA,0x00,0xC4,0x09,0x00,0x00,0x00,0x3C,0xF4,0x01,0xC4,0x09,0x00,0x00,
  0x04,0x40,0xF4,0x01,0xC4,0x09,0x00,0x00,0x01,0x47,0xFA,0x00,0xBE,0x0A,0x00,0x00,0x02,0x48,0xFA,0x00,0xB8,0x0B,0x00,0x00,
  0x02,0x39,0xF4,0x01,0xB8,0x0B,0x00,0x00,0x01,0x4C,0xF4,0x01,0xAC,0x0D,0x00,0x00,0x00,0x3C,0xF4,0x01,0xAC,0x0D,0x00,0x00,
  0x04,0x40,0xF4,0x01,0xA0,0x0F,0x00,0x00,0x00,0x3C,0xF4,0x01,0xA0,0x0F,0x00,0x00,0x04,0x40,0xF4,0x01,0xA0,0x0F,0x00,0x00,
  0x02,0x4D,0xFA,0x00,0x9A,0x10,0x00,0x00,0x01,0x4C,0xFA,0x00,0x94,0x11,0x00,0x00,0x00,0x3C,0xF4,0x01,0x94,0x11,0x00,0x00,
  0x04,0x40,0xF4,0x01,0x94,0x11,0x00,0x00,0x01,0x4B,0xFA,0x00,0x8E,0x12,0x00,0x00,0x01,0x4C,0xFA,0x00,0x88,0x13,0x00,0x00,
  0x02,0x39,0xF4,0x01,0x88,0x13,0x00,0x00,0x03,0x53,0xFA,0x00,0x82,0x14,0x00,0x00,0x01,0x51,0xFA,0x00,0x7C,0x15,0x00,0x00,
  0x00,0x3C,0xF4,0x01,0x7C,0x15,0x00,0x00,0x04,0x40,0xF4,0x01,0x7C,0x15,0x00,0x00,0x01,0x50,0xFA,0x00,0x76,0x16,0x00,0x00,
  0x01,0x51,0xFA,0x00,0x70,0x17,0x00,0x00,0x02,0x39,0xF4,0x01,0x70,0x17,0x00,0x00,0x03,0x53,0xFA,0x00,0x6A,0x18,0x00,0x00,
  0x01,0x51,0xFA,0x00,0x64,0x19,0x00,0x00,0x00,0x3C,0xF4,0x01,0x64,0x19,0x00,0x00,0x04,0x40,0xF4,0x01,0x64,0x19,0x00,0x00,
  0x01,0x50,0xFA,0x00,0x5E,0x1A,0x00,0x00,0x01,0x51,0xFA,0x00,0x58,0x1B,0x00,0x00,0x02,0x39,0xF4,0x01,0x58,0x1B,0x00,0x00,
  0x04,0x54,0xE8,0x03,0x4C,0x1D,0x00,0x00,0x00,0x3C,0xF4,0x01,0x4C,0x1D,0x00,0x00,0x01,0x40,0xF4,0x01,0x40,0x1F,0x00,0x00,
  0x00,0x3C,0xF4,0x01,0x40,0x1F,0x00,0x00,0x04,0x40,0xF4,0x01,0x40,0x1F,0x00,0x00,0x01,0x51,0xF4,0x01,0x34,0x21,0x00,0x00,
  0x00,0x3C,0xF4,0x01,0x34,0x21,0x00,0x00,0x04,0x40,0xF4,0x01,0x34,0x21,0x00,0x00,0x01,0x54,0xBA,0x01,0xEE,0x22,0x00,0x00,
  0x01,0x4F,0x1A,0x00,0x0B,0x23,0x00,0x00,0x01,0x51,0x1A,0x00,0x28,0x23,0x00,0x00,0x02,0x34,0xF4,0x01,0x28,0x23,0x00,0x00,
  0x03,0x53,0xF4,0x01,0x1C,0x25,0x00,0x00,0x04,0x3B,0xF4,0x01,0x1C,0x25,0x00,0x00,0x00,0x40,0xF4,0x01,0x1C,0x25,0x00,0x00,
  0x03,0x4E,0xF4,0x01,0x1C,0x25,0x00,0x00,0x01,0x51,0xF4,0x01,0x10,0x27,0x00,0x00,0x04,0x3B,0xF4,0x01,0x10,0x27,0x00,0x00,
  0x00,0x40,0xF4,0x01,0x10,0x27,0x00,0x00,0x01,0x4C,0xF4,0x01,0x10,0x27,0x00,0x00,0x02,0x4F,0xF4,0x01,0x04,0x29,0x00,0x00,
  0x04,0x3B,0xF4,0x01,0x04,0x29,0x00,0x00,0x00,0x40,0xF4,0x01,0x04,0x29,0x00,0x00,0x03,0x4E,0xBA,0x01,0x04,0x29,0x00,0x00,
  0x01,0x51,0xBA,0x01,0xBE,0x2A,0x00,0x00,0x01,0x4F,0x1A,0x00,0xDB,0x2A,0x00,0x00,0x01,0x51,0x1A,0x00,0xF8,0x2A,0x00,0x00,
  0x02,0x34,0xF4,0x01,0xF8,0x2A,0x00,0x00,0x03,0x53,0xF4,0x01,0xEC,0x2C,0x00,0x00,0x04,0x3B,0xF4,0x01,0xEC,0x2C,0x00,0x00,
  0x00,0x40,0xF4,0x01,0xEC,0x2C,0x00,0x00,0x03,0x4E,0xF4,0x01,0xEC,0x2C,0x00,0x00,0x01,0x51,0xF4,0x01,0xE0,0x2E,0x00,0x00,
  0x04,0x3B,0xF4,0x01,0xE0,0x2E,0x00,0x00,0x00,0x40,0xF4,0x01,0xE0,0x2E,0x00,0x00,0x01,0x4C,0xF4,0x01,0xE0,0x2E,0x00,0x00,
  0x02,0x4F,0xF4,0x01,0xD4,0x30,0x00,0x00,0x04,0x3B,0xF4,0x01,0xD4,0x30,0x00,0x00,0x00,0x40,0xF4,0x01,0xD4,0x30,0x00,0x00,
  0x03,0x4E,0xBA,0x01,0xD4,0x30,0x00,0x00,0x01,0x51,0xBA,0x01,0x8E,0x32,0x00,0x00,0x01,0x4F,0x1A,0x00,0xAB,0x32,0x00,0x00,
  0x01,0x51,0x1A,0x00,0xC8,0x32,0x00,0x00,0x02,0x34,0xF4,0x01,0xC8,0x32,0x00,0x00,0x03,0x53,0xF4,0x01,0xBC,0x34,0x00,0x00,
  0x04,0x3B,0xF4,0x01,0xBC,0x34,0x00,0x00,0x00,0x40,0xF4,0x01,0xBC,0x34,0x00,0x00,0x03,0x4E,0xF4,0x01,0xBC,0x34,0x00,0x00,
  0x01,0x51,0xF4,0x01,0xB0,0x36,0x00,0x00,0x02,0x2F,0xF4,0x01,0xB0,0x36,0x00,0x00,0x01,0x4C,0xF4,0x01,0xB0,0x36,0x00,0x00,
  0x04,0x4F,0xF4,0x01,0xA4,0x38,0x00,0x00,0x04,0x3B,0xF4,0x01,0xA4,0x38,0x00,0x00,0x00,0x4B,0xF4,0x01,0xA4,0x38,0x00,0x00,
  0x03,0x4E,0xF4,0x01,0x98,0x3A,0x00,0x00,0x02,0x34,0xE8,0x03,0x98,0x3A,0x00,0x00,0x01,0x4C,0xE8,0x03,0x80,0x3E,0x00,0x00,
  0x02,0x48,0xF4,0x01,0x80,0x3E,0x00,0x00,0x01,0x4C,0xF4,0x01,0x74,0x40,0x00,0x00,0x04,0x4A,0xF4,0x01,0x74,0x40,0x00,0x00,
  0x02,0x4D,0xF4,0x01,0x68,0x42,0x00,0x00,0x03,0x30,0xF4,0x01,0x68,0x42,0x00,0x00,0x01,0x4C,0xF4,0x01,0x68,0x42,0x00,0x00,
  0x04,0x4F,0xF4,0x01,0x5C,0x44,0x00,0x00,0x00,0x3C,0xF4,0x01,0x5C,0x44,0x00,0x00,0x01,0x4C,0xF4,0x01,0x5C,0x44,0x00,0x00,
  0x04,0x4F,0xF4,0x01,0x50,0x46,0x00,0x00,0x02,0x34,0xF4,0x01,0x50,0x46,0x00,0x00,0x01,0x51,0xFA,0x00,0x4A,0x47,0x00,0x00,
  0x04,0x4F,0xFA,0x00,0x44,0x48,0x00,0x00,0x04,0x40,0xF4,0x01,0x44,0x48,0x00,0x00,0x02,0x4D,0xFA,0x00,0x3E,0x49,0x00,0x00,
  0x01,0x4C,0xFA,0x00,0x38,0x4A,0x00,0x00,0x00,0x37,0xE8,0x03,0x38,0x4A,0x00,0x00,0x01,0x47,0xF4,0x01,0x38,0x4A,0x00,0x00,
  0x04,0x4A,0xE8,0x03,0x2C,0x4C,0x00,0x00,0x02,0x43,0xF4,0x01,0x20,0x4E,0x00,0x00,0x02,0x48,0xF4,0x01,0x20,0x4E,0x00,0x00,
  0x01,0x4C,0xF4,0x01,0x14,0x50,0x00,0x00,0x04,0x4A,0xF4,0x01,0x14,0x50,0x00,0x00,0x02,0x4D,0xF4,0x01,0x08,0x52,0x00,0x00,
  0x03,0x30,0xF4,0x01,0x08,0x52,0x00,0x00,0x01,0x4C,0xF4,0x01,0x08,0x52,0x00,0x00,0x04,0x4F,0xF4,0x01,0xFC,0x53,0x00,0x00,
  0x00,0x3C,0xF4,0x01,0xFC,0x53,0x00,0x00,0x01,0x4C,0xF4,0x01,0xFC,0x53,0x00,0x00,0x04,0x4F,0xF4,0x01,0xF0,0x55,0x00,0x00,
  0x02,0x34,0xF4,0x01,0xF0,0x55,0x00,0x00,0x01,0x51,0xFA,0x00,0xEA,0x56,0x00,0x00,0x04,0x4F,0xFA,0x00,0xE4,0x57,0x00,0x00,
  0x04,0x40,0xF4,0x01,0xE4,0x57,0x00,0x00,0x02,0x4D,0xFA,0x00,0xDE,0x58,0x00,0x00,0x01,0x4C,0xFA,0x00,0xD8,0x59,0x00,0x00,
  0x00,0x37,0xE8,0x03,0xD8,0x59,0x00,0x00,0x01,0x47,0xE8,0x03,0xD8,0x59,0x00,0x00,0x04,0x4A,0xE8,0x03,0xC0,0x5D,0x00,0x00,
  0x04,0x45,0xF4,0x01,0xC0,0x5D,0x00,0x00,0x02,0x48,0xF4,0x01,0xB4,0x5F,0x00,0x00,0x01,0x47,0xF4,0x01,0xB4,0x5F,0x00,0x00,
  0x04,0x4A,0xF4,0x01,0xA8,0x61,0x00,0x00,0x00,0x2D,0xF4,0x01,0xA8,0x61,0x00,0x00,0x02,0x48,0xF4,0x01,0xA8,0x61,0x00,0x00,
  0x01,0x4C,0xF4,0x01,0x9C,0x63,0x00,0x00,0x02,0x39,0xF4,0x01,0x9C,0x63,0x00,0x00,0x03,0x48,0xF4,0x01,0x9C,0x63,0x00,0x00,
  0x01,0x4C,0xF4,0x01,0x90,0x65,0x00,0x00,0x03,0x30,0xF4,0x01,0x90,0x65,0x00,0x00,0x02,0x4D,0xFA,0x00,0x8A,0x66,0x00,0x00,
  0x01,0x4C,0xFA,0x00,0x84,0x67,0x00,0x00,0x00,0x3C,0xF4,0x01,0x84,0x67,0x00,0x00,0x04,0x4A,0xFA,0x00,0x7E,0x68,0x00,0x00,
  0x02,0x48,0xFA,0x00,0x78,0x69,0x00,0x00,0x02,0x34,0xE8,0x03,0x78,0x69,0x00,0x00,0x03,0x44,0xF4,0x01,0x78,0x69,0x00,0x00,
  0x01,0x47,0xE8,0x03,0x6C,0x6B,0x00,0x00,0x04,0x40,0xF4,0x01,0x60,0x6D,0x00,0x00,0x04,0x45,0xF4,0x01,0x60,0x6D,0x00,0x00,
  0x02,0x48,0xF4,0x01,0x54,0x6F,0x00,0x00,0x01,0x47,0xF4,0x01,0x54,0x6F,0x00,0x00,0x04,0x4A,0xF4,0x01,0x48,0x71,0x00,0x00,
  0x00,0x2D,0xF4,0x01,0x48,0x71,0x00,0x00,0x02,0x48,0xF4,0x01,0x48,0x71,0x00,0x00,0x01,0x4C,0xF4,0x01,0x3C,0x73,0x00,0x00,
  0x02,0x39,0xF4,0x01,0x3C,0x73,0x00,0x00,0x03,0x48,0xF4,0x01,0x3C,0x73,0x00,0x00,0x01,0x4C,0xF4,0x01,0x30,0x75,0x00,0x00,
  0x03,0x30,0xF4,0x01,0x30,0x75,0x00,0x00,0x02,0x4D,0xFA,0x00,0x2A,0x76,0x00,0x00,0x01,0x4C,0xFA,0x00,0x24,0x77,0x00,0x00,
  0x00,0x3C,0xF4,0x01,0x24,0x77,0x00,0x00,0x04,0x4A,0xFA,0x00,0x1E,0x78,0x00,0x00,0x02,0x48,0xFA,0x00,0x18,0x79,0x00,0x00,
  0x02,0x34,0xE8,0x03,0x18,0x79,0x00,0x00,0x03,0x44,0xE8,0x03,0x18,0x79,0x00,0x00,0x01,0x47,0xE8,0x03,0x00,0x7D,0x00,0x00,
  0x01,0x47,0xFA,0x00,0xFA,0x7D,0x00,0x00,0x04,0x45,0xFA,0x00,0xF4,0x7E,0x00,0x00,0x03,0x44,0xFA,0x00,0xEE,0x7F,0x00,0x00,
  0x04,0x45,0xFA,0x00,0xE8,0x80,0x00,0x00,0x02,0x39,0xF4,0x01,0xE8,0x80,0x00,0x00,0x03,0x48,0xF4,0x01,0xDC,0x82,0x00,0x00,
  0x00,0x3C,0xF4,0x01,0xDC,0x82,0x00,0x00,0x04,0x40,0xF4,0x01,0xD0,0x84,0x00,0x00,0x00,0x3C,0xF4,0x01,0xD0,0x84,0x00,0x00,
  0x04,0x40,0xF4,0x01,0xD0,0x84,0x00,0x00,0x01,0x4A,0xFA,0x00,0xCA,0x85,0x00,0x00,0x02,0x48,0xFA,0x00,0xC4,0x86,0x00,0x00,
  0x00,0x3C,0xF4,0x01,0xC4,0x86,0x00,0x00,0x04,0x40,0xF4,0x01,0xC4,0x86,0x00,0x00,0x01,0x47,0xFA,0x00,0xBE,0x87,0x00,0x00,
  0x02,0x48,0xFA,0x00,0xB8,0x88,0x00,0x00,0x02,0x39,0xF4,0x01,0xB8,0x88,0x00,0x00,0x01,0x4C,0xF4,0x01,0xAC,0x8A,0x00,0x00,
  0x00,0x3C,0xF4,0x01,0xAC,0x8A,0x00,0x00,0x04,0x40,0xF4,0x01,0xA0,0x8C,0x00,0x00,0x00,0x3C,0xF4,0x01,0xA0,0x8C,0x00,0x00,
  0x04,0x40,0xF4,0x01,0xA0,0x8C,0x00,0x00,0x02,0x4D,0xFA,0x00,0x9A,0x8D,0x00,0x00,0x01,0x4C,0xFA,0x00,0x94,0x8E,0x00,0x00,
  0x00,0x3C,0xF4,0x01,0x94,0x8E,0x00,0x00,0x04,0x40,0xF4,0x01,0x94,0x8E,0x00,0x00,0x01,0x4B,0xFA,0x00,0x8E,0x8F,0x00,0x00,
  0x01,0x4C,0xFA,0x00,0x88,0x90,0x00,0x00,0x02,0x39,0xF4,0x01,0x88,0x90,0x00,0x00,0x03,0x53,0xFA,0x00,0x82,0x91,0x00,0x00,
  0x01,0x51,0xFA,0x00,0x7C,0x92,0x00,0x00,0x00,0x3C,0xF4,0x01,0x7C,0x92,0x00,0x00,0x04,0x40,0xF4,0x01,0x7C,0x92,0x00,0x00,
  0x01,0x50,0xFA,0x00,0x76,0x93,0x00,0x00,0x01,0x51,0xFA,0x00,0x70,0x94,0x00,0x00,0x02,0x39,0xF4,0x01,0x70,0x94,0x00,0x00,
  0x03,0x53,0xFA,0x00,0x6A,0x95,0x00,0x00,0x01,0x51,0xFA,0x00,0x64,0x96,0x00,0x00,0x00,0x3C,0xF4,0x01,0x64,0x96,0x00,0x00,
  0x04,0x40,0xF4,0x01,0x64,0x96,0x00,0x00,0x01,0x50,0xFA,0x00,0x5E,0x97,0x00,0x00,0x01,0x51,0xFA,0x00,0x58,0x98,0x00,0x00,
  0x03,0x35,0xF4,0x01,0x58,0x98,0x00,0x00,0x04,0x54,0xF4,0x01,0x4C,0x9A,0x00,0x00,0x02,0x39,0xF4,0x01,0x4C,0x9A,0x00,0x00,
  0x03,0x3F,0xF4,0x01,0x40,0x9C,0x00,0x00,0x02,0x39,0xF4,0x01,0x40,0x9C,0x00,0x00,0x03,0x3F,0xF4,0x01,0x40,0x9C,0x00,0x00,
  0x01,0x51,0xF4,0x01,0x34,0x9E,0x00,0x00,0x02,0x39,0xF4,0x01,0x34,0x9E,0x00,0x00,0x03,0x3F,0xF4,0x01,0x34,0x9E,0x00,0x00,
  0x04,0x53,0xF4,0x01,0x28,0xA0,0x00,0x00,0x02,0x34,0xF4,0x01,0x28,0xA0,0x00,0x00,0x04,0x54,0xF4,0x01,0x1C,0xA2,0x00,0x00,
  0x02,0x39,0xF4,0x01,0x1C,0xA2,0x00,0x00,0x04,0x40,0xF4,0x01,0x1C,0xA2,0x00,0x00,0x03,0x53,0xF4,0x01,0x10,0xA4,0x00,0x00,
  0x00,0x32,0xF4,0x01,0x10,0xA4,0x00,0x00,0x01,0x51,0xF4,0x01,0x04,0xA6,0x00,0x00,0x03,0x35,0xF4,0x01,0x04,0xA6,0x00,0x00,
  0x04,0x3B,0xF4,0x01,0x04,0xA6,0x00,0x00,0x00,0x50,0xF4,0x01,0xF8,0xA7,0x00,0x00,0x03,0x30,0xF4,0x01,0xF8,0xA7,0x00,0x00,
  0x01,0x51,0xF4,0x01,0xEC,0xA9,0x00,0x00,0x02,0x34,0xF4,0x01,0xEC,0xA9,0x00,0x00,0x03,0x39,0xF4,0x01,0xEC,0xA9,0x00,0x00,
  0x01,0x4C,0xF4,0x01,0xE0,0xAB,0x00,0x00,0x00,0x32,0xF4,0x01,0xE0,0xAB,0x00,0x00,0x02,0x4D,0xF4,0x01,0xD4,0xAD,0x00,0x00,
  0x03,0x35,0xF4,0x01,0xD4,0xAD,0x00,0x00,0x04,0x3B,0xF4,0x01,0xD4,0xAD,0x00,0x00,0x00,0x4A,0xF4,0x01,0xC8,0xAF,0x00,0x00,
  0x02,0x34,0xF4,0x01,0xC8,0xAF,0x00,0x00,0x03,0x39,0xF4,0x01,0xC8,0xAF,0x00,0x00,0x04,0x48,0xE8,0x03,0xBC,0xB1,0x00,0x00,
  0x02,0x34,0xF4,0x01,0xBC,0xB1,0x00,0x00,0x03,0x39,0xF4,0x01,0xB0,0xB3,0x00,0x00,0x02,0x34,0xF4,0x01,0xB0,0xB3,0x00,0x00,
  0x01,0x38,0xF4,0x01,0xB0,0xB3,0x00,0x00,0x03,0x47,0xEE,0x02,0xA4,0xB5,0x00,0x00,0x02,0x34,0xF4,0x01,0xA4,0xB5,0x00,0x00,
  0x01,0x38,0xF4,0x01,0x9E,0xB6,0x00,0x00,0x04,0x45,0x7D,0x00,0x1B,0xB7,0x00,0x00,0x03,0x47,0x7D,0x00,0x98,0xB7,0x00,0x00,
  0x00,0x2D,0x92,0x03,0x98,0xB7,0x00,0x00,0x02,0x39,0x92,0x03,0x98,0xB7,0x00,0x00,0x04,0x45,0xE8,0x03,0x80,0xBB,0x00,0x00,
  0x04,0x45,0xF4,0x01,0x80,0xBB,0x00,0x00,0x01,0x51,0xF4,0x01,0x74,0xBD,0x00,0x00,0x01,0x47,0xF4,0x01,0x74,0xBD,0x00,0x00,
  0x03,0x53,0xF4,0x01,0x12,0xBF,0x00,0x00,0x00,0x2D,0x1A,0x00,0x2E,0xBF,0x00,0x00,0x04,0x31,0x1A,0x00,0x4B,0xBF,0x00,0x00,
  0x02,0x34,0x1A,0x00,0x68,0xBF,0x00,0x00,0x02,0x39,0xF4,0x01,0x68,0xBF,0x00,0x00,0x03,0x49,0xE8,0x03,0x68,0xBF,0x00,0x00,
  0x00,0x55,0xE8,0x03,0x5C,0xC1,0x00,0x00,0x02,0x39,0xF4,0x01,0x50,0xC3,0x00,0x00,0x02,0x39,0xF4,0x01,0x50,0xC3,0x00,0x00,
  0x04,0x45,0xF4,0x01,0x50,0xC3,0x00,0x00,0x01,0x51,0xF4,0x01,0x44,0xC5,0x00,0x00,0x02,0x39,0x9E,0x01,0x44,0xC5,0x00,0x00,
  0x01,0x47,0xF4,0x01,0x44,0xC5,0x00,0x00,0x03,0x53,0xF4,0x01,0xE2,0xC6,0x00,0x00,0x00,0x2D,0x1A,0x00,0xFE,0xC6,0x00,0x00,
  0x04,0x31,0x1A,0x00,0x1B,0xC7,0x00,0x00,0x02,0x34,0x1A,0x00,0x38,0xC7,0x00,0x00,0x02,0x39,0xF4,0x01,0x38,0xC7,0x00,0x00,
  0x03,0x49,0xF4,0x01,0x38,0xC7,0x00,0x00,0x00,0x55,0xF4,0x01,0x2C,0xC9,0x00,0x00,0x02,0x39,0xF4,0x01,0x2C,0xC9,0x00,0x00,
  0x01,0x47,0xF4,0x01,0x2C,0xC9,0x00,0x00,0x03,0x53,0xF4,0x01,0x20,0xCB,0x00,0x00,0x02,0x39,0xF4,0x01,0x20,0xCB,0x00,0x00,
  0x04,0x45,0xF4,0x01,0x20,0xCB,0x00,0x00,0x01,0x51,0xF4,0x01,0x14,0xCD,0x00,0x00,0x02,0x39,0x9E,0x01,0x14,0xCD,0x00,0x00,
  0x03,0x44,0xF4,0x01,0x14,0xCD,0x00,0x00,0x00,0x50,0xF4,0x01,0xB2,0xCE,0x00,0x00,0x04,0x26,0x1A,0x00,0xCE,0xCE,0x00,0x00,
  0x02,0x2A,0x1A,0x00,0xEB,0xCE,0x00,0x00,0x01,0x2D,0x1A,0x00,0x08,0xCF,0x00,0x00,0x00,0x32,0xF4,0x01,0x08,0xCF,0x00,0x00,
  0x01,0x42,0xF4,0x01,0x08,0xCF,0x00,0x00,0x03,0x4E,0xF4,0x01,0xFC,0xD0,0x00,0x00,0x00,0x32,0x9E,0x01,0xFC,0xD0,0x00,0x00,
  0x03,0x44,0xF4,0x01,0xFC,0xD0,0x00,0x00,0x01,0x50,0xF4,0x01,0x9A,0xD2,0x00,0x00,0x04,0x27,0x1A,0x00,0xB6,0xD2,0x00,0x00,
  0x02,0x2A,0x1A,0x00,0xD3,0xD2,0x00,0x00,0x00,0x2D,0x1A,0x00,0xF0,0xD2,0x00,0x00,0x01,0x33,0xF4,0x01,0xF0,0xD2,0x00,0x00,
  0x04,0x45,0xF4,0x01,0xF0,0xD2,0x00,0x00,0x02,0x51,0xF4,0x01,0xE4,0xD4,0x00,0x00,0x01,0x33,0x9E,0x01,0xE4,0xD4,0x00,0x00,
  0x02,0x47,0xF4,0x01,0xE4,0xD4,0x00,0x00,0x03,0x53,0xF4,0x01,0x82,0xD6,0x00,0x00,0x00,0x28,0x1A,0x00,0x9E,0xD6,0x00,0x00,
  0x04,0x2C,0x1A,0x00,0xBB,0xD6,0x00,0x00,0x04,0x2F,0x1A,0x00,0xD8,0xD6,0x00,0x00,0x02,0x34,0xF4,0x01,0xD8,0xD6,0x00,0x00,
  0x03,0x44,0xF4,0x01,0xD8,0xD6,0x00,0x00,0x00,0x50,0xF4,0x01,0xCC,0xD8,0x00,0x00,0x02,0x34,0xF4,0x01,0xCC,0xD8,0x00,0x00,
  0x04,0x40,0xF4,0x01,0xCC,0xD8,0x00,0x00,0x01,0x4C,0xF4,0x01,0xC0,0xDA,0x00,0x00,0x02,0x34,0xF4,0x01,0xC0,0xDA,0x00,0x00,
  0x04,0x45,0xF4,0x01,0xC0,0xDA,0x00,0x00,0x01,0x51,0xF4,0x01,0xB4,0xDC,0x00,0x00,0x02,0x34,0x9E,0x01,0xB4,0xDC,0x00,0x00,
  0x01,0x47,0xF4,0x01,0xB4,0xDC,0x00,0x00,0x03,0x53,0xF4,0x01,0x52,0xDE,0x00,0x00,0x00,0x2D,0x1A,0x00,0x6E,0xDE,0x00,0x00,
  0x04,0x31,0x1A,0x00,0x8B,0xDE,0x00,0x00,0x02,0x34,0x1A,0x00,0xA8,0xDE,0x00,0x00,0x02,0x39,0xF4,0x01,0xA8,0xDE,0x00,0x00,
  0x03,0x49,0xE8,0x03,0xA8,0xDE,0x00,0x00,0x00,0x55,0xE8,0x03,0x9C,0xE0,0x00,0x00,0x02,0x39,0xF4,0x01,0x90,0xE2,0x00,0x00,
  0x02,0x39,0xF4,0x01,0x90,0xE2,0x00,0x00,0x04,0x45,0xF4,0x01,0x90,0xE2,0x00,0x00,0x01,0x51,0xF4,0x01,0x84,0xE4,0x00,0x00,
  0x02,0x39,0x9E,0x01,0x84,0xE4,0x00,0x00,0x01,0x47,0xF4,0x01,0x84,0xE4,0x00,0x00,0x03,0x53,0xF4,0x01,0x22,0xE6,0x00,0x00,
  0x00,0x2D,0x1A,0x00,0x3E,0xE6,0x00,0x00,0x04,0x31,0x1A,0x00,0x5B,0xE6,0x00,0x00,0x02,0x34,0x1A,0x00,0x78,0xE6,0x00,0x00,
  0x02,0x39,0xF4,0x01,0x78,0xE6,0x00,0x00,0x03,0x49,0xF4,0x01,0x78,0xE6,0x00,0x00,0x00,0x55,0xF4,0x01,0x6C,0xE8,0x00,0x00,
  0x02,0x39,0xF4,0x01,0x6C,0xE8,0x00,0x00,0x01,0x47,0xF4,0x01,0x6C,0xE8,0x00,0x00,0x03,0x53,0xF4,0x01,0x60,0xEA,0x00,0x00,
  0x02,0x39,0xF4,0x01,0x60,0xEA,0x00,0x00,0x04,0x45,0xF4,0x01,0x60,0xEA,0x00,0x00,0x01,0x51,0xF4,0x01,0x54,0xEC,0x00,0x00,
  0x02,0x39,0x9E,0x01,0x54,0xEC,0x00,0x00,0x03,0x44,0xF4,0x01,0x54,0xEC,0x00,0x00,0x00,0x50,0xF4,0x01,0xF2,0xED,0x00,0x00,
  0x04,0x26,0x1A,0x00,0x0E,0xEE,0x00,0x00,0x02,0x2A,0x1A,0x00,0x2B,0xEE,0x00,0x00,0x01,0x2D,0x1A,0x00,0x48,0xEE,0x00,0x00,
  0x00,0x32,0xF4,0x01,0x48,0xEE,0x00,0x00,0x01,0x42,0xF4,0x01,0x48,0xEE,0x00,0x00,0x03,0x4E,0xF4,0x01,0x3C,0xF0,0x00,0x00,
  0x00,0x32,0x9E,0x01,0x3C,0xF0,0x00,0x00,0x01,0x47,0xF4,0x01,0x3C,0xF0,0x00,0x00,0x03,0x53,0xF4,0x01,0xDA,0xF1,0x00,0x00,
  0x00,0x28,0x1A,0x00,0xF6,0xF1,0x00,0x00,0x04,0x2C,0x1A,0x00,0x13,0xF2,0x00,0x00,0x02,0x2F,0x1A,0x00,0x30,0xF2,0x00,0x00,
  0x02,0x34,0xF4,0x01,0x30,0xF2,0x00,0x00,0x03,0x44,0xF4,0x01,0x30,0xF2,0x00,0x00,0x00,0x50,0xF4,0x01,0x24,0xF4,0x00,0x00,
  0x02,0x34,0xF4,0x01,0x24,0xF4,0x00,0x00,0x04,0x40,0xF4,0x01,0x24,0xF4,0x00,0x00,0x01,0x4C,0xF4,0x01,0x18,0xF6,0x00,0x00,
  0x00,0x2D,0xE8,0x03,0x18,0xF6,0x00,0x00,0x04,0x45,0xE8,0x03,0x18,0xF6,0x00,0x00,0x01,0x51,0xE8,0x03,0x00,0xFA,0x00,0x00,
  0x00,0x55,0xFA,0x00,0xFA,0xFA,0x00,0x00,0x01,0x56,0xFA,0x00,0xF4,0xFB,0x00,0x00,0x00,0x55,0xFA,0x00,0xEE,0xFC,0x00,0x00,
  0x03,0x53,0xFA,0x00,0xE8,0xFD,0x00,0x00,0x04,0x36,0xF4,0x01,0xE8,0xFD,0x00,0x00,0x01,0x51,0xFA,0x00,0xE2,0xFE,0x00,0x00,
  0x03,0x53,0xFA,0x00,0xDC,0xFF,0x00,0x00,0x02,0x39,0xF4,0x01,0xDC,0xFF,0x00,0x00,0x01,0x3D,0xF4,0x01,0xDC,0xFF,0x00,0x00,
  0x03,0x51,0xFA,0x00,0xD6,0x00,0x01,0x00,0x00,0x50,0xFA,0x00,0xD0,0x01,0x01,0x00,0x02,0x39,0xF4,0x01,0xD0,0x01,0x01,0x00,
  0x01,0x3D,0xF4,0x01,0xD0,0x01,0x01,0x00,0x03,0x4E,0xFA,0x00,0xCA,0x02,0x01,0x00,0x03,0x51,0xFA,0x00,0xC4,0x03,0x01,0x00,
  0x02,0x39,0xF4,0x01,0xC4,0x03,0x01,0x00,0x01,0x3D,0xF4,0x01,0xC4,0x03,0x01,0x00,0x00,0x50,0xFA,0x00,0xBE,0x04,0x01,0x00,
  0x03,0x4E,0xFA,0x00,0xB8,0x05,0x01,0x00,0x01,0x38,0xF4,0x01,0xB8,0x05,0x01,0x00,0x02,0x4D,0xFA,0x00,0xB2,0x06,0x01,0x00,
  0x03,0x4E,0xFA,0x00,0xAC,0x07,0x01,0x00,0x04,0x3B,0xF4,0x01,0xAC,0x07,0x01,0x00,0x01,0x3D,0xF4,0x01,0xAC,0x07,0x01,0x00,
  0x00,0x50,0xFA,0x00,0xA6,0x08,0x01,0x00,0x02,0x4D,0xFA,0x00,0xA0,0x09,0x01,0x00,0x04,0x3B,0xF4,0x01,0xA0,0x09,0x01,0x00,
  0x01,0x3D,0xF4,0x01,0xA0,0x09,0x01,0x00,0x03,0x49,0xFA,0x00,0x9A,0x0A,0x01,0x00,0x00,0x4B,0xFA,0x00,0x94,0x0B,0x01,0x00,
  0x04,0x3B,0xF4,0x01,0x94,0x0B,0x01,0x00,0x01,0x3D,0xF4,0x01,0x94,0x0B,0x01,0x00,0x02,0x4D,0xFA,0x00,0x8E,0x0C,0x01,0x00,
  0x03,0x49,0xFA,0x00,0x88,0x0D,0x01,0x00,0x04,0x36,0xF4,0x01,0x88,0x0D,0x01,0x00,0x03,0x4E,0xFA,0x00,0x82,0x0E,0x01,0x00,
  0x02,0x4D,0xFA,0x00,0x7C,0x0F,0x01,0x00,0x02,0x39,0xF4,0x01,0x7C,0x0F,0x01,0x00,0x01,0x3D,0xF4,0x01,0x7C,0x0F,0x01,0x00,
  0x03,0x4E,0xFA,0x00,0x76,0x10,0x01,0x00,0x00,0x50,0xFA,0x00,0x70,0x11,0x01,0x00,0x02,0x39,0xF4,0x01,0x70,0x11,0x01,0x00,
  0x01,0x3D,0xF4,0x01,0x70,0x11,0x01,0x00,0x03,0x51,0xFA,0x00,0x6A,0x12,0x01,0x00,0x00,0x50,0xFA,0x00,0x64,0x13,0x01,0x00,
  0x02,0x39,0xF4,0x01,0x64,0x13,0x01,0x00,0x01,0x3D,0xF4,0x01,0x64,0x13,0x01,0x00,0x03,0x51,0xFA,0x00,0x5E,0x14,0x01,0x00,
  0x03,0x53,0xFA,0x00,0x58,0x15,0x01,0x00,0x03,0x35,0xF4,0x01,0x58,0x15,0x01,0x00,0x00,0x55,0xFA,0x00,0x52,0x16,0x01,0x00,
  0x04,0x54,0xFA,0x00,0x4C,0x17,0x01,0x00,0x01,0x38,0xF4,0x01,0x4C,0x17,0x01,0x00,0x02,0x3D,0xF4,0x01,0x4C,0x17,0x01,0x00,
  0x00,0x55,0xFA,0x00,0x46,0x18,0x01,0x00,0x04,0x54,0xFA,0x00,0x40,0x19,0x01,0x00,0x01,0x38,0xF4,0x01,0x40,0x19,0x01,0x00,
  0x02,0x3D,0xF4,0x01,0x40,0x19,0x01,0x00,0x00,0x55,0xFA,0x00,0x3A,0x1A,0x01,0x00,0x03,0x56,0xFA,0x00,0x34,0x1B,0x01,0x00,
  0x01,0x38,0xF4,0x01,0x34,0x1B,0x01,0x00,0x02,0x3D,0xF4,0x01,0x34,0x1B,0x01,0x00,0x00,0x55,0xFA,0x00,0x2E,0x1C,0x01,0x00,
  0x03,0x53,0xFA,0x00,0x28,0x1D,0x01,0x00,0x04,0x36,0xF4,0x01,0x28,0x1D,0x01,0x00,0x01,0x51,0xFA,0x00,0x22,0x1E,0x01,0x00,
  0x03,0x53,0xFA,0x00,0x1C,0x1F,0x01,0x00,0x02,0x39,0xF4,0x01,0x1C,0x1F,0x01,0x00,0x01,0x3D,0xF4,0x01,0x1C,0x1F,0x01,0x00,
  0x03,0x51,0xFA,0x00,0x16,0x20,0x01,0x00,0x00,0x50,0xFA,0x00,0x10,0x21,0x01,0x00,0x02,0x39,0xF4,0x01,0x10,0x21,0x01,0x00,
  0x01,0x3D,0xF4,0x01,0x10,0x21,0x01,0x00,0x03,0x4E,0xFA,0x00,0x0A,0x22,0x01,0x00,0x03,0x51,0xFA,0x00,0x04,0x23,0x01,0x00,
  0x02,0x39,0xF4,0x01,0x04,0x23,0x01,0x00,0x01,0x3D,0xF4,0x01,0x04,0x23,0x01,0x00,0x00,0x50,0xFA,0x00,0xFE,0x23,0x01,0x00,
  0x03,0x4E,0xFA,0x00,0xF8,0x24,0x01,0x00,0x01,0x38,0xF4,0x01,0xF8,0x24,0x01,0x00,0x02,0x4C,0xFA,0x00,0xF2,0x25,0x01,0x00,
  0x03,0x4E,0xFA,0x00,0xEC,0x26,0x01,0x00,0x01,0x3D,0xF4,0x01,0xEC,0x26,0x01,0x00,0x04,0x40,0xF4,0x01,0xEC,0x26,0x01,0x00,
  0x00,0x50,0xFA,0x00,0xE6,0x27,0x01,0x00,0x02,0x4C,0xFA,0x00,0xE0,0x28,0x01,0x00,0x01,0x3D,0xF4,0x01,0xE0,0x28,0x01,0x00,
  0x04,0x40,0xF4,0x01,0xE0,0x28,0x01,0x00,0x03,0x49,0xFA,0x00,0xDA,0x29,0x01,0x00,0x00,0x4B,0xFA,0x00,0xD4,0x2A,0x01,0x00,
  0x01,0x3D,0xF4,0x01,0xD4,0x2A,0x01,0x00,0x04,0x40,0xF4,0x01,0xD4,0x2A,0x01,0x00,0x02,0x4C,0xFA,0x00,0xCE,0x2B,0x01,0x00,
  0x03,0x49,0xFA,0x00,0xC8,0x2C,0x01,0x00,0x01,0x38,0xF4,0x01,0xC8,0x2C,0x01,0x00,0x00,0x4B,0xFA,0x00,0xC2,0x2D,0x01,0x00,
  0x02,0x4C,0xFA,0x00,0xBC,0x2E,0x01,0x00,0x03,0x3F,0xF4,0x01,0xBC,0x2E,0x01,0x00,0x01,0x42,0xF4,0x01,0xBC,0x2E,0x01,0x00,
  0x04,0x4E,0xFA,0x00,0xB6,0x2F,0x01,0x00,0x00,0x4B,0xFA,0x00,0xB0,0x30,0x01,0x00,0x03,0x3F,0xF4,0x01,0xB0,0x30,0x01,0x00,
  0x01,0x42,0xF4,0x01,0xB0,0x30,0x01,0x00,0x02,0x48,0xFA,0x00,0xAA,0x31,0x01,0x00,0x04,0x49,0xFA,0x00,0xA4,0x32,0x01,0x00,
  0x03,0x3F,0xF4,0x01,0xA4,0x32,0x01,0x00,0x01,0x42,0xF4,0x01,0xA4,0x32,0x01,0x00,0x00,0x4B,0xFA,0x00,0x9E,0x33,0x01,0x00,
  0x02,0x48,0xFA,0x00,0x98,0x34,0x01,0x00,0x01,0x3D,0xE8,0x03,0x98,0x34,0x01,0x00,0x04,0x40,0xE8,0x03,0x98,0x34,0x01,0x00,
  0x03,0x49,0xE8,0x03,0x80,0x38,0x01,0x00,0x01,0x4C,0xFA,0x00,0x7A,0x39,0x01,0x00,0x04,0x4A,0xFA,0x00,0x74,0x3A,0x01,0x00,
  0x03,0x49,0xFA,0x00,0x6E,0x3B,0x01,0x00,0x01,0x47,0xFA,0x00,0x68,0x3C,0x01,0x00,0x02,0x39,0xF4,0x01,0x68,0x3C,0x01,0x00,
  0x04,0x45,0xFA,0x00,0x62,0x3D,0x01,0x00,0x01,0x47,0xFA,0x00,0x5C,0x3E,0x01,0x00,0x01,0x3D,0xF4,0x01,0x5C,0x3E,0x01,0x00,
  0x04,0x40,0xF4,0x01,0x5C,0x3E,0x01,0x00,0x03,0x49,0xFA,0x00,0x56,0x3F,0x01,0x00,0x00,0x4A,0xFA,0x00,0x50,0x40,0x01,0x00,
  0x01,0x3D,0xF4,0x01,0x50,0x40,0x01,0x00,0x04,0x40,0xF4,0x01,0x50,0x40,0x01,0x00,0x02,0x4C,0xFA,0x00,0x4A,0x41,0x01,0x00,
  0x03,0x4E,0xFA,0x00,0x44,0x42,0x01,0x00,0x01,0x3D,0xF4,0x01,0x44,0x42,0x01,0x00,0x04,0x40,0xF4,0x01,0x44,0x42,0x01,0x00,
  0x00,0x50,0xFA,0x00,0x3E,0x43,0x01,0x00,0x02,0x51,0xFA,0x00,0x38,0x44,0x01,0x00,0x04,0x3B,0xF4,0x01,0x38,0x44,0x01,0x00,
  0x01,0x51,0xFA,0x00,0x32,0x45,0x01,0x00,0x00,0x50,0xFA,0x00,0x2C,0x46,0x01,0x00,0x02,0x3E,0xF4,0x01,0x2C,0x46,0x01,0x00,
  0x04,0x40,0xF4,0x01,0x2C,0x46,0x01,0x00,0x03,0x4E,0xFA,0x00,0x26,0x47,0x01,0x00,0x01,0x4C,0xFA,0x00,0x20,0x48,0x01,0x00,
  0x01,0x38,0xF4,0x01,0x20,0x48,0x01,0x00,0x02,0x4C,0xFA,0x00,0x1A,0x49,0x01,0x00,0x04,0x4A,0xFA,0x00,0x14,0x4A,0x01,0x00,
  0x02,0x3E,0xF4,0x01,0x14,0x4A,0x01,0x00,0x04,0x40,0xF4,0x01,0x14,0x4A,0x01,0x00,0x03,0x49,0xFA,0x00,0x0E,0x4B,0x01,0x00,
  0x01,0x47,0xFA,0x00,0x08,0x4C,0x01,0x00,0x02,0x39,0xF4,0x01,0x08,0x4C,0x01,0x00,0x04,0x45,0xFA,0x00,0x02,0x4D,0x01,0x00,
  0x01,0x47,0xFA,0x00,0xFC,0x4D,0x01,0x00,0x01,0x3D,0xF4,0x01,0xFC,0x4D,0x01,0x00,0x04,0x40,0xF4,0x01,0xFC,0x4D,0x01,0x00,
  0x03,0x49,0xFA,0x00,0xF6,0x4E,0x01,0x00,0x00,0x4A,0xFA,0x00,0xF0,0x4F,0x01,0x00,0x01,0x3D,0xF4,0x01,0xF0,0x4F,0x01,0x00,
  0x04,0x40,0xF4,0x01,0xF0,0x4F,0x01,0x00,0x02,0x4C,0xFA,0x00,0xEA,0x50,0x01,0x00,0x03,0x4E,0xFA,0x00,0xE4,0x51,0x01,0x00,
  0x01,0x3D,0xF4,0x01,0xE4,0x51,0x01,0x00,0x04,0x40,0xF4,0x01,0xE4,0x51,0x01,0x00,0x00,0x50,0xFA,0x00,0xDE,0x52,0x01,0x00,
  0x02,0x51,0xFA,0x00,0xD8,0x53,0x01,0x00,0x02,0x34,0xF4,0x01,0xD8,0x53,0x01,0x00,0x03,0x52,0xF4,0x01,0xCC,0x55,0x01,0x00,
  0x01,0x38,0xF4,0x01,0xCC,0x55,0x01,0x00,0x02,0x3E,0xF4,0x01,0xCC,0x55,0x01,0x00,0x03,0x53,0xF4,0x01,0xC0,0x57,0x01,0x00,
  0x01,0x38,0xF4,0x01,0xC0,0x57,0x01,0x00,0x02,0x3E,0xF4,0x01,0xC0,0x57,0x01,0x00,0x03,0x4C,0xFA,0x00,0xBA,0x58,0x01,0x00,
  0x04,0x4A,0xFA,0x00,0xB4,0x59,0x01,0x00,0x01,0x38,0xF4,0x01,0xB4,0x59,0x01,0x00,0x02,0x3E,0xF4,0x01,0xB4,0x59,0x01,0x00,
  0x03,0x49,0xFA,0x00,0xAE,0x5A,0x01,0x00,0x03,0x47,0xFA,0x00,0xA8,0x5B,0x01,0x00,0x02,0x39,0xF4,0x01,0xA8,0x5B,0x01,0x00,
  0x04,0x45,0xFA,0x00,0xA2,0x5C,0x01,0x00,0x01,0x47,0xFA,0x00,0x9C,0x5D,0x01,0x00,0x01,0x3D,0xF4,0x01,0x9C,0x5D,0x01,0x00,
  0x04,0x40,0xF4,0x01,0x9C,0x5D,0x01,0x00,0x03,0x49,0xFA,0x00,0x96,0x5E,0x01,0x00,0x00,0x4A,0xFA,0x00,0x90,0x5F,0x01,0x00,
  0x01,0x3D,0xF4,0x01,0x90,0x5F,0x01,0x00,0x04,0x40,0xF4,0x01,0x90,0x5F,0x01,0x00,0x02,0x4C,0xFA,0x00,0x8A,0x60,0x01,0x00,
  0x03,0x4E,0xFA,0x00,0x84,0x61,0x01,0x00,0x01,0x3D,0xF4,0x01,0x84,0x61,0x01,0x00,0x04,0x40,0xF4,0x01,0x84,0x61,0x01,0x00,
  0x00,0x50,0xFA,0x00,0x7E,0x62,0x01,0x00,0x02,0x51,0xFA,0x00,0x78,0x63,0x01,0x00,0x04,0x3B,0xF4,0x01,0x78,0x63,0x01,0x00,
  0x01,0x51,0xFA,0x00,0x72,0x64,0x01,0x00,0x00,0x50,0xFA,0x00,0x6C,0x65,0x01,0x00,0x02,0x3E,0xF4,0x01,0x6C,0x65,0x01,0x00,
  0x04,0x40,0xF4,0x01,0x6C,0x65,0x01,0x00,0x03,0x4E,0xFA,0x00,0x66,0x66,0x01,0x00,0x01,0x4C,0xFA,0x00,0x60,0x67,0x01,0x00,
  0x01,0x38,0xF4,0x01,0x60,0x67,0x01,0x00,0x02,0x4C,0xFA,0x00,0x5A,0x68,0x01,0x00,0x04,0x4A,0xFA,0x00,0x54,0x69,0x01,0x00,
  0x02,0x3E,0xF4,0x01,0x54,0x69,0x01,0x00,0x04,0x40,0xF4,0x01,0x54,0x69,0x01,0x00,0x03,0x49,0xFA,0x00,0x4E,0x6A,0x01,0x00,
  0x01,0x47,0xFA,0x00,0x48,0x6B,0x01,0x00,0x02,0x39,0xF4,0x01,0x48,0x6B,0x01,0x00,0x03,0x49,0xFA,0x00,0x42,0x6C,0x01,0x00,
  0x01,0x4C,0xFA,0x00,0x3C,0x6D,0x01,0x00,0x04,0x36,0xF4,0x01,0x3C,0x6D,0x01,0x00,0x00,0x45,0xFA,0x00,0x36,0x6E,0x01,0x00,
  0x03,0x49,0xFA,0x00,0x30,0x6F,0x01,0x00,0x00,0x32,0xF4,0x01,0x30,0x6F,0x01,0x00,0x01,0x47,0xFA,0x00,0x2A,0x70,0x01,0x00,
  0x04,0x4A,0xFA,0x00,0x24,0x71,0x01,0x00,0x02,0x34,0xF4,0x01,0x24,0x71,0x01,0x00,0x03,0x44,0xFA,0x00,0x1E,0x72,0x01,0x00,
  0x01,0x47,0xFA,0x00,0x18,0x73,0x01,0x00,0x00,0x2D,0xF4,0x01,0x18,0x73,0x01,0x00,0x04,0x45,0xE8,0x03,0x0C,0x75,0x01,0x00,
  0x02,0x39,0xF4,0x01,0x00,0x77,0x01,0x00,0x00,0x55,0xFA,0x00,0xFA,0x77,0x01,0x00,0x01,0x56,0xFA,0x00,0xF4,0x78,0x01,0x00,
  0x00,0x55,0xFA,0x00,0xEE,0x79,0x01,0x00,0x03,0x53,0xFA,0x00,0xE8,0x7A,0x01,0x00,0x04,0x36,0xF4,0x01,0xE8,0x7A,0x01,0x00,
  0x01,0x51,0xFA,0x00,0xE2,0x7B,0x01,0x00,0x03,0x53,0xFA,0x00,0xDC,0x7C,0x01,0x00,0x02,0x39,0xF4,0x01,0xDC,0x7C,0x01,0x00,
  0x01,0x3D,0xF4,0x01,0xDC,0x7C,0x01,0x00,0x03,0x51,0xFA,0x00,0xD6,0x7D,0x01,0x00,0x00,0x50,0xFA,0x00,0xD0,0x7E,0x01,0x00,
  0x02,0x39,0xF4,0x01,0xD0,0x7E,0x01,0x00,0x01,0x3D,0xF4,0x01,0xD0,0x7E,0x01,0x00,0x03,0x4E,0xFA,0x00,0xCA,0x7F,0x01,0x00,
  0x03,0x51,0xFA,0x00,0xC4,0x80,0x01,0x00,0x02,0x39,0xF4,0x01,0xC4,0x80,0x01,0x00,0x01,0x3D,0xF4,0x01,0xC4,0x80,0x01,0x00,
  0x00,0x50,0xFA,0x00,0xBE,0x81,0x01,0x00,0x03,0x4E,0xFA,0x00,0xB8,0x82,0x01,0x00,0x01,0x38,0xF4,0x01,0xB8,0x82,0x01,0x00,
  0x02,0x4D,0xFA,0x00,0xB2,0x83,0x01,0x00,0x03,0x4E,0xFA,0x00,0xAC,0x84,0x01,0x00,0x04,0x3B,0xF4,0x01,0xAC,0x84,0x01,0x00,
  0x01,0x3D,0xF4,0x01,0xAC,0x84,0x01,0x00,0x00,0x50,0xFA,0x00,0xA6,0x85,0x01,0x00,0x02,0x4D,0xFA,0x00,0xA0,0x86,0x01,0x00,
  0x04,0x3B,0xF4,0x01,0xA0,0x86,0x01,0x00,0x01,0x3D,0xF4,0x01,0xA0,0x86,0x01,0x00,0x03,0x49,0xFA,0x00,0x9A,0x87,0x01,0x00,
  0x00,0x4B,0xFA,0x00,0x94,0x88,0x01,0x00,0x04,0x3B,0xF4,0x01,0x94,0x88,0x01,0x00,0x01,0x3D,0xF4,0x01,0x94,0x88,0x01,0x00,
  0x02,0x4D,0xFA,0x00,0x8E,0x89,0x01,0x00,0x03,0x49,0xFA,0x00,0x88,0x8A,0x01,0x00,0x04,0x36,0xF4,0x01,0x88,0x8A,0x01,0x00,
  0x03,0x4E,0xFA,0x00,0x82,0x8B,0x01,0x00,0x02,0x4D,0xFA,0x00,0x7C,0x8C,0x01,0x00,0x02,0x39,0xF4,0x01,0x7C,0x8C,0x01,0x00,
  0x01,0x3D,0xF4,0x01,0x7C,0x8C,0x01,0x00,0x03,0x4E,0xFA,0x00,0x76,0x8D,0x01,0x00,0x00,0x50,0xFA,0x00,0x70,0x8E,0x01,0x00,
  0x02,0x39,0xF4,0x01,0x70,0x8E,0x01,0x00,0x01,0x3D,0xF4,0x01,0x70,0x8E,0x01,0x00,0x03,0x51,0xFA,0x00,0x6A,0x8F,0x01,0x00,
  0x00,0x50,0xFA,0x00,0x64,0x90,0x01,0x00,0x02,0x39,0xF4,0x01,0x64,0x90,0x01,0x00,0x01,0x3D,0xF4,0x01,0x64,0x90,0x01,0x00,
  0x03,0x51,0xFA,0x00,0x5E,0x91,0x01,0x00,0x03,0x53,0xFA,0x00,0x58,0x92,0x01,0x00,0x04,0x31,0xF4,0x01,0x58,0x92,0x01,0x00,
  0x00,0x55,0xFA,0x00,0x52,0x93,0x01,0x00,0x00,0x54,0xFA,0x00,0x4C,0x94,0x01,0x00,0x01,0x38,0xF4,0x01,0x4C,0x94,0x01,0x00,
  0x02,0x3D,0xF4,0x01,0x4C,0x94,0x01,0x00,0x00,0x55,0xFA,0x00,0x46,0x95,0x01,0x00,0x04,0x54,0xFA,0x00,0x40,0x96,0x01,0x00,
  0x00,0x37,0xF4,0x01,0x40,0x96,0x01,0x00,0x01,0x3D,0xF4,0x01,0x40,0x96,0x01,0x00,0x02,0x55,0xFA,0x00,0x3A,0x97,0x01,0x00,
  0x04,0x54,0xFA,0x00,0x34,0x98,0x01,0x00,0x04,0x36,0xF4,0x01,0x34,0x98,0x01,0x00,0x01,0x3D,0xF4,0x01,0x34,0x98,0x01,0x00,
  0x00,0x55,0xFA,0x00,0x2E,0x99,0x01,0x00,0x02,0x52,0xFA,0x00,0x28,0x9A,0x01,0x00,0x02,0x2F,0xF4,0x01,0x28,0x9A,0x01,0x00,
  0x01,0x56,0xFA,0x00,0x22,0x9B,0x01,0x00,0x00,0x55,0xFA,0x00,0x1C,0x9C,0x01,0x00,0x04,0x36,0xF4,0x01,0x1C,0x9C,0x01,0x00,
  0x00,0x3B,0xF4,0x01,0x1C,0x9C,0x01,0x00,0x01,0x56,0xFA,0x00,0x16,0x9D,0x01,0x00,0x01,0x55,0xFA,0x00,0x10,0x9E,0x01,0x00,
  0x04,0x36,0xF4,0x01,0x10,0x9E,0x01,0x00,0x00,0x3B,0xF4,0x01,0x10,0x9E,0x01,0x00,0x01,0x56,0xFA,0x00,0x0A,0x9F,0x01,0x00,
  0x01,0x55,0xFA,0x00,0x04,0xA0,0x01,0x00,0x04,0x36,0xF4,0x01,0x04,0xA0,0x01,0x00,0x00,0x3B,0xF4,0x01,0x04,0xA0,0x01,0x00,
  0x01,0x56,0xFA,0x00,0xFE,0xA0,0x01,0x00,0x01,0x55,0xFA,0x00,0xF8,0xA1,0x01,0x00,0x02,0x2F,0xF4,0x01,0xF8,0xA1,0x01,0x00,
  0x01,0x56,0xFA,0x00,0xF2,0xA2,0x01,0x00,0x00,0x55,0xFA,0x00,0xEC,0xA3,0x01,0x00,0x01,0x38,0xF4,0x01,0xEC,0xA3,0x01,0x00,
  0x04,0x3B,0xF4,0x01,0xEC,0xA3,0x01,0x00,0x03,0x53,0xFA,0x00,0xE6,0xA4,0x01,0x00,0x02,0x51,0xFA,0x00,0xE0,0xA5,0x01,0x00,
  0x01,0x38,0xF4,0x01,0xE0,0xA5,0x01,0x00,0x04,0x3B,0xF4,0x01,0xE0,0xA5,0x01,0x00,0x00,0x50,0xFA,0x00,0xDA,0xA6,0x01,0x00,
  0x02,0x51,0xFA,0x00,0xD4,0xA7,0x01,0x00,0x01,0x38,0xF4,0x01,0xD4,0xA7,0x01,0x00,0x04,0x3B,0xF4,0x01,0xD4,0xA7,0x01,0x00,
  0x03,0x53,0xFA,0x00,0xCE,0xA8,0x01,0x00,0x00,0x50,0xFA,0x00,0xC8,0xA9,0x01,0x00,0x04,0x31,0xF4,0x01,0xC8,0xA9,0x01,0x00,
  0x01,0x51,0xFA,0x00,0xC2,0xAA,0x01,0x00,0x03,0x53,0xFA,0x00,0xBC,0xAB,0x01,0x00,0x04,0x36,0xF4,0x01,0xBC,0xAB,0x01,0x00,
  0x02,0x39,0xF4,0x01,0xBC,0xAB,0x01,0x00,0x00,0x55,0xFA,0x00,0xB6,0xAC,0x01,0x00,0x03,0x4E,0xFA,0x00,0xB0,0xAD,0x01,0x00,
  0x04,0x31,0xF4,0x01,0xB0,0xAD,0x01,0x00,0x02,0x4D,0xFA,0x00,0xAA,0xAE,0x01,0x00,0x03,0x4E,0xFA,0x00,0xA4,0xAF,0x01,0x00,
  0x01,0x38,0xF4,0x01,0xA4,0xAF,0x01,0x00,0x04,0x3B,0xF4,0x01,0xA4,0xAF,0x01,0x00,0x00,0x50,0xFA,0x00,0x9E,0xB0,0x01,0x00,
  0x02,0x4D,0xFA,0x00,0x98,0xB1,0x01,0x00,0x04,0x36,0x92,0x03,0x98,0xB1,0x01,0x00,0x02,0x39,0x92,0x03,0x98,0xB1,0x01,0x00,
  0x03,0x4E,0xE8,0x03,0x80,0xB5,0x01,0x00,0x04,0x45,0xF4,0x01,0x80,0xB5,0x01,0x00,0x01,0x51,0xF4,0x01,0x74,0xB7,0x01,0x00,
  0x01,0x47,0xF4,0x01,0x74,0xB7,0x01,0x00,0x03,0x53,0xF4,0x01,0x12,0xB9,0x01,0x00,0x00,0x2D,0x1A,0x00,0x2E,0xB9,0x01,0x00,
  0x04,0x31,0x1A,0x00,0x4B,0xB9,0x01,0x00,0x02,0x34,0x1A,0x00,0x68,0xB9,0x01,0x00,0x02,0x39,0xF4,0x01,0x68,0xB9,0x01,0x00,
  0x03,0x49,0xE8,0x03,0x68,0xB9,0x01,0x00,0x00,0x55,0xE8,0x03,0x5C,0xBB,0x01,0x00,0x02,0x39,0xF4,0x01,0x50,0xBD,0x01,0x00,
  0x02,0x39,0xF4,0x01,0x50,0xBD,0x01,0x00,0x04,0x45,0xF4,0x01,0x50,0xBD,0x01,0x00,0x01,0x51,0xF4,0x01,0x44,0xBF,0x01,0x00,
  0x02,0x39,0x9E,0x01,0x44,0xBF,0x01,0x00,0x01,0x47,0xF4,0x01,0x44,0xBF,0x01,0x00,0x03,0x53,0xF4,0x01,0xE2,0xC0,0x01,0x00,
  0x00,0x2D,0x1A,0x00,0xFE,0xC0,0x01,0x00,0x04,0x31,0x1A,0x00,0x1B,0xC1,0x01,0x00,0x02,0x34,0x1A,0x00,0x38,0xC1,0x01,0x00,
  0x02,0x39,0xF4,0x01,0x38,0xC1,0x01,0x00,0x03,0x49,0xF4,0x01,0x38,0xC1,0x01,0x00,0x00,0x55,0xF4,0x01,0x2C,0xC3,0x01,0x00,
  0x02,0x39,0xF4,0x01,0x2C,0xC3,0x01,0x00,0x01,0x47,0xF4,0x01,0x2C,0xC3,0x01,0x00,0x03,0x53,0xF4,0x01,0x20,0xC5,0x01,0x00,
  0x02,0x39,0xF4,0x01,0x20,0xC5,0x01,0x00,0x04,0x45,0xF4,0x01,0x20,0xC5,0x01,0x00,0x01,0x51,0xF4,0x01,0x14,0xC7,0x01,0x00,
  0x02,0x39,0x9E,0x01,0x14,0xC7,0x01,0x00,0x03,0x44,0xF4,0x01,0x14,0xC7,0x01,0x00,0x00,0x50,0xF4,0x01,0xB2,0xC8,0x01,0x00,
  0x04,0x26,0x1A,0x00,0xCE,0xC8,0x01,0x00,0x02,0x2A,0x1A,0x00,0xEB,0xC8,0x01,0x00,0x01,0x2D,0x1A,0x00,0x08,0xC9,0x01,0x00,
  0x00,0x32,0xF4,0x01,0x08,0xC9,0x01,0x00,0x01,0x42,0xF4,0x01,0x08,0xC9,0x01,0x00,0x03,0x4E,0xF4,0x01,0xFC,0xCA,0x01,0x00,
  0x00,0x32,0x9E,0x01,0xFC,0xCA,0x01,0x00,0x03,0x44,0xF4,0x01,0xFC,0xCA,0x01,0x00,0x01,0x50,0xF4,0x01,0x9A,0xCC,0x01,0x00,
  0x04,0x27,0x1A,0x00,0xB6,0xCC,0x01,0x00,0x02,0x2A,0x1A,0x00,0xD3,0xCC,0x01,0x00,0x00,0x2D,0x1A,0x00,0xF0,0xCC,0x01,0x00,
  0x01,0x33,0xF4,0x01,0xF0,0xCC,0x01,0x00,0x04,0x45,0xF4,0x01,0xF0,0xCC,0x01,0x00,0x02,0x51,0xF4,0x01,0xE4,0xCE,0x01,0x00,
  0x01,0x33,0x9E,0x01,0xE4,0xCE,0x01,0x00,0x02,0x47,0xF4,0x01,0xE4,0xCE,0x01,0x00,0x03,0x53,0xF4,0x01,0x82,0xD0,0x01,0x00,
  0x00,0x28,0x1A,0x00,0x9E,0xD0,0x01,0x00,0x04,0x2C,0x1A,0x00,0xBB,0xD0,0x01,0x00,0x04,0x2F,0x1A,0x00,0xD8,0xD0,0x01,0x00,
  0x02,0x34,0xF4,0x01,0xD8,0xD0,0x01,0x00,0x03,0x44,0xF4,0x01,0xD8,0xD0,0x01,0x00,0x00,0x50,0xF4,0x01,0xCC,0xD2,0x01,0x00,
  0x02,0x34,0xF4,0x01,0xCC,0xD2,0x01,0x00,0x04,0x40,0xF4,0x01,0xCC,0xD2,0x01,0x00,0x01,0x4C,0xF4,0x01,0xC0,0xD4,0x01,0x00,
  0x02,0x34,0xF4,0x01,0xC0,0xD4,0x01,0x00,0x04,0x45,0xF4,0x01,0xC0,0xD4,0x01,0x00,0x01,0x51,0xF4,0x01,0xB4,0xD6,0x01,0x00,
  0x02,0x34,0x9E,0x01,0xB4,0xD6,0x01,0x00,0x01,0x47,0xF4,0x01,0xB4,0xD6,0x01,0x00,0x03,0x53,0xF4,0x01,0x52,0xD8,0x01,0x00,
  0x00,0x2D,0x1A,0x00,0x6E,0xD8,0x01,0x00,0x04,0x31,0x1A,0x00,0x8B,0xD8,0x01,0x00,0x02,0x34,0x1A,0x00,0xA8,0xD8,0x01,0x00,
  0x02,0x39,0xF4,0x01,0xA8,0xD8,0x01,0x00,0x03,0x49,0xE8,0x03,0xA8,0xD8,0x01,0x00,0x00,0x55,0xE8,0x03,0x9C,0xDA,0x01,0x00,
  0x02,0x39,0xF4,0x01,0x90,0xDC,0x01,0x00,0x02,0x39,0xF4,0x01,0x90,0xDC,0x01,0x00,0x04,0x45,0xF4,0x01,0x90,0xDC,0x01,0x00,
  0x01,0x51,0xF4,0x01,0x84,0xDE,0x01,0x00,0x02,0x39,0x9E,0x01,0x84,0xDE,0x01,0x00,0x01,0x47,0xF4,0x01,0x84,0xDE,0x01,0x00,
  0x03,0x53,0xF4,0x01,0x22,0xE0,0x01,0x00,0x00,0x2D,0x1A,0x00,0x3E,0xE0,0x01,0x00,0x04,0x31,0x1A,0x00,0x5B,0xE0,0x01,0x00,
  0x02,0x34,0x1A,0x00,0x78,0xE0,0x01,0x00,0x02,0x39,0xF4,0x01,0x78,0xE0,0x01,0x00,0x03,0x49,0xF4,0x01,0x78,0xE0,0x01,0x00,
  0x00,0x55,0xF4,0x01,0x6C,0xE2,0x01,0x00,0x02,0x39,0xF4,0x01,0x6C,0xE2,0x01,0x00,0x01,0x47,0xF4,0x01,0x6C,0xE2,0x01,0x00,
  0x03,0x53,0xF4,0x01,0x60,0xE4,0x01,0x00,0x02,0x39,0xF4,0x01,0x60,0xE4,0x01,0x00,0x04,0x45,0xF4,0x01,0x60,0xE4,0x01,0x00,
  0x01,0x51,0xF4,0x01,0x54,0xE6,0x01,0x00,0x02,0x39,0x9E,0x01,0x54,0xE6,0x01,0x00,0x03,0x44,0xF4,0x01,0x54,0xE6,0x01,0x00,
  0x00,0x50,0xF4,0x01,0xF2,0xE7,0x01,0x00,0x04,0x26,0x1A,0x00,0x0E,0xE8,0x01,0x00,0x02,0x2A,0x1A,0x00,0x2B,0xE8,0x01,0x00,
  0x01,0x2D,0x1A,0x00,0x48,0xE8,0x01,0x00,0x00,0x32,0xF4,0x01,0x48,0xE8,0x01,0x00,0x01,0x42,0xF4,0x01,0x48,0xE8,0x01,0x00,
  0x03,0x4E,0xF4,0x01,0x3C,0xEA,0x01,0x00,0x00,0x32,0x9E,0x01,0x3C,0xEA,0x01,0x00,0x01,0x47,0xF4,0x01,0x3C,0xEA,0x01,0x00,
  0x03,0x53,0xF4,0x01,0xDA,0xEB,0x01,0x00,0x00,0x28,0x1A,0x00,0xF6,0xEB,0x01,0x00,0x04,0x2C,0x1A,0x00,0x13,0xEC,0x01,0x00,
  0x02,0x2F,0x1A,0x00,0x30,0xEC,0x01,0x00,0x02,0x34,0xF4,0x01,0x30,0xEC,0x01,0x00,0x03,0x44,0xF4,0x01,0x30,0xEC,0x01,0x00,
  0x00,0x50,0xF4,0x01,0x24,0xEE,0x01,0x00,0x02,0x34,0xF4,0x01,0x24,0xEE,0x01,0x00,0x04,0x40,0xF4,0x01,0x24,0xEE,0x01,0x00,
  0x01,0x4C,0xF4,0x01,0x18,0xF0,0x01,0x00,0x00,0x2D,0xE8,0x03,0x18,0xF0,0x01,0x00,0x04,0x45,0xE8,0x03,0x18,0xF0,0x01,0x00,
  0x01,0x51,0xE8,0x03,0x00,0xF4,0x01,0x00,0x01,0x47,0xFA,0x00,0xFA,0xF4,0x01,0x00,0x04,0x45,0xFA,0x00,0xF4,0xF5,0x01,0x00,
  0x03,0x44,0xFA,0x00,0xEE,0xF6,0x01,0x00,0x04,0x45,0xFA,0x00,0xE8,0xF7,0x01,0x00,0x02,0x39,0xF4,0x01,0xE8,0xF7,0x01,0x00,
  0x03,0x48,0xF4,0x01,0xDC,0xF9,0x01,0x00,0x00,0x3C,0xF4,0x01,0xDC,0xF9,0x01,0x00,0x04,0x40,0xF4,0x01,0xD0,0xFB,0x01,0x00,
  0x00,0x3C,0xF4,0x01,0xD0,0xFB,0x01,0x00,0x04,0x40,0xF4,0x01,0xD0,0xFB,0x01,0x00,0x01,0x4A,0xFA,0x00,0xCA,0xFC,0x01,0x00,
  0x02,0x48,0xFA,0x00,0xC4,0xFD,0x01,0x00,0x00,0x3C,0xF4,0x01,0xC4,0xFD,0x01,0x00,0x04,0x40,0xF4,0x01,0xC4,0xFD,0x01,0x00,
  0x01,0x47,0xFA,0x00,0xBE,0xFE,0x01,0x00,0x02,0x48,0xFA,0x00,0xB8,0xFF,0x01,0x00,0x02,0x39,0xF4,0x01,0xB8,0xFF,0x01,0x00,
  0x01,0x4C,0xF4,0x01,0xAC,0x01,0x02,0x00,0x00,0x3C,0xF4,0x01,0xAC,0x01,0x02,0x00,0x04,0x40,0xF4,0x01,0xA0,0x03,0x02,0x00,
  0x00,0x3C,0xF4,0x01,0xA0,0x03,0x02,0x00,0x04,0x40,0xF4,0x01,0xA0,0x03,0x02,0x00,0x02,0x4D,0xFA,0x00,0x9A,0x04,0x02,0x00,
  0x01,0x4C,0xFA,0x00,0x94,0x05,0x02,0x00,0x00,0x3C,0xF4,0x01,0x94,0x05,0x02,0x00,0x04,0x40,0xF4,0x01,0x94,0x05,0x02,0x00,
  0x01,0x4B,0xFA,0x00,0x8E,0x06,0x02,0x00,0x01,0x4C,0xFA,0x00,0x88,0x07,0x02,0x00,0x02,0x39,0xF4,0x01,0x88,0x07,0x02,0x00,
  0x03,0x53,0xFA,0x00,0x82,0x08,0x02,0x00,0x01,0x51,0xFA,0x00,0x7C,0x09,0x02,0x00,0x00,0x3C,0xF4,0x01,0x7C,0x09,0x02,0x00,
  0x04,0x40,0xF4,0x01,0x7C,0x09,0x02,0x00,0x01,0x50,0xFA,0x00,0x76,0x0A,0x02,0x00,0x01,0x51,0xFA,0x00,0x70,0x0B,0x02,0x00,
  0x02,0x39,0xF4,0x01,0x70,0x0B,0x02,0x00,0x03,0x53,0xFA,0x00,0x6A,0x0C,0x02,0x00,0x01,0x51,0xFA,0x00,0x64,0x0D,0x02,0x00,
  0x00,0x3C,0xF4,0x01,0x64,0x0D,0x02,0x00,0x04,0x40,0xF4,0x01,0x64,0x0D,0x02,0x00,0x01,0x50,0xFA,0x00,0x5E,0x0E,0x02,0x00,
  0x01,0x51,0xFA,0x00,0x58,0x0F,0x02,0x00,0x02,0x39,0xF4,0x01,0x58,0x0F,0x02,0x00,0x04,0x54,0xE8,0x03,0x4C,0x11,0x02,0x00,
  0x00,0x3C,0xF4,0x01,0x4C,0x11,0x02,0x00,0x01,0x40,0xF4,0x01,0x40,0x13,0x02,0x00,0x00,0x3C,0xF4,0x01,0x40,0x13,0x02,0x00,
  0x04,0x40,0xF4,0x01,0x40,0x13,0x02,0x00,0x01,0x51,0xF4,0x01,0x34,0x15,0x02,0x00,0x00,0x3C,0xF4,0x01,0x34,0x15,0x02,0x00,
  0x04,0x40,0xF4,0x01,0x34,0x15,0x02,0x00,0x01,0x54,0xBA,0x01,0xEE,0x16,0x02,0x00,0x01,0x4F,0x1A,0x00,0x0B,0x17,0x02,0x00,
  0x01,0x51,0x1A,0x00,0x28,0x17,0x02,0x00,0x02,0x34,0xF4,0x01,0x28,0x17,0x02,0x00,0x03,0x53,0xF4,0x01,0x1C,0x19,0x02,0x00,
  0x04,0x3B,0xF4,0x01,0x1C,0x19,0x02,0x00,0x00,0x40,0xF4,0x01,0x1C,0x19,0x02,0x00,0x03,0x4E,0xF4,0x01,0x1C,0x19,0x02,0x00,
  0x01,0x51,0xF4,0x01,0x10,0x1B,0x02,0x00,0x04,0x3B,0xF4,0x01,0x10,0x1B,0x02,0x00,0x00,0x40,0xF4,0x01,0x10,0x1B,0x02,0x00,
  0x01,0x4C,0xF4,0x01,0x10,0x1B,0x02,0x00,0x02,0x4F,0xF4,0x01,0x04,0x1D,0x02,0x00,0x04,0x3B,0xF4,0x01,0x04,0x1D,0x02,0x00,
  0x00,0x40,0xF4,0x01,0x04,0x1D,0x02,0x00,0x03,0x4E,0xBA,0x01,0x04,0x1D,0x02,0x00,0x01,0x51,0xBA,0x01,0xBE,0x1E,0x02,0x00,
  0x01,0x4F,0x1A,0x00,0xDB,0x1E,0x02,0x00,0x01,0x51,0x1A,0x00,0xF8,0x1E,0x02,0x00,0x02,0x34,0xF4,0x01,0xF8,0x1E,0x02,0x00,
  0x03,0x53,0xF4,0x01,0xEC,0x20,0x02,0x00,0x04,0x3B,0xF4,0x01,0xEC,0x20,0x02,0x00,0x00,0x40,0xF4,0x01,0xEC,0x20,0x02,0x00,
  0x03,0x4E,0xF4,0x01,0xEC,0x20,0x02,0x00,0x01,0x51,0xF4,0x01,0xE0,0x22,0x02,0x00,0x04,0x3B,0xF4,0x01,0xE0,0x22,0x02,0x00,
  0x00,0x40,0xF4,0x01,0xE0,0x22,0x02,0x00,0x01,0x4C,0xF4,0x01,0xE0,0x22,0x02,0x00,0x02,0x4F,0xF4,0x01,0xD4,0x24,0x02,0x00,
  0x04,0x3B,0xF4,0x01,0xD4,0x24,0x02,0x00,0x00,0x40,0xF4,0x01,0xD4,0x24,0x02,0x00,0x03,0x4E,0xBA,0x01,0xD4,0x24,0x02,0x00,
  0x01,0x51,0xBA,0x01,0x8E,0x26,0x02,0x00,0x01,0x4F,0x1A,0x00,0xAB,0x26,0x02,0x00,0x01,0x51,0x1A,0x00,0xC8,0x26,0x02,0x00,
  0x02,0x34,0xF4,0x01,0xC8,0x26,0x02,0x00,0x03,0x53,0xF4,0x01,0xBC,0x28,0x02,0x00,0x04,0x3B,0xF4,0x01,0xBC,0x28,0x02,0x00,
  0x00,0x40,0xF4,0x01,0xBC,0x28,0x02,0x00,0x03,0x4E,0xF4,0x01,0xBC,0x28,0x02,0x00,0x01,0x51,0xF4,0x01,0xB0,0x2A,0x02,0x00,
  0x02,0x2F,0xF4,0x01,0xB0,0x2A,0x02,0x00,0x01,0x4C,0xF4,0x01,0xB0,0x2A,0x02,0x00,0x04,0x4F,0xF4,0x01,0xA4,0x2C,0x02,0x00,
  0x04,0x3B,0xF4,0x01,0xA4,0x2C,0x02,0x00,0x00,0x4B,0xF4,0x01,0xA4,0x2C,0x02,0x00,0x03,0x4E,0xF4,0x01,0x98,0x2E,0x02,0x00,
  0x02,0x34,0xE8,0x03,0x98,0x2E,0x02,0x00,0x01,0x4C,0xE8,0x03,0x80,0x32,0x02,0x00,0x02,0x48,0xF4,0x01,0x80,0x32,0x02,0x00,
  0x01,0x4C,0xF4,0x01,0x74,0x34,0x02,0x00,0x04,0x4A,0xF4,0x01,0x74,0x34,0x02,0x00,0x02,0x4D,0xF4,0x01,0x68,0x36,0x02,0x00,
  0x03,0x30,0xF4,0x01,0x68,0x36,0x02,0x00,0x01,0x4C,0xF4,0x01,0x68,0x36,0x02,0x00,0x04,0x4F,0xF4,0x01,0x5C,0x38,0x02,0x00,
  0x00,0x3C,0xF4,0x01,0x5C,0x38,0x02,0x00,0x01,0x4C,0xF4,0x01,0x5C,0x38,0x02,0x00,0x04,0x4F,0xF4,0x01,0x50,0x3A,0x02,0x00,
  0x02,0x34,0xF4,0x01,0x50,0x3A,0x02,0x00,0x01,0x51,0xFA,0x00,0x4A,0x3B,0x02,0x00,0x04,0x4F,0xFA,0x00,0x44,0x3C,0x02,0x00,
  0x04,0x40,0xF4,0x01,0x44,0x3C,0x02,0x00,0x02,0x4D,0xFA,0x00,0x3E,0x3D,0x02,0x00,0x01,0x4C,0xFA,0x00,0x38,0x3E,0x02,0x00,
  0x00,0x37,0xE8,0x03,0x38,0x3E,0x02,0x00,0x01,0x47,0xF4,0x01,0x38,0x3E,0x02,0x00,0x04,0x4A,0xE8,0x03,0x2C,0x40,0x02,0x00,
  0x02,0x43,0xF4,0x01,0x20,0x42,0x02,0x00,0x02,0x48,0xF4,0x01,0x20,0x42,0x02,0x00,0x01,0x4C,0xF4,0x01,0x14,0x44,0x02,0x00,
  0x04,0x4A,0xF4,0x01,0x14,0x44,0x02,0x00,0x02,0x4D,0xF4,0x01,0x08,0x46,0x02,0x00,0x03,0x30,0xF4,0x01,0x08,0x46,0x02,0x00,
  0x01,0x4C,0xF4,0x01,0x08,0x46,0x02,0x00,0x04,0x4F,0xF4,0x01,0xFC,0x47,0x02,0x00,0x00,0x3C,0xF4,0x01,0xFC,0x47,0x02,0x00,
  0x01,0x4C,0xF4,0x01,0xFC,0x47,0x02,0x00,0x04,0x4F,0xF4,0x01,0xF0,0x49,0x02,0x00,0x02,0x34,0xF4,0x01,0xF0,0x49,0x02,0x00,
  0x01,0x51,0xFA,0x00,0xEA,0x4A,0x02,0x00,0x04,0x4F,0xFA,0x00,0xE4,0x4B,0x02,0x00,0x04,0x40,0xF4,0x01,0xE4,0x4B,0x02,0x00,
  0x02,0x4D,0xFA,0x00,0xDE,0x4C,0x02,0x00,0x01,0x4C,0xFA,0x00,0xD8,0x4D,0x02,0x00,0x00,0x37,0xE8,0x03,0xD8,0x4D,0x02,0x00,
  0x01,0x47,0xE8,0x03,0xD8,0x4D,0x02,0x00,0x04,0x4A,0xE8,0x03,0xC0,0x51,0x02,0x00,0x04,0x45,0xF4,0x01,0xC0,0x51,0x02,0x00,
  0x02,0x48,0xF4,0x01,0xB4,0x53,0x02,0x00,0x01,0x47,0xF4,0x01,0xB4,0x53,0x02,0x00,0x04,0x4A,0xF4,0x01,0xA8,0x55,0x02,0x00,
  0x00,0x2D,0xF4,0x01,0xA8,0x55,0x02,0x00,0x02,0x48,0xF4,0x01,0xA8,0x55,0x02,0x00,0x01,0x4C,0xF4,0x01,0x9C,0x57,0x02,0x00,
  0x02,0x39,0xF4,0x01,0x9C,0x57,0x02,0x00,0x03,0x48,0xF4,0x01,0x9C,0x57,0x02,0x00,0x01,0x4C,0xF4,0x01,0x90,0x59,0x02,0x00,
  0x03,0x30,0xF4,0x01,0x90,0x59,0x02,0x00,0x02,0x4D,0xFA,0x00,0x8A,0x5A,0x02,0x00,0x01,0x4C,0xFA,0x00,0x84,0x5B,0x02,0x00,
  0x00,0x3C,0xF4,0x01,0x84,0x5B,0x02,0x00,0x04,0x4A,0xFA,0x00,0x7E,0x5C,0x02,0x00,0x02,0x48,0xFA,0x00,0x78,0x5D,0x02,0x00,
  0x02,0x34,0xE8,0x03,0x78,0x5D,0x02,0x00,0x03,0x44,0xF4,0x01,0x78,0x5D,0x02,0x00,0x01,0x47,0xE8,0x03,0x6C,0x5F,0x02,0x00,
  0x04,0x40,0xF4,0x01,0x60,0x61,0x02,0x00,0x04,0x45,0xF4,0x01,0x60,0x61,0x02,0x00,0x02,0x48,0xF4,0x01,0x54,0x63,0x02,0x00,
  0x01,0x47,0xF4,0x01,0x54,0x63,0x02,0x00,0x04,0x4A,0xF4,0x01,0x48,0x65,0x02,0x00,0x00,0x2D,0xF4,0x01,0x48,0x65,0x02,0x00,
  0x02,0x48,0xF4,0x01,0x48,0x65,0x02,0x00,0x01,0x4C,0xF4,0x01,0x3C,0x67,0x02,0x00,0x02,0x39,0xF4,0x01,0x3C,0x67,0x02,0x00,
  0x03,0x48,0xF4,0x01,0x3C,0x67,0x02,0x00,0x01,0x4C,0xF4,0x01,0x30,0x69,0x02,0x00,0x03,0x30,0xF4,0x01,0x30,0x69,0x02,0x00,
  0x02,0x4D,0xFA,0x00,0x2A,0x6A,0x02,0x00,0x01,0x4C,0xFA,0x00,0x24,0x6B,0x02,0x00,0x00,0x3C,0xF4,0x01,0x24,0x6B,0x02,0x00,
  0x04,0x4A,0xFA,0x00,0x1E,0x6C,0x02,0x00,0x02,0x48,0xFA,0x00,0x18,0x6D,0x02,0x00,0x02,0x34,0xE8,0x03,0x18,0x6D,0x02,0x00,
  0x03,0x44,0xE8,0x03,0x18,0x6D,0x02,0x00,0x01,0x47,0xE8,0x03,0x00,0x71,0x02,0x00,0x01,0x47,0xFA,0x00,0xFA,0x71,0x02,0x00,
  0x04,0x45,0xFA,0x00,0xF4,0x72,0x02,0x00,0x03,0x44,0xFA,0x00,0xEE,0x73,0x02,0x00,0x04,0x45,0xFA,0x00,0xE8,0x74,0x02,0x00,
  0x02,0x39,0xF4,0x01,0xE8,0x74,0x02,0x00,0x03,0x48,0xF4,0x01,0xDC,0x76,0x02,0x00,0x00,0x3C,0xF4,0x01,0xDC,0x76,0x02,0x00,
  0x04,0x40,0xF4,0x01,0xD0,0x78,0x02,0x00,0x00,0x3C,0xF4,0x01,0xD0,0x78,0x02,0x00,0x04,0x40,0xF4,0x01,0xD0,0x78,0x02,0x00,
  0x01,0x4A,0xFA,0x00,0xCA,0x79,0x02,0x00,0x02,0x48,0xFA,0x00,0xC4,0x7A,0x02,0x00,0x00,0x3C,0xF4,0x01,0xC4,0x7A,0x02,0x00,
  0x04,0x40,0xF4,0x01,0xC4,0x7A,0x02,0x00,0x01,0x47,0xFA,0x00,0xBE,0x7B,0x02,0x00,0x02,0x48,0xFA,0x00,0xB8,0x7C,0x02,0x00,
  0x02,0x39,0xF4,0x01,0xB8,0x7C,0x02,0x00,0x01,0x4C,0xF4,0x01,0xAC,0x7E,0x02,0x00,0x00,0x3C,0xF4,0x01,0xAC,0x7E,0x02,0x00,
  0x04,0x40,0xF4,0x01,0xA0,0x80,0x02,0x00,0x00,0x3C,0xF4,0x01,0xA0,0x80,0x02,0x00,0x04,0x40,0xF4,0x01,0xA0,0x80,0x02,0x00,
  0x02,0x4D,0xFA,0x00,0x9A,0x81,0x02,0x00,0x01,0x4C,0xFA,0x00,0x94,0x82,0x02,0x00,0x00,0x3C,0xF4,0x01,0x94,0x82,0x02,0x00,
  0x04,0x40,0xF4,0x01,0x94,0x82,0x02,0x00,0x01,0x4B,0xFA,0x00,0x8E,0x83,0x02,0x00,0x01,0x4C,0xFA,0x00,0x88,0x84,0x02,0x00,
  0x02,0x39,0xF4,0x01,0x88,0x84,0x02,0x00,0x03,0x53,0xFA,0x00,0x82,0x85,0x02,0x00,0x01,0x51,0xFA,0x00,0x7C,0x86,0x02,0x00,
  0x00,0x3C,0xF4,0x01,0x7C,0x86,0x02,0x00,0x04,0x40,0xF4,0x01,0x7C,0x86,0x02,0x00,0x01,0x50,0xFA,0x00,0x76,0x87,0x02,0x00,
  0x01,0x51,0xFA,0x00,0x70,0x88,0x02,0x00,0x02,0x39,0xF4,0x01,0x70,0x88,0x02,0x00,0x03,0x53,0xFA,0x00,0x6A,0x89,0x02,0x00,
  0x01,0x51,0xFA,0x00,0x64,0x8A,0x02,0x00,0x00,0x3C,0xF4,0x01,0x64,0x8A,0x02,0x00,0x04,0x40,0xF4,0x01,0x64,0x8A,0x02,0x00,
  0x01,0x50,0xFA,0x00,0x5E,0x8B,0x02,0x00,0x01,0x51,0xFA,0x00,0x58,0x8C,0x02,0x00,0x03,0x35,0xF4,0x01,0x58,0x8C,0x02,0x00,
  0x04,0x54,0xF4,0x01,0x4C,0x8E,0x02,0x00,0x02,0x39,0xF4,0x01,0x4C,0x8E,0x02,0x00,0x03,0x3F,0xF4,0x01,0x40,0x90,0x02,0x00,
  0x02,0x39,0xF4,0x01,0x40,0x90,0x02,0x00,0x03,0x3F,0xF4,0x01,0x40,0x90,0x02,0x00,0x01,0x51,0xF4,0x01,0x34,0x92,0x02,0x00,
  0x02,0x39,0xF4,0x01,0x34,0x92,0x02,0x00,0x03,0x3F,0xF4,0x01,0x34,0x92,0x02,0x00,0x04,0x53,0xF4,0x01,0x28,0x94,0x02,0x00,
  0x02,0x34,0xF4,0x01,0x28,0x94,0x02,0x00,0x04,0x54,0xF4,0x01,0x1C,0x96,0x02,0x00,0x02,0x39,0xF4,0x01,0x1C,0x96,0x02,0x00,
  0x04,0x40,0xF4,0x01,0x1C,0x96,0x02,0x00,0x03,0x53,0xF4,0x01,0x10,0x98,0x02,0x00,0x00,0x32,0xF4,0x01,0x10,0x98,0x02,0x00,
  0x01,0x51,0xF4,0x01,0x04,0x9A,0x02,0x00,0x03,0x35,0xF4,0x01,0x04,0x9A,0x02,0x00,0x04,0x3B,0xF4,0x01,0x04,0x9A,0x02,0x00,
  0x00,0x50,0xF4,0x01,0xF8,0x9B,0x02,0x00,0x03,0x30,0xF4,0x01,0xF8,0x9B,0x02,0x00,0x01,0x51,0xF4,0x01,0xEC,0x9D,0x02,0x00,
  0x02,0x34,0xF4,0x01,0xEC,0x9D,0x02,0x00,0x03,0x39,0xF4,0x01,0xEC,0x9D,0x02,0x00,0x01,0x4C,0xF4,0x01,0xE0,0x9F,0x02,0x00,
  0x00,0x32,0xF4,0x01,0xE0,0x9F,0x02,0x00,0x02,0x4D,0xF4,0x01,0xD4,0xA1,0x02,0x00,0x03,0x35,0xF4,0x01,0xD4,0xA1,0x02,0x00,
  0x04,0x3B,0xF4,0x01,0xD4,0xA1,0x02,0x00,0x00,0x4A,0xF4,0x01,0xC8,0xA3,0x02,0x00,0x02,0x34,0xF4,0x01,0xC8,0xA3,0x02,0x00,
  0x03,0x39,0xF4,0x01,0xC8,0xA3,0x02,0x00,0x04,0x48,0xE8,0x03,0xBC,0xA5,0x02,0x00,0x02,0x34,0xF4,0x01,0xBC,0xA5,0x02,0x00,
  0x03,0x39,0xF4,0x01,0xB0,0xA7,0x02,0x00,0x02,0x34,0xF4,0x01,0xB0,0xA7,0x02,0x00,0x01,0x38,0xF4,0x01,0xB0,0xA7,0x02,0x00,
  0x03,0x47,0xEE,0x02,0xA4,0xA9,0x02,0x00,0x02,0x34,0xF4,0x01,0xA4,0xA9,0x02,0x00,0x01,0x38,0xF4,0x01,0x9E,0xAA,0x02,0x00,
  0x04,0x45,0x7D,0x00,0x1B,0xAB,0x02,0x00,0x03,0x47,0x7D,0x00,0x98,0xAB,0x02,0x00,0x00,0x2D,0x92,0x03,0x98,0xAB,0x02,0x00,
  0x02,0x39,0x92,0x03,0x98,0xAB,0x02,0x00,0x04,0x45,0xE8,0x03,0x80,0xAF,0x02,0x00,0x04,0x45,0xFA,0x00,0x7A,0xB0,0x02,0x00,
  0x01,0x51,0xFA,0x00,0x74,0xB1,0x02,0x00,0x01,0x47,0xFA,0x00,0x6E,0xB2,0x02,0x00,0x03,0x53,0xFA,0x00,0x12,0xB3,0x02,0x00,
  0x00,0x2D,0x1A,0x00,0x2E,0xB3,0x02,0x00,0x04,0x31,0x1A,0x00,0x4B,0xB3,0x02,0x00,0x02,0x34,0x1A,0x00,0x68,0xB3,0x02,0x00,
  0x02,0x39,0xF4,0x01,0x68,0xB3,0x02,0x00,0x03,0x49,0xFA,0x00,0x62,0xB4,0x02,0x00,0x00,0x55,0xFA,0x00,0x5C,0xB5,0x02,0x00,
  0x02,0x39,0xF4,0x01,0x50,0xB7,0x02,0x00,0x02,0x39,0xF4,0x01,0x50,0xB7,0x02,0x00,0x04,0x45,0xFA,0x00,0x4A,0xB8,0x02,0x00,
  0x01,0x51,0xFA,0x00,0x44,0xB9,0x02,0x00,0x02,0x39,0x9E,0x01,0x44,0xB9,0x02,0x00,0x01,0x47,0xFA,0x00,0x3E,0xBA,0x02,0x00,
  0x03,0x53,0xFA,0x00,0xE2,0xBA,0x02,0x00,0x00,0x2D,0x1A,0x00,0xFE,0xBA,0x02,0x00,0x04,0x31,0x1A,0x00,0x1B,0xBB,0x02,0x00,
  0x02,0x34,0x1A,0x00,0x38,0xBB,0x02,0x00,0x02,0x39,0xF4,0x01,0x38,0xBB,0x02,0x00,0x03,0x49,0xFA,0x00,0x32,0xBC,0x02,0x00,
  0x00,0x55,0xFA,0x00,0x2C,0xBD,0x02,0x00,0x02,0x39,0xF4,0x01,0x2C,0xBD,0x02,0x00,0x01,0x47,0xFA,0x00,0x26,0xBE,0x02,0x00,
  0x03,0x53,0xFA,0x00,0x20,0xBF,0x02,0x00,0x02,0x39,0xF4,0x01,0x20,0xBF,0x02,0x00,0x04,0x45,0xFA,0x00,0x1A,0xC0,0x02,0x00,
  0x01,0x51,0xFA,0x00,0x14,0xC1,0x02,0x00,0x02,0x39,0x9E,0x01,0x14,0xC1,0x02,0x00,0x03,0x44,0xFA,0x00,0x0E,0xC2,0x02,0x00,
  0x00,0x50,0xFA,0x00,0xB2,0xC2,0x02,0x00,0x03,0x26,0x1A,0x00,0xCE,0xC2,0x02,0x00,0x02,0x2A,0x1A,0x00,0xEB,0xC2,0x02,0x00,
  0x01,0x2D,0x1A,0x00,0x08,0xC3,0x02,0x00,0x00,0x32,0xF4,0x01,0x08,0xC3,0x02,0x00,0x01,0x42,0xFA,0x00,0x02,0xC4,0x02,0x00,
  0x03,0x4E,0xFA,0x00,0xFC,0xC4,0x02,0x00,0x00,0x32,0x9E,0x01,0xFC,0xC4,0x02,0x00,0x03,0x44,0xFA,0x00,0xF6,0xC5,0x02,0x00,
  0x01,0x50,0xFA,0x00,0x9A,0xC6,0x02,0x00,0x04,0x27,0x1A,0x00,0xB6,0xC6,0x02,0x00,0x02,0x2A,0x1A,0x00,0xD3,0xC6,0x02,0x00,
  0x00,0x2D,0x1A,0x00,0xF0,0xC6,0x02,0x00,0x01,0x33,0xF4,0x01,0xF0,0xC6,0x02,0x00,0x04,0x45,0xFA,0x00,0xEA,0xC7,0x02,0x00,
  0x02,0x51,0xFA,0x00,0xE4,0xC8,0x02,0x00,0x01,0x33,0x9E,0x01,0xE4,0xC8,0x02,0x00,0x02,0x47,0xFA,0x00,0xDE,0xC9,0x02,0x00,
  0x03,0x53,0xFA,0x00,0x82,0xCA,0x02,0x00,0x00,0x28,0x1A,0x00,0x9E,0xCA,0x02,0x00,0x04,0x2C,0x1A,0x00,0xBB,0xCA,0x02,0x00,
  0x02,0x2F,0x1A,0x00,0xD8,0xCA,0x02,0x00,0x02,0x34,0xF4,0x01,0xD8,0xCA,0x02,0x00,0x03,0x44,0xFA,0x00,0xD2,0xCB,0x02,0x00,
  0x00,0x50,0xFA,0x00,0xCC,0xCC,0x02,0x00,0x02,0x34,0xF4,0x01,0xCC,0xCC,0x02,0x00,0x04,0x40,0xFA,0x00,0xC6,0xCD,0x02,0x00,
  0x01,0x4C,0xFA,0x00,0xC0,0xCE,0x02,0x00,0x02,0x34,0xF4,0x01,0xC0,0xCE,0x02,0x00,0x04,0x45,0xFA,0x00,0xBA,0xCF,0x02,0x00,
  0x01,0x51,0xFA,0x00,0xB4,0xD0,0x02,0x00,0x02,0x34,0x9E,0x01,0xB4,0xD0,0x02,0x00,0x01,0x47,0xFA,0x00,0xAE,0xD1,0x02,0x00,
  0x03,0x53,0xFA,0x00,0x52,0xD2,0x02,0x00,0x00,0x2D,0x1A,0x00,0x6E,0xD2,0x02,0x00,0x04,0x31,0x1A,0x00,0x8B,0xD2,0x02,0x00,
  0x02,0x34,0x1A,0x00,0xA8,0xD2,0x02,0x00,0x02,0x39,0xF4,0x01,0xA8,0xD2,0x02,0x00,0x03,0x49,0xFA,0x00,0xA2,0xD3,0x02,0x00,
  0x00,0x55,0xFA,0x00,0x9C,0xD4,0x02,0x00,0x02,0x39,0xF4,0x01,0x90,0xD6,0x02,0x00,0x02,0x39,0xF4,0x01,0x90,0xD6,0x02,0x00,
  0x04,0x45,0xFA,0x00,0x8A,0xD7,0x02,0x00,0x01,0x51,0xFA,0x00,0x84,0xD8,0x02,0x00,0x02,0x39,0x9E,0x01,0x84,0xD8,0x02,0x00,
  0x01,0x47,0xFA,0x00,0x7E,0xD9,0x02,0x00,0x03,0x53,0xFA,0x00,0x22,0xDA,0x02,0x00,0x00,0x2D,0x1A,0x00,0x3E,0xDA,0x02,0x00,
  0x04,0x31,0x1A,0x00,0x5B,0xDA,0x02,0x00,0x02,0x34,0x1A,0x00,0x78,0xDA,0x02,0x00,0x02,0x39,0xF4,0x01,0x78,0xDA,0x02,0x00,
  0x03,0x49,0xFA,0x00,0x72,0xDB,0x02,0x00,0x00,0x55,0xFA,0x00,0x6C,0xDC,0x02,0x00,0x02,0x39,0xF4,0x01,0x6C,0xDC,0x02,0x00,
  0x01,0x47,0xFA,0x00,0x66,0xDD,0x02,0x00,0x03,0x53,0xFA,0x00,0x60,0xDE,0x02,0x00,0x02,0x39,0xF4,0x01,0x60,0xDE,0x02,0x00,
  0x04,0x45,0xFA,0x00,0x5A,0xDF,0x02,0x00,0x01,0x51,0xFA,0x00,0x54,0xE0,0x02,0x00,0x02,0x39,0x9E,0x01,0x54,0xE0,0x02,0x00,
  0x03,0x44,0xFA,0x00,0x4E,0xE1,0x02,0x00,0x00,0x50,0xFA,0x00,0xF2,0xE1,0x02,0x00,0x03,0x26,0x1A,0x00,0x0E,0xE2,0x02,0x00,
  0x02,0x2A,0x1A,0x00,0x2B,0xE2,0x02,0x00,0x01,0x2D,0x1A,0x00,0x48,0xE2,0x02,0x00,0x00,0x32,0xF4,0x01,0x48,0xE2,0x02,0x00,
  0x01,0x42,0xFA,0x00,0x42,0xE3,0x02,0x00,0x03,0x4E,0xFA,0x00,0x3C,0xE4,0x02,0x00,0x00,0x32,0x9E,0x01,0x3C,0xE4,0x02,0x00,
  0x01,0x47,0xFA,0x00,0x36,0xE5,0x02,0x00,0x03,0x53,0xFA,0x00,0xDA,0xE5,0x02,0x00,0x00,0x28,0x1A,0x00,0xF6,0xE5,0x02,0x00,
  0x04,0x2C,0x1A,0x00,0x13,0xE6,0x02,0x00,0x02,0x2F,0x1A,0x00,0x30,0xE6,0x02,0x00,0x02,0x34,0xF4,0x01,0x30,0xE6,0x02,0x00,
  0x03,0x44,0xFA,0x00,0x2A,0xE7,0x02,0x00,0x00,0x50,0xFA,0x00,0x24,0xE8,0x02,0x00,0x02,0x34,0xF4,0x01,0x24,0xE8,0x02,0x00,
  0x04,0x40,0xFA,0x00,0x1E,0xE9,0x02,0x00,0x01,0x4C,0xFA,0x00,0x18,0xEA,0x02,0x00,0x00,0x2D,0x92,0x03,0x18,0xEA,0x02,0x00,
  0x04,0x45,0x92,0x03,0x18,0xEA,0x02,0x00,0x01,0x51,0x92,0x03,0xAA,0xED,0x02,0x00,0x00,0x2D,0x1A,0x00,0xAA,0xED,0x02,0x00,
  0x04,0x45,0x53,0x00,0xC6,0xED,0x02,0x00,0x00,0x31,0x1A,0x00,0xE3,0xED,0x02,0x00,0x02,0x34,0x1A,0x00,0x00,0xEE,0x02,0x00,
  0x02,0x39,0xF4,0x01,0x00,0xEE,0x02,0x00,0x04,0x45,0xE8,0x03,0x00,0xEE,0x02,0x00,0x01,0x51,0xE8,0x03,0xF4,0xEF,0x02,0x00,
  0x02,0x39,0xF4,0x01,0xE8,0xF1,0x02,0x00,0x02,0x39,0xF4,0x01,0xE8,0xF1,0x02,0x00,0x03,0x49,0xE8,0x03,0xE8,0xF1,0x02,0x00,
  0x00,0x55,0xEE,0x02,0xDC,0xF3,0x02,0x00,0x02,0x39,0x9E,0x01,0xD6,0xF4,0x02,0x00,0x00,0x55,0xFA,0x00,0x7A,0xF5,0x02,0x00,
  0x01,0x2D,0x1A,0x00,0x96,0xF5,0x02,0x00,0x04,0x31,0x1A,0x00,0xB3,0xF5,0x02,0x00,0x02,0x34,0x1A,0x00,0xD0,0xF5,0x02,0x00,
  0x02,0x39,0xF4,0x01,0xD0,0xF5,0x02,0x00,0x03,0x49,0xE8,0x03,0xD0,0xF5,0x02,0x00,0x01,0x4C,0xE8,0x03,0xD0,0xF5,0x02,0x00,
  0x04,0x51,0xE8,0x03,0xD0,0xF5,0x02,0x00,0x00,0x55,0xD0,0x07,0xC4,0xF7,0x02,0x00,0x02,0x39,0xF4,0x01,0xB8,0xF9,0x02,0x00,
  0x02,0x39,0xF4,0x01,0xAC,0xFB,0x02,0x00,0x02,0x39,0x9E,0x01,0x4A,0xFD,0x02,0x00,0x01,0x2D,0x1A,0x00,0x66,0xFD,0x02,0x00,
  0x04,0x31,0x1A,0x00,0x83,0xFD,0x02,0x00,0x02,0x34,0x1A,0x00,0xA0,0xFD,0x02,0x00,0x02,0x39,0xF4,0x01,0xA0,0xFD,0x02,0x00,
  0x03,0x49,0xE8,0x03,0xA0,0xFD,0x02,0x00,0x01,0x4C,0xE8,0x03,0xA0,0xFD,0x02,0x00,0x04,0x51,0xE8,0x03,0xA0,0xFD,0x02,0x00,
  0x00,0x55,0xD0,0x07,0x94,0xFF,0x02,0x00,0x02,0x39,0xF4,0x01,0x88,0x01,0x03,0x00,0x02,0x39,0xF4,0x01,0x7C,0x03,0x03,0x00,
  0x02,0x39,0x9E,0x01,0x1A,0x05,0x03,0x00,0x01,0x2D,0x1A,0x00,0x36,0x05,0x03,0x00,0x04,0x31,0x1A,0x00,0x53,0x05,0x03,0x00,
  0x02,0x34,0x1A,0x00,0x70,0x05,0x03,0x00,0x02,0x39,0xF4,0x01,0x70,0x05,0x03,0x00,0x01,0x56,0xFA,0x00,0x6A,0x06,0x03,0x00,
  0x00,0x55,0xFA,0x00,0x64,0x07,0x03,0x00,0x02,0x39,0xF4,0x01,0x64,0x07,0x03,0x00,0x03,0x53,0xFA,0x00,0x5E,0x08,0x03,0x00,
  0x00,0x55,0xFA,0x00,0x58,0x09,0x03,0x00,0x02,0x39,0xF4,0x01,0x58,0x09,0x03,0x00,0x01,0x56,0xFA,0x00,0x52,0x0A,0x03,0x00,
  0x00,0x55,0xFA,0x00,0x4C,0x0B,0x03,0x00,0x02,0x39,0x9E,0x01,0x4C,0x0B,0x03,0x00,0x03,0x53,0xFA,0x00,0x46,0x0C,0x03,0x00,
  0x00,0x55,0xFA,0x00,0xEA,0x0C,0x03,0x00,0x03,0x26,0x1A,0x00,0x06,0x0D,0x03,0x00,0x02,0x2A,0x1A,0x00,0x23,0x0D,0x03,0x00,
  0x01,0x2D,0x1A,0x00,0x40,0x0D,0x03,0x00,0x00,0x32,0xF4,0x01,0x40,0x0D,0x03,0x00,0x03,0x4E,0x5D,0x07,0x40,0x0D,0x03,0x00,
  0x01,0x51,0x5D,0x07,0x40,0x0D,0x03,0x00,0x02,0x56,0x5D,0x07,0x34,0x0F,0x03,0x00,0x00,0x32,0xF4,0x01,0x28,0x11,0x03,0x00,
  0x00,0x32,0xF4,0x01,0x1C,0x13,0x03,0x00,0x00,0x32,0x9E,0x01,0x9D,0x14,0x03,0x00,0x01,0x56,0x70,0x00,0xBA,0x14,0x03,0x00,
  0x00,0x2D,0x1A,0x00,0xD6,0x14,0x03,0x00,0x04,0x31,0x1A,0x00,0xF3,0x14,0x03,0x00,0x02,0x34,0x1A,0x00,0x10,0x15,0x03,0x00,
  0x02,0x39,0xF4,0x01,0x10,0x15,0x03,0x00,0x01,0x4C,0x81,0x01,0x10,0x15,0x03,0x00,0x03,0x51,0x81,0x01,0x10,0x15,0x03,0x00,
  0x00,0x55,0x81,0x01,0x91,0x16,0x03,0x00,0x01,0x56,0x70,0x00,0x04,0x17,0x03,0x00,0x02,0x39,0xF4,0x01,0x04,0x17,0x03,0x00,
  0x01,0x4C,0x81,0x01,0x04,0x17,0x03,0x00,0x03,0x51,0x81,0x01,0x04,0x17,0x03,0x00,0x00,0x55,0x81,0x01,0x85,0x18,0x03,0x00,
  0x01,0x56,0x70,0x00,0xF8,0x18,0x03,0x00,0x02,0x39,0xF4,0x01,0xF8,0x18,0x03,0x00,0x01,0x4C,0x81,0x01,0xF8,0x18,0x03,0x00,
  0x03,0x51,0x81,0x01,0xF8,0x18,0x03,0x00,0x00,0x55,0x81,0x01,0x79,0x1A,0x03,0x00,0x01,0x56,0x70,0x00,0xEC,0x1A,0x03,0x00,
  0x02,0x39,0x9E,0x01,0xEC,0x1A,0x03,0x00,0x01,0x4C,0xF4,0x01,0xEC,0x1A,0x03,0x00,0x03,0x51,0xF4,0x01,0xEC,0x1A,0x03,0x00,
  0x00,0x55,0xF4,0x01,0x8A,0x1C,0x03,0x00,0x02,0x28,0x1A,0x00,0xA6,0x1C,0x03,0x00,0x04,0x2C,0x1A,0x00,0xC3,0x1C,0x03,0x00,
  0x02,0x2F,0x1A,0x00,0xE0,0x1C,0x03,0x00,0x02,0x34,0xF4,0x01,0xE0,0x1C,0x03,0x00,0x01,0x4C,0xD0,0x07,0xE0,0x1C,0x03,0x00,
  0x00,0x50,0xD0,0x07,0xE0,0x1C,0x03,0x00,0x03,0x53,0xDC,0x05,0xD4,0x1E,0x03,0x00,0x02,0x34,0xF4,0x01,0xC8,0x20,0x03,0x00,
  0x02,0x34,0xF4,0x01,0xBC,0x22,0x03,0x00,0x02,0x34,0x9E,0x01,0xBC,0x22,0x03,0x00,0x03,0x58,0xF4,0x01,0x5A,0x24,0x03,0x00,
  0x02,0x2D,0x1A,0x00,0x76,0x24,0x03,0x00,0x04,0x31,0x1A,0x00,0x93,0x24,0x03,0x00,0x02,0x34,0x1A,0x00,0xB0,0x24,0x03,0x00,
  0x02,0x39,0xF4,0x01,0xB0,0x24,0x03,0x00,0x03,0x49,0xE8,0x03,0xB0,0x24,0x03,0x00,0x01,0x4C,0xE8,0x03,0xB0,0x24,0x03,0x00,
  0x04,0x51,0xE8,0x03,0xB0,0x24,0x03,0x00,0x00,0x55,0xD0,0x07,0xA4,0x26,0x03,0x00,0x02,0x39,0xF4,0x01,0x98,0x28,0x03,0x00,
  0x02,0x39,0xF4,0x01,0x8C,0x2A,0x03,0x00,0x02,0x39,0x9E,0x01,0x2A,0x2C,0x03,0x00,0x01,0x2D,0x1A,0x00,0x46,0x2C,0x03,0x00,
  0x04,0x31,0x1A,0x00,0x63,0x2C,0x03,0x00,0x02,0x34,0x1A,0x00,0x80,0x2C,0x03,0x00,0x02,0x39,0xF4,0x01,0x80,0x2C,0x03,0x00,
  0x03,0x49,0xE8,0x03,0x80,0x2C,0x03,0x00,0x01,0x4C,0xE8,0x03,0x80,0x2C,0x03,0x00,0x04,0x51,0xE8,0x03,0x80,0x2C,0x03,0x00,
  0x00,0x55,0xD0,0x07,0x74,0x2E,0x03,0x00,0x02,0x39,0xF4,0x01,0x68,0x30,0x03,0x00,0x02,0x39,0xF4,0x01,0x5C,0x32,0x03,0x00,
  0x02,0x39,0x9E,0x01,0xFA,0x33,0x03,0x00,0x01,0x2D,0x1A,0x00,0x16,0x34,0x03,0x00,0x04,0x31,0x1A,0x00,0x33,0x34,0x03,0x00,
  0x02,0x34,0x1A,0x00,0x50,0x34,0x03,0x00,0x02,0x39,0xF4,0x01,0x50,0x34,0x03,0x00,0x01,0x56,0xFA,0x00,0x4A,0x35,0x03,0x00,
  0x00,0x55,0xFA,0x00,0x44,0x36,0x03,0x00,0x02,0x39,0xF4,0x01,0x44,0x36,0x03,0x00,0x03,0x53,0xFA,0x00,0x3E,0x37,0x03,0x00,
  0x00,0x55,0xFA,0x00,0x38,0x38,0x03,0x00,0x02,0x39,0xF4,0x01,0x38,0x38,0x03,0x00,0x01,0x56,0xFA,0x00,0x32,0x39,0x03,0x00,
  0x00,0x55,0xFA,0x00,0x2C,0x3A,0x03,0x00,0x02,0x39,0x9E,0x01,0x2C,0x3A,0x03,0x00,0x03,0x53,0xFA,0x00,0x26,0x3B,0x03,0x00,
  0x00,0x55,0xFA,0x00,0xCA,0x3B,0x03,0x00,0x03,0x26,0x1A,0x00,0xE6,0x3B,0x03,0x00,0x02,0x2A,0x1A,0x00,0x03,0x3C,0x03,0x00,
  0x01,0x2D,0x1A,0x00,0x20,0x3C,0x03,0x00,0x00,0x32,0xF4,0x01,0x20,0x3C,0x03,0x00,0x03,0x4E,0x5D,0x07,0x20,0x3C,0x03,0x00,
  0x01,0x51,0x5D,0x07,0x20,0x3C,0x03,0x00,0x02,0x56,0x5D,0x07,0x14,0x3E,0x03,0x00,0x00,0x32,0xF4,0x01,0x08,0x40,0x03,0x00,
  0x00,0x32,0xF4,0x01,0xFC,0x41,0x03,0x00,0x00,0x32,0x9E,0x01,0x7D,0x43,0x03,0x00,0x01,0x56,0x70,0x00,0x9A,0x43,0x03,0x00,
  0x00,0x2D,0x1A,0x00,0xB6,0x43,0x03,0x00,0x04,0x31,0x1A,0x00,0xD3,0x43,0x03,0x00,0x02,0x34,0x1A,0x00,0xF0,0x43,0x03,0x00,
  0x02,0x39,0xF4,0x01,0xF0,0x43,0x03,0x00,0x01,0x4C,0x5D,0x07,0xF0,0x43,0x03,0x00,0x03,0x51,0x5D,0x07,0xF0,0x43,0x03,0x00,
  0x00,0x55,0x5D,0x07,0xE4,0x45,0x03,0x00,0x02,0x39,0xF4,0x01,0xD8,0x47,0x03,0x00,0x02,0x39,0xF4,0x01,0xCC,0x49,0x03,0x00,
  0x02,0x39,0x9E,0x01,0x4D,0x4B,0x03,0x00,0x00,0x55,0x70,0x00,0x6A,0x4B,0x03,0x00,0x01,0x28,0x1A,0x00,0x86,0x4B,0x03,0x00,
  0x04,0x2C,0x1A,0x00,0xA3,0x4B,0x03,0x00,0x02,0x2F,0x1A,0x00,0xC0,0x4B,0x03,0x00,0x02,0x34,0xF4,0x01,0xC0,0x4B,0x03,0x00,
  0x01,0x4C,0x81,0x01,0xC0,0x4B,0x03,0x00,0x00,0x50,0x81,0x01,0xC0,0x4B,0x03,0x00,0x03,0x53,0x81,0x01,0x41,0x4D,0x03,0x00,
  0x00,0x55,0x70,0x00,0xB4,0x4D,0x03,0x00,0x02,0x34,0xF4,0x01,0xB4,0x4D,0x03,0x00,0x01,0x4C,0x81,0x01,0xB4,0x4D,0x03,0x00,
  0x00,0x50,0x81,0x01,0xB4,0x4D,0x03,0x00,0x03,0x53,0x81,0x01,0x35,0x4F,0x03,0x00,0x00,0x55,0x70,0x00,0xA8,0x4F,0x03,0x00,
  0x02,0x34,0xF4,0x01,0xA8,0x4F,0x03,0x00,0x01,0x4C,0x81,0x01,0xA8,0x4F,0x03,0x00,0x00,0x50,0x81,0x01,0xA8,0x4F,0x03,0x00,
  0x03,0x53,0x81,0x01,0x29,0x51,0x03,0x00,0x00,0x55,0x70,0x00,0x9C,0x51,0x03,0x00,0x02,0x34,0xF4,0x01,0x9C,0x51,0x03,0x00,
  0x01,0x4C,0xF4,0x01,0x9C,0x51,0x03,0x00,0x00,0x50,0xF4,0x01,0x9C,0x51,0x03,0x00,0x03,0x53,0xF4,0x01,0x90,0x53,0x03,0x00,
  0x02,0x39,0xFA,0x00,0x90,0x53,0x03,0x00,0x01,0x51,0xAE,0x03,0x8A,0x54,0x03,0x00,0x04,0x40,0xFA,0x00,0x84,0x55,0x03,0x00,
  0x02,0x3D,0xFA,0x00,0x7E,0x56,0x03,0x00,0x04,0x40,0xFA,0x00,0x3E,0x57,0x03,0x00,0x01,0x4C,0x1A,0x00,0x5B,0x57,0x03,0x00,
  0x01,0x51,0x1A,0x00,0x78,0x57,0x03,0x00,0x02,0x39,0xFA,0x00,0x78,0x57,0x03,0x00,0x00,0x55,0xEE,0x02,0x72,0x58,0x03,0x00,
  0x04,0x40,0xFA,0x00,0x6C,0x59,0x03,0x00,0x01,0x3D,0xFA,0x00,0x66,0x5A,0x03,0x00,0x04,0x40,0xFA,0x00,0x66,0x5A,0x03,0x00,
  0x00,0x55,0xC0,0x00,0x26,0x5B,0x03,0x00,0x01,0x4C,0x1A,0x00,0x43,0x5B,0x03,0x00,0x01,0x51,0x1A,0x00,0x60,0x5B,0x03,0x00,
  0x02,0x39,0xFA,0x00,0x60,0x5B,0x03,0x00,0x00,0x55,0x96,0x07,0x5A,0x5C,0x03,0x00,0x04,0x40,0xFA,0x00,0x54,0x5D,0x03,0x00,
  0x01,0x3D,0xFA,0x00,0x4E,0x5E,0x03,0x00,0x04,0x40,0xFA,0x00,0x48,0x5F,0x03,0x00,0x02,0x39,0xFA,0x00,0x42,0x60,0x03,0x00,
  0x04,0x40,0xFA,0x00,0x3C,0x61,0x03,0x00,0x01,0x3D,0xFA,0x00,0x36,0x62,0x03,0x00,0x04,0x40,0xFA,0x00,0xF6,0x62,0x03,0x00,
  0x01,0x4C,0x1A,0x00,0x13,0x63,0x03,0x00,0x01,0x51,0x1A,0x00,0x30,0x63,0x03,0x00,0x02,0x39,0xFA,0x00,0x30,0x63,0x03,0x00,
  0x00,0x55,0xD0,0x07,0x2A,0x64,0x03,0x00,0x04,0x40,0xFA,0x00,0x24,0x65,0x03,0x00,0x01,0x3D,0xFA,0x00,0x1E,0x66,0x03,0x00,
  0x04,0x40,0xFA,0x00,0x18,0x67,0x03,0x00,0x02,0x39,0xFA,0x00,0x12,0x68,0x03,0x00,0x04,0x40,0xFA,0x00,0x0C,0x69,0x03,0x00,
  0x01,0x3D,0xFA,0x00,0x06,0x6A,0x03,0x00,0x04,0x40,0xFA,0x00,0x00,0x6B,0x03,0x00,0x02,0x39,0xFA,0x00,0x00,0x6B,0x03,0x00,
  0x01,0x56,0xFA,0x00,0xFA,0x6B,0x03,0x00,0x04,0x40,0xFA,0x00,0xFA,0x6B,0x03,0x00,0x00,0x55,0xFA,0x00,0xF4,0x6C,0x03,0x00,
  0x01,0x3D,0xFA,0x00,0xF4,0x6C,0x03,0x00,0x03,0x53,0xFA,0x00,0xEE,0x6D,0x03,0x00,0x04,0x40,0xFA,0x00,0xEE,0x6D,0x03,0x00,
  0x00,0x55,0xFA,0x00,0xE8,0x6E,0x03,0x00,0x02,0x39,0xFA,0x00,0xE8,0x6E,0x03,0x00,0x01,0x56,0xFA,0x00,0xE2,0x6F,0x03,0x00,
  0x04,0x40,0xFA,0x00,0xE2,0x6F,0x03,0x00,0x00,0x55,0xFA,0x00,0xDC,0x70,0x03,0x00,0x01,0x3D,0xFA,0x00,0xDC,0x70,0x03,0x00,
  0x03,0x53,0xFA,0x00,0xD6,0x71,0x03,0x00,0x04,0x40,0xFA,0x00,0xD6,0x71,0x03,0x00,0x00,0x55,0xFA,0x00,0xD0,0x72,0x03,0x00,
  0x02,0x39,0xFA,0x00,0xD0,0x72,0x03,0x00,0x01,0x56,0x5D,0x07,0xCA,0x73,0x03,0x00,0x02,0x42,0xFA,0x00,0xC4,0x74,0x03,0x00,
  0x02,0x3E,0xFA,0x00,0xBE,0x75,0x03,0x00,0x02,0x42,0xFA,0x00,0xB8,0x76,0x03,0x00,0x02,0x39,0xFA,0x00,0xB2,0x77,0x03,0x00,
  0x02,0x42,0xFA,0x00,0xAC,0x78,0x03,0x00,0x02,0x3E,0xFA,0x00,0xA6,0x79,0x03,0x00,0x02,0x42,0xFA,0x00,0x2D,0x7A,0x03,0x00,
  0x01,0x56,0x70,0x00,0xA0,0x7A,0x03,0x00,0x02,0x39,0xFA,0x00,0xA0,0x7A,0x03,0x00,0x00,0x55,0x81,0x01,0x9A,0x7B,0x03,0x00,
  0x04,0x40,0xFA,0x00,0x21,0x7C,0x03,0x00,0x01,0x56,0x70,0x00,0x94,0x7C,0x03,0x00,0x01,0x3D,0xFA,0x00,0x94,0x7C,0x03,0x00,
  0x00,0x55,0x81,0x01,0x8E,0x7D,0x03,0x00,0x04,0x40,0xFA,0x00,0x15,0x7E,0x03,0x00,0x01,0x56,0x70,0x00,0x88,0x7E,0x03,0x00,
  0x02,0x39,0xFA,0x00,0x88,0x7E,0x03,0x00,0x00,0x55,0x81,0x01,0x82,0x7F,0x03,0x00,0x04,0x40,0xFA,0x00,0x09,0x80,0x03,0x00,
  0x01,0x56,0x70,0x00,0x7C,0x80,0x03,0x00,0x01,0x3D,0xFA,0x00,0x7C,0x80,0x03,0x00,0x00,0x55,0xF4,0x01,0x76,0x81,0x03,0x00,
  0x04,0x40,0xFA,0x00,0x70,0x82,0x03,0x00,0x02,0x34,0xFA,0x00,0x70,0x82,0x03,0x00,0x03,0x53,0xDC,0x05,0x6A,0x83,0x03,0x00,
  0x04,0x40,0xFA,0x00,0x64,0x84,0x03,0x00,0x01,0x38,0xFA,0x00,0x5E,0x85,0x03,0x00,0x04,0x40,0xFA,0x00,0x58,0x86,0x03,0x00,
  0x02,0x34,0xFA,0x00,0x52,0x87,0x03,0x00,0x04,0x40,0xFA,0x00,0x4C,0x88,0x03,0x00,0x01,0x38,0xFA,0x00,0x4C,0x88,0x03,0x00,
  0x03,0x58,0xF4,0x01,0x46,0x89,0x03,0x00,0x04,0x40,0xA4,0x00,0xEA,0x89,0x03,0x00,0x00,0x2D,0x1A,0x00,0x06,0x8A,0x03,0x00,
  0x04,0x31,0x1A,0x00,0x23,0x8A,0x03,0x00,0x02,0x34,0x1A,0x00,0x40,0x8A,0x03,0x00,0x02,0x39,0xF4,0x01,0x40,0x8A,0x03,0x00,
  0x03,0x49,0xE8,0x03,0x40,0x8A,0x03,0x00,0x01,0x4C,0xE8,0x03,0x40,0x8A,0x03,0x00,0x04,0x51,0xE8,0x03,0x40,0x8A,0x03,0x00,
  0x00,0x55,0xD0,0x07,0x34,0x8C,0x03,0x00,0x02,0x39,0xF4,0x01,0x28,0x8E,0x03,0x00,0x02,0x39,0xF4,0x01,0x1C,0x90,0x03,0x00,
  0x02,0x39,0x9E,0x01,0xBA,0x91,0x03,0x00,0x01,0x2D,0x1A,0x00,0xD6,0x91,0x03,0x00,0x04,0x31,0x1A,0x00,0xF3,0x91,0x03,0x00,
  0x02,0x34,0x1A,0x00,0x10,0x92,0x03,0x00,0x02,0x39,0xF4,0x01,0x10,0x92,0x03,0x00,0x03,0x49,0xE8,0x03,0x10,0x92,0x03,0x00,
  0x01,0x4C,0xE8,0x03,0x10,0x92,0x03,0x00,0x04,0x51,0xE8,0x03,0x10,0x92,0x03,0x00,0x00,0x55,0xD0,0x07,0x04,0x94,0x03,0x00,
  0x02,0x39,0xF4,0x01,0xF8,0x95,0x03,0x00,0x02,0x39,0xF4,0x01,0xEC,0x97,0x03,0x00,0x02,0x39,0x9E,0x01,0x8A,0x99,0x03,0x00,
  0x01,0x2D,0x1A,0x00,0xA6,0x99,0x03,0x00,0x04,0x31,0x1A,0x00,0xC3,0x99,0x03,0x00,0x02,0x34,0x1A,0x00,0xE0,0x99,0x03,0x00,
  0x02,0x39,0xF4,0x01,0xE0,0x99,0x03,0x00,0x01,0x56,0xFA,0x00,0xDA,0x9A,0x03,0x00,0x00,0x55,0xFA,0x00,0xD4,0x9B,0x03,0x00,
  0x02,0x39,0xF4,0x01,0xD4,0x9B,0x03,0x00,0x03,0x53,0xFA,0x00,0xCE,0x9C,0x03,0x00,0x00,0x55,0xFA,0x00,0xC8,0x9D,0x03,0x00,
  0x02,0x39,0xF4,0x01,0xC8,0x9D,0x03,0x00,0x01,0x56,0xFA,0x00,0xC2,0x9E,0x03,0x00,0x00,0x55,0xFA,0x00,0xBC,0x9F,0x03,0x00,
  0x02,0x39,0x9E,0x01,0xBC,0x9F,0x03,0x00,0x03,0x53,0xFA,0x00,0xB6,0xA0,0x03,0x00,0x00,0x55,0xFA,0x00,0x5A,0xA1,0x03,0x00,
  0x03,0x26,0x1A,0x00,0x76,0xA1,0x03,0x00,0x02,0x2A,0x1A,0x00,0x93,0xA1,0x03,0x00,0x01,0x2D,0x1A,0x00,0xB0,0xA1,0x03,0x00,
  0x00,0x32,0xF4,0x01,0xB0,0xA1,0x03,0x00,0x03,0x4E,0x5D,0x07,0xB0,0xA1,0x03,0x00,0x01,0x51,0x5D,0x07,0xB0,0xA1,0x03,0x00,
  0x02,0x56,0x5D,0x07,0xA4,0xA3,0x03,0x00,0x00,0x32,0xF4,0x01,0x98,0xA5,0x03,0x00,0x00,0x32,0xF4,0x01,0x8C,0xA7,0x03,0x00,
  0x00,0x32,0x9E,0x01,0x0D,0xA9,0x03,0x00,0x01,0x56,0x70,0x00,0x2A,0xA9,0x03,0x00,0x00,0x2D,0x1A,0x00,0x46,0xA9,0x03,0x00,
  0x04,0x31,0x1A,0x00,0x63,0xA9,0x03,0x00,0x02,0x34,0x1A,0x00,0x80,0xA9,0x03,0x00,0x02,0x39,0xF4,0x01,0x80,0xA9,0x03,0x00,
  0x01,0x4C,0x5D,0x07,0x80,0xA9,0x03,0x00,0x03,0x51,0x5D,0x07,0x80,0xA9,0x03,0x00,0x00,0x55,0x5D,0x07,0x74,0xAB,0x03,0x00,
  0x02,0x39,0xF4,0x01,0x68,0xAD,0x03,0x00,0x02,0x39,0xF4,0x01,0x5C,0xAF,0x03,0x00,0x02,0x39,0x9E,0x01,0xDD,0xB0,0x03,0x00,
  0x00,0x55,0x70,0x00,0xFA,0xB0,0x03,0x00,0x01,0x28,0x1A,0x00,0x16,0xB1,0x03,0x00,0x04,0x2C,0x1A,0x00,0x33,0xB1,0x03,0x00,
  0x02,0x2F,0x1A,0x00,0x50,0xB1,0x03,0x00,0x02,0x34,0xF4,0x01,0x50,0xB1,0x03,0x00,0x01,0x4C,0x81,0x01,0x50,0xB1,0x03,0x00,
  0x00,0x50,0x81,0x01,0x50,0xB1,0x03,0x00,0x03,0x53,0x81,0x01,0xD1,0xB2,0x03,0x00,0x00,0x55,0x70,0x00,0x44,0xB3,0x03,0x00,
  0x02,0x34,0xF4,0x01,0x44,0xB3,0x03,0x00,0x01,0x4C,0x81,0x01,0x44,0xB3,0x03,0x00,0x00,0x50,0x81,0x01,0x44,0xB3,0x03,0x00,
  0x03,0x53,0x81,0x01,0xC5,0xB4,0x03,0x00,0x00,0x55,0x70,0x00,0x38,0xB5,0x03,0x00,0x02,0x34,0xF4,0x01,0x38,0xB5,0x03,0x00,
  0x01,0x4C,0x81,0x01,0x38,0xB5,0x03,0x00,0x00,0x50,0x81,0x01,0x38,0xB5,0x03,0x00,0x03,0x53,0x81,0x01,0xB9,0xB6,0x03,0x00,
  0x00,0x55,0x70,0x00,0x2C,0xB7,0x03,0x00,0x02,0x34,0x9E,0x01,0x2C,0xB7,0x03,0x00,0x01,0x4C,0xF4,0x01,0x2C,0xB7,0x03,0x00,
  0x00,0x50,0xF4,0x01,0x2C,0xB7,0x03,0x00,0x03,0x53,0xF4,0x01,0xCA,0xB8,0x03,0x00,0x02,0x2D,0x1A,0x00,0xE6,0xB8,0x03,0x00,
  0x04,0x31,0x1A,0x00,0x03,0xB9,0x03,0x00,0x02,0x34,0x1A,0x00,0x20,0xB9,0x03,0x00,0x02,0x39,0xF4,0x01,0x20,0xB9,0x03,0x00,
  0x04,0x45,0xDC,0x05,0x20,0xB9,0x03,0x00,0x03,0x49,0xDC,0x05,0x20,0xB9,0x03,0x00,0x01,0x4C,0xDC,0x05,0x20,0xB9,0x03,0x00,
  0x00,0x51,0xDC,0x05,0x14,0xBB,0x03,0x00,0x02,0x39,0xF4,0x01,0x08,0xBD,0x03,0x00,0x02,0x39,0xF4,0x01,0xFC,0xBE,0x03,0x00,
  0x02,0x39,0x9E,0x01,0xFC,0xBE,0x03,0x00,0x03,0x49,0xF4,0x01,0xFC,0xBE,0x03,0x00,0x00,0x55,0xF4,0x01,0x9A,0xC0,0x03,0x00,
  0x01,0x2D,0x1A,0x00,0xB6,0xC0,0x03,0x00,0x04,0x31,0x1A,0x00,0xD3,0xC0,0x03,0x00,0x02,0x34,0x1A,0x00,0xF0,0xC0,0x03,0x00,
  0x02,0x39,0xF4,0x01,0xF0,0xC0,0x03,0x00,0x04,0x45,0xDC,0x05,0xF0,0xC0,0x03,0x00,0x01,0x51,0xDC,0x05,0xE4,0xC2,0x03,0x00,
  0x02,0x39,0xF4,0x01,0xD8,0xC4,0x03,0x00,0x02,0x39,0xF4,0x01,0xCC,0xC6,0x03,0x00,0x02,0x39,0x9E,0x01,0xCC,0xC6,0x03,0x00,
  0x01,0x4C,0xF4,0x01,0xCC,0xC6,0x03,0x00,0x03,0x58,0xF4,0x01,0x6A,0xC8,0x03,0x00,0x00,0x2D,0x1A,0x00,0x86,0xC8,0x03,0x00,
  0x04,0x31,0x1A,0x00,0xA3,0xC8,0x03,0x00,0x02,0x34,0x1A,0x00,0xC0,0xC8,0x03,0x00,0x02,0x39,0xF4,0x01,0xC0,0xC8,0x03,0x00,
  0x04,0x45,0xDC,0x05,0xC0,0xC8,0x03,0x00,0x01,0x51,0xDC,0x05,0xB4,0xCA,0x03,0x00,0x02,0x39,0xF4,0x01,0xA8,0xCC,0x03,0x00,
  0x02,0x39,0xF4,0x01,0x9C,0xCE,0x03,0x00,0x02,0x39,0x9E,0x01,0x9C,0xCE,0x03,0x00,0x03,0x49,0xF4,0x01,0x9C,0xCE,0x03,0x00,
  0x00,0x55,0xF4,0x01,0x3A,0xD0,0x03,0x00,0x01,0x2D,0x1A,0x00,0x56,0xD0,0x03,0x00,0x04,0x31,0x1A,0x00,0x73,0xD0,0x03,0x00,
  0x02,0x34,0x1A,0x00,0x90,0xD0,0x03,0x00,0x02,0x39,0xF4,0x01,0x90,0xD0,0x03,0x00,0x04,0x45,0xF4,0x01,0x90,0xD0,0x03,0x00,
  0x01,0x51,0xF4,0x01,0x84,0xD2,0x03,0x00,0x02,0x39,0x9E,0x01,0x84,0xD2,0x03,0x00,0x03,0x49,0xF4,0x01,0x84,0xD2,0x03,0x00,
  0x00,0x55,0xF4,0x01,0x22,0xD4,0x03,0x00,0x01,0x2D,0x1A,0x00,0x3E,0xD4,0x03,0x00,0x04,0x31,0x1A,0x00,0x5B,0xD4,0x03,0x00,
  0x02,0x34,0x1A,0x00,0x78,0xD4,0x03,0x00,0x02,0x39,0xF4,0x01,0x78,0xD4,0x03,0x00,0x04,0x45,0xF4,0x01,0x78,0xD4,0x03,0x00,
  0x01,0x51,0xF4,0x01,0x6C,0xD6,0x03,0x00,0x02,0x39,0xF4,0x01,0x6C,0xD6,0x03,0x00,0x01,0x4C,0xF4,0x01,0x6C,0xD6,0x03,0x00,
  0x03,0x58,0xF4,0x01,0x60,0xD8,0x03,0x00,0x00,0x2D,0xE8,0x03,0x60,0xD8,0x03,0x00,0x04,0x45,0xE8,0x03,0x60,0xD8,0x03,0x00,
  0x01,0x51,0xE8,0x03,0x48,0xDC,0x03,0x00,0x00,0x2D,0xE8,0x03,0x48,0xDC,0x03,0x00,0x04,0x31,0xE8,0x03,0x48,0xDC,0x03,0x00,
  0x02,0x34,0xE8,0x03,0x48,0xDC,0x03,0x00,0x03,0x39,0xE8,0x03,0x48,0xDC,0x03,0x00,0x01,0x45,0xE8,0x03,0x48,0xDC,0x03,0x00,
  0x00,0x49,0xE8,0x03,0x48,0xDC,0x03,0x00,0x00,0x4C,0xE8,0x03,0x48,0xDC,0x03,0x00,0x00,0x51,0xE8,0x03,0x30,0xE0,0x03,0x00,
  0x00,0x2D,0xE8,0x03,0x30,0xE0,0x03,0x00,0x04,0x31,0xE8,0x03,0x30,0xE0,0x03,0x00,0x02,0x34,0xE8,0x03,0x30,0xE0,0x03,0x00,
  0x03,0x39,0xE8,0x03,0x30,0xE0,0x03,0x00,0x01,0x45,0xE8,0x03,0x30,0xE0,0x03,0x00,0x00,0x49,0xE8,0x03,0x30,0xE0,0x03,0x00,
  0x00,0x4C,0xE8,0x03,0x30,0xE0,0x03,0x00,0x00,0x51,0xE8,0x03,
};

// The Entertainer (20980 bytes)
static const uint8_t song_The_Entertainer[] PROGMEM = {
  0x53,0x54,0x50,0x4D,0x01,0x00,0x00,0x00,0x3D,0x0A,0x00,0x00,0x00,0x00,0x00,0x00,0x04,0x4A,0xD0,0x00,0x00,0x00,0x00,0x00,
  0x01,0x56,0xD0,0x00,0xD0,0x00,0x00,0x00,0x01,0x4C,0xD0,0x00,0xD0,0x00,0x00,0x00,0x03,0x58,0xD0,0x00,0xA0,0x01,0x00,0x00,
  0x02,0x48,0xD0,0x00,0xA0,0x01,0x00,0x00,0x04,0x54,0xD0,0x00,0x70,0x02,0x00,0x00,0x04,0x45,0xA1,0x01,0x70,0x02,0x00,0x00,
  0x01,0x51,0xA1,0x01,0x11,0x04,0x00,0x00,0x01,0x47,0xD0,0x00,0x11,0x04,0x00,0x00,0x03,0x53,0xD0,0x00,0xE1,0x04,0x00,0x00,
  0x02,0x43,0xA1,0x01,0xE1,0x04,0x00,0x00,0x04,0x4F,0xA1,0x01,0x82,0x06,0x00,0x00,0x02,0x3E,0xD0,0x00,0x82,0x06,0x00,0x00,
  0x04,0x4A,0xD0,0x00,0x52,0x07,0x00,0x00,0x04,0x40,0xD1,0x00,0x52,0x07,0x00,0x00,0x01,0x4C,0xD1,0x00,0x23,0x08,0x00,0x00,
  0x00,0x3C,0xD0,0x00,0x23,0x08,0x00,0x00,0x02,0x48,0xD0,0x00,0xF3,0x08,0x00,0x00,0x02,0x39,0xA1,0x01,0xF3,0x08,0x00,0x00,
  0x04,0x45,0xA1,0x01,0x94,0x0A,0x00,0x00,0x04,0x3B,0xD0,0x00,0x94,0x0A,0x00,0x00,0x01,0x47,0xD0,0x00,0x64,0x0B,0x00,0x00,
  0x00,0x37,0xA1,0x01,0x64,0x0B,0x00,0x00,0x02,0x43,0xA1,0x01,0x05,0x0D,0x00,0x00,0x00,0x32,0xD0,0x00,0x05,0x0D,0x00,0x00,
  0x02,0x3E,0xD0,0x00,0xD5,0x0D,0x00,0x00,0x02,0x34,0xD0,0x00,0xD5,0x0D,0x00,0x00,0x04,0x40,0xD0,0x00,0xA5,0x0E,0x00,0x00,
  0x03,0x30,0xD1,0x00,0xA5,0x0E,0x00,0x00,0x00,0x3C,0xD1,0x00,0x76,0x0F,0x00,0x00,0x00,0x2D,0xA0,0x01,0x76,0x0F,0x00,0x00,
  0x02,0x39,0xA0,0x01,0x16,0x11,0x00,0x00,0x02,0x2F,0xD1,0x00,0x16,0x11,0x00,0x00,0x04,0x3B,0xD1,0x00,0xE7,0x11,0x00,0x00,
  0x00,0x2D,0xD0,0x00,0xE7,0x11,0x00,0x00,0x02,0x39,0xD0,0x00,0xB7,0x12,0x00,0x00,0x04,0x2C,0xD0,0x00,0xB7,0x12,0x00,0x00,
  0x01,0x38,0xD0,0x00,0x87,0x13,0x00,0x00,0x03,0x2B,0xA1,0x01,0x87,0x13,0x00,0x00,0x00,0x37,0xA1,0x01,0xC9,0x16,0x00,0x00,
  0x01,0x1F,0xA0,0x01,0xC9,0x16,0x00,0x00,0x03,0x2B,0xA0,0x01,0xC9,0x16,0x00,0x00,0x02,0x43,0xA0,0x01,0xC9,0x16,0x00,0x00,
  0x04,0x47,0xA0,0x01,0xC9,0x16,0x00,0x00,0x00,0x4A,0xA0,0x01,0xC9,0x16,0x00,0x00,0x01,0x4F,0xA0,0x01,0x69,0x18,0x00,0x00,
  0x00,0x37,0xA1,0x01,0x69,0x18,0x00,0x00,0x04,0x3B,0xA1,0x01,0x69,0x18,0x00,0x00,0x02,0x3E,0xD1,0x00,0x3A,0x19,0x00,0x00,
  0x03,0x3F,0xD0,0x00,0x0A,0x1A,0x00,0x00,0x03,0x30,0xA1,0x01,0x0A,0x1A,0x00,0x00,0x04,0x40,0xD0,0x00,0xDA,0x1A,0x00,0x00,
  0x02,0x48,0xA1,0x01,0xAB,0x1B,0x00,0x00,0x03,0x34,0xA0,0x01,0xAB,0x1B,0x00,0x00,0x00,0x37,0xA0,0x01,0xAB,0x1B,0x00,0x00,
  0x01,0x3C,0xA0,0x01,0x7B,0x1C,0x00,0x00,0x04,0x40,0xD0,0x00,0x4B,0x1D,0x00,0x00,0x03,0x2B,0xA1,0x01,0x4B,0x1D,0x00,0x00,
  0x00,0x37,0xA1,0x01,0x4B,0x1D,0x00,0x00,0x02,0x48,0xA1,0x01,0xEC,0x1E,0x00,0x00,0x00,0x37,0xA1,0x01,0xEC,0x1E,0x00,0x00,
  0x03,0x3A,0xA1,0x01,0xEC,0x1E,0x00,0x00,0x01,0x3C,0xA1,0x01,0xEC,0x1E,0x00,0x00,0x04,0x40,0xD0,0x00,0xBC,0x1F,0x00,0x00,
  0x02,0x48,0xE2,0x04,0x8D,0x20,0x00,0x00,0x01,0x29,0xA0,0x01,0x8D,0x20,0x00,0x00,0x03,0x35,0xA0,0x01,0x2D,0x22,0x00,0x00,
  0x03,0x39,0xA1,0x01,0x2D,0x22,0x00,0x00,0x00,0x3C,0xA1,0x01,0xCE,0x23,0x00,0x00,0x00,0x28,0xA1,0x01,0xCE,0x23,0x00,0x00,
  0x03,0x34,0xA1,0x01,0x9E,0x24,0x00,0x00,0x02,0x48,0xD1,0x00,0x9E,0x24,0x00,0x00,0x01,0x4C,0xD1,0x00,0x9E,0x24,0x00,0x00,
  0x04,0x54,0xD1,0x00,0x6F,0x25,0x00,0x00,0x00,0x37,0xA0,0x01,0x6F,0x25,0x00,0x00,0x01,0x3C,0xA0,0x01,0x6F,0x25,0x00,0x00,
  0x04,0x4A,0xD0,0x00,0x6F,0x25,0x00,0x00,0x02,0x4D,0xD0,0x00,0x6F,0x25,0x00,0x00,0x03,0x56,0xD0,0x00,0x3F,0x26,0x00,0x00,
  0x02,0x4B,0xD0,0x00,0x3F,0x26,0x00,0x00,0x03,0x4E,0xD0,0x00,0x3F,0x26,0x00,0x00,0x04,0x57,0xD0,0x00,0x0F,0x27,0x00,0x00,
  0x03,0x2B,0xA1,0x01,0x0F,0x27,0x00,0x00,0x01,0x4C,0xD1,0x00,0x0F,0x27,0x00,0x00,0x04,0x4F,0xD1,0x00,0x0F,0x27,0x00,0x00,
  0x00,0x58,0xD1,0x00,0xE0,0x27,0x00,0x00,0x02,0x48,0xD0,0x00,0xE0,0x27,0x00,0x00,0x01,0x4C,0xD0,0x00,0xE0,0x27,0x00,0x00,
  0x04,0x54,0xD0,0x00,0xB0,0x28,0x00,0x00,0x02,0x34,0xA1,0x01,0xB0,0x28,0x00,0x00,0x00,0x37,0xA1,0x01,0xB0,0x28,0x00,0x00,
  0x01,0x3C,0xA1,0x01,0xB0,0x28,0x00,0x00,0x04,0x4A,0xD0,0x00,0xB0,0x28,0x00,0x00,0x03,0x4D,0xD0,0x00,0xB0,0x28,0x00,0x00,
  0x04,0x56,0xD0,0x00,0x80,0x29,0x00,0x00,0x03,0x4C,0xA1,0x01,0x80,0x29,0x00,0x00,0x04,0x4F,0xA1,0x01,0x80,0x29,0x00,0x00,
  0x02,0x58,0xA1,0x01,0x51,0x2A,0x00,0x00,0x00,0x2B,0xA0,0x01,0x21,0x2B,0x00,0x00,0x01,0x47,0xD0,0x00,0x21,0x2B,0x00,0x00,
  0x04,0x4A,0xD0,0x00,0x21,0x2B,0x00,0x00,0x03,0x53,0xD0,0x00,0xF1,0x2B,0x00,0x00,0x03,0x35,0xA1,0x01,0xF1,0x2B,0x00,0x00,
  0x00,0x37,0xA1,0x01,0xF1,0x2B,0x00,0x00,0x04,0x3B,0xA1,0x01,0xF1,0x2B,0x00,0x00,0x01,0x4A,0xA1,0x01,0xF1,0x2B,0x00,0x00,
  0x02,0x4D,0xA1,0x01,0xF1,0x2B,0x00,0x00,0x03,0x56,0xA1,0x01,0x92,0x2D,0x00,0x00,0x03,0x30,0xA1,0x01,0x92,0x2D,0x00,0x00,
  0x02,0x48,0xE2,0x04,0x92,0x2D,0x00,0x00,0x01,0x4C,0xE2,0x04,0x92,0x2D,0x00,0x00,0x04,0x54,0xE2,0x04,0x33,0x2F,0x00,0x00,
  0x03,0x34,0xA0,0x01,0x33,0x2F,0x00,0x00,0x00,0x37,0xA0,0x01,0x33,0x2F,0x00,0x00,0x03,0x3C,0xA0,0x01,0xD3,0x30,0x00,0x00,
  0x03,0x34,0xA1,0x01,0xD3,0x30,0x00,0x00,0x00,0x37,0xA1,0x01,0xD3,0x30,0x00,0x00,0x02,0x3C,0xA1,0x01,0x74,0x32,0x00,0x00,
  0x00,0x37,0xA1,0x01,0x74,0x32,0x00,0x00,0x04,0x3B,0xA1,0x01,0x74,0x32,0x00,0x00,0x02,0x3E,0xD0,0x00,0x44,0x33,0x00,0x00,
  0x03,0x3F,0xD1,0x00,0x15,0x34,0x00,0x00,0x03,0x30,0xA0,0x01,0x15,0x34,0x00,0x00,0x04,0x40,0xD0,0x00,0xE5,0x34,0x00,0x00,
  0x02,0x48,0xA1,0x01,0xB5,0x35,0x00,0x00,0x03,0x34,0xA1,0x01,0xB5,0x35,0x00,0x00,0x00,0x37,0xA1,0x01,0xB5,0x35,0x00,0x00,
  0x01,0x3C,0xA1,0x01,0x86,0x36,0x00,0x00,0x04,0x40,0xD0,0x00,0x56,0x37,0x00,0x00,0x03,0x2B,0xA1,0x01,0x56,0x37,0x00,0x00,
  0x00,0x37,0xA1,0x01,0x56,0x37,0x00,0x00,0x02,0x48,0xA1,0x01,0xF7,0x38,0x00,0x00,0x00,0x37,0xA0,0x01,0xF7,0x38,0x00,0x00,
  0x03,0x3A,0xA0,0x01,0xF7,0x38,0x00,0x00,0x01,0x3C,0xA0,0x01,0xF7,0x38,0x00,0x00,0x04,0x40,0xD0,0x00,0xC7,0x39,0x00,0x00,
  0x02,0x48,0xB2,0x05,0x97,0x3A,0x00,0x00,0x01,0x29,0xA1,0x01,0x97,0x3A,0x00,0x00,0x03,0x35,0xA1,0x01,0x38,0x3C,0x00,0x00,
  0x03,0x39,0xA1,0x01,0x38,0x3C,0x00,0x00,0x00,0x3C,0xA1,0x01,0xD9,0x3D,0x00,0x00,0x00,0x28,0xA0,0x01,0xD9,0x3D,0x00,0x00,
  0x03,0x34,0xA0,0x01,0x79,0x3F,0x00,0x00,0x04,0x27,0xA1,0x01,0x79,0x3F,0x00,0x00,0x01,0x33,0xA1,0x01,0x79,0x3F,0x00,0x00,
  0x00,0x45,0xD1,0x00,0x79,0x3F,0x00,0x00,0x02,0x48,0xD1,0x00,0x79,0x3F,0x00,0x00,0x03,0x51,0xD1,0x00,0x4A,0x40,0x00,0x00,
  0x02,0x43,0xD0,0x00,0x4A,0x40,0x00,0x00,0x03,0x48,0xD0,0x00,0x4A,0x40,0x00,0x00,0x00,0x4F,0xD0,0x00,0x1A,0x41,0x00,0x00,
  0x03,0x26,0xA1,0x01,0x1A,0x41,0x00,0x00,0x00,0x32,0xA1,0x01,0x1A,0x41,0x00,0x00,0x01,0x42,0xD0,0x00,0x1A,0x41,0x00,0x00,
  0x02,0x48,0xD0,0x00,0x1A,0x41,0x00,0x00,0x04,0x4E,0xD0,0x00,0xEA,0x41,0x00,0x00,0x04,0x45,0xD1,0x00,0xEA,0x41,0x00,0x00,
  0x01,0x51,0xD1,0x00,0xBB,0x42,0x00,0x00,0x00,0x32,0xA0,0x01,0xBB,0x42,0x00,0x00,0x04,0x36,0xA0,0x01,0xBB,0x42,0x00,0x00,
  0x02,0x39,0xA0,0x01,0xBB,0x42,0x00,0x00,0x01,0x3C,0xA0,0x01,0xBB,0x42,0x00,0x00,0x03,0x48,0xD0,0x00,0xBB,0x42,0x00,0x00,
  0x03,0x54,0xD0,0x00,0x8B,0x43,0x00,0x00,0x03,0x4C,0xA1,0x01,0x8B,0x43,0x00,0x00,0x00,0x58,0xA1,0x01,0x5B,0x44,0x00,0x00,
  0x01,0x32,0xA1,0x01,0x2C,0x45,0x00,0x00,0x04,0x4A,0xD0,0x00,0x2C,0x45,0x00,0x00,0x02,0x56,0xD0,0x00,0xFC,0x45,0x00,0x00,
  0x04,0x36,0xA1,0x01,0xFC,0x45,0x00,0x00,0x02,0x39,0xA1,0x01,0xFC,0x45,0x00,0x00,0x00,0x3C,0xA1,0x01,0xFC,0x45,0x00,0x00,
  0x03,0x48,0xD0,0x00,0xFC,0x45,0x00,0x00,0x01,0x54,0xD0,0x00,0xCC,0x46,0x00,0x00,0x01,0x45,0xD1,0x00,0xCC,0x46,0x00,0x00,
  0x03,0x51,0xD1,0x00,0x9D,0x47,0x00,0x00,0x00,0x37,0xA0,0x01,0x9D,0x47,0x00,0x00,0x04,0x3B,0xA0,0x01,0x9D,0x47,0x00,0x00,
  0x01,0x4A,0xE2,0x04,0x9D,0x47,0x00,0x00,0x02,0x4D,0xE2,0x04,0x9D,0x47,0x00,0x00,0x03,0x56,0xE2,0x04,0x3D,0x49,0x00,0x00,
  0x04,0x2B,0xA1,0x01,0x3D,0x49,0x00,0x00,0x00,0x37,0xA1,0x01,0xDE,0x4A,0x00,0x00,0x00,0x2D,0xA1,0x01,0xDE,0x4A,0x00,0x00,
  0x04,0x39,0xA1,0x01,0x7F,0x4C,0x00,0x00,0x02,0x2F,0xA0,0x01,0x7F,0x4C,0x00,0x00,0x04,0x3B,0xA0,0x01,0x7F,0x4C,0x00,0x00,
  0x03,0x3E,0xD0,0x00,0x4F,0x4D,0x00,0x00,0x03,0x3F,0xD0,0x00,0x1F,0x4E,0x00,0x00,0x03,0x30,0xA1,0x01,0x1F,0x4E,0x00,0x00,
  0x04,0x40,0xD1,0x00,0xF0,0x4E,0x00,0x00,0x02,0x48,0xA0,0x01,0xC0,0x4F,0x00,0x00,0x03,0x34,0xA1,0x01,0xC0,0x4F,0x00,0x00,
  0x00,0x37,0xA1,0x01,0xC0,0x4F,0x00,0x00,0x01,0x3C,0xA1,0x01,0x90,0x50,0x00,0x00,0x04,0x40,0xD1,0x00,0x61,0x51,0x00,0x00,
  0x03,0x2B,0xA0,0x01,0x61,0x51,0x00,0x00,0x00,0x37,0xA0,0x01,0x61,0x51,0x00,0x00,0x02,0x48,0xA0,0x01,0x01,0x53,0x00,0x00,
  0x00,0x37,0xA1,0x01,0x01,0x53,0x00,0x00,0x03,0x3A,0xA1,0x01,0x01,0x53,0x00,0x00,0x01,0x3C,0xA1,0x01,0x01,0x53,0x00,0x00,
  0x04,0x40,0xD1,0x00,0xD2,0x53,0x00,0x00,0x02,0x48,0xE2,0x04,0xA2,0x54,0x00,0x00,0x01,0x29,0xA1,0x01,0xA2,0x54,0x00,0x00,
  0x03,0x35,0xA1,0x01,0x43,0x56,0x00,0x00,0x03,0x39,0xA0,0x01,0x43,0x56,0x00,0x00,0x00,0x3C,0xA0,0x01,0xE3,0x57,0x00,0x00,
  0x00,0x28,0xA1,0x01,0xE3,0x57,0x00,0x00,0x03,0x34,0xA1,0x01,0xB4,0x58,0x00,0x00,0x02,0x48,0xD0,0x00,0xB4,0x58,0x00,0x00,
  0x01,0x4C,0xD0,0x00,0xB4,0x58,0x00,0x00,0x04,0x54,0xD0,0x00,0x84,0x59,0x00,0x00,0x00,0x37,0xA1,0x01,0x84,0x59,0x00,0x00,
  0x01,0x3C,0xA1,0x01,0x84,0x59,0x00,0x00,0x04,0x4A,0xD0,0x00,0x84,0x59,0x00,0x00,0x02,0x4D,0xD0,0x00,0x84,0x59,0x00,0x00,
  0x03,0x56,0xD0,0x00,0x54,0x5A,0x00,0x00,0x02,0x4B,0xD1,0x00,0x54,0x5A,0x00,0x00,0x03,0x4E,0xD1,0x00,0x54,0x5A,0x00,0x00,
  0x04,0x57,0xD1,0x00,0x25,0x5B,0x00,0x00,0x03,0x2B,0xA0,0x01,0x25,0x5B,0x00,0x00,0x01,0x4C,0xD0,0x00,0x25,0x5B,0x00,0x00,
  0x04,0x4F,0xD0,0x00,0x25,0x5B,0x00,0x00,0x00,0x58,0xD0,0x00,0xF5,0x5B,0x00,0x00,0x02,0x48,0xD0,0x00,0xF5,0x5B,0x00,0x00,
  0x01,0x4C,0xD0,0x00,0xF5,0x5B,0x00,0x00,0x04,0x54,0xD0,0x00,0xC5,0x5C,0x00,0x00,0x02,0x34,0xA1,0x01,0xC5,0x5C,0x00,0x00,
  0x00,0x37,0xA1,0x01,0xC5,0x5C,0x00,0x00,0x01,0x3C,0xA1,0x01,0xC5,0x5C,0x00,0x00,0x04,0x4A,0xD1,0x00,0xC5,0x5C,0x00,0x00,
  0x03,0x4D,0xD1,0x00,0xC5,0x5C,0x00,0x00,0x04,0x56,0xD1,0x00,0x96,0x5D,0x00,0x00,0x03,0x4C,0xA0,0x01,0x96,0x5D,0x00,0x00,
  0x04,0x4F,0xA0,0x01,0x96,0x5D,0x00,0x00,0x02,0x58,0xA0,0x01,0x66,0x5E,0x00,0x00,0x00,0x2B,0xA1,0x01,0x36,0x5F,0x00,0x00,
  0x01,0x47,0xD1,0x00,0x36,0x5F,0x00,0x00,0x04,0x4A,0xD1,0x00,0x36,0x5F,0x00,0x00,0x03,0x53,0xD1,0x00,0x07,0x60,0x00,0x00,
  0x03,0x35,0xA0,0x01,0x07,0x60,0x00,0x00,0x00,0x37,0xA0,0x01,0x07,0x60,0x00,0x00,0x04,0x3B,0xA0,0x01,0x07,0x60,0x00,0x00,
  0x01,0x4A,0xA0,0x01,0x07,0x60,0x00,0x00,0x02,0x4D,0xA0,0x01,0x07,0x60,0x00,0x00,0x03,0x56,0xA0,0x01,0xA7,0x61,0x00,0x00,
  0x03,0x30,0xA1,0x01,0xA7,0x61,0x00,0x00,0x02,0x48,0xE2,0x04,0xA7,0x61,0x00,0x00,0x01,0x4C,0xE2,0x04,0xA7,0x61,0x00,0x00,
  0x04,0x54,0xE2,0x04,0x48,0x63,0x00,0x00,0x03,0x34,0xA1,0x01,0x48,0x63,0x00,0x00,0x00,0x37,0xA1,0x01,0x48,0x63,0x00,0x00,
  0x03,0x3C,0xA1,0x01,0xE9,0x64,0x00,0x00,0x00,0x37,0xA0,0x01,0xE9,0x64,0x00,0x00,0x03,0x3C,0xA0,0x01,0xE9,0x64,0x00,0x00,
  0x02,0x40,0xA0,0x01,0x89,0x66,0x00,0x00,0x02,0x48,0xD1,0x00,0x89,0x66,0x00,0x00,0x04,0x54,0xD1,0x00,0x5A,0x67,0x00,0x00,
  0x04,0x4A,0xD0,0x00,0x5A,0x67,0x00,0x00,0x01,0x56,0xD0,0x00,0x2A,0x68,0x00,0x00,0x03,0x30,0xA1,0x01,0x2A,0x68,0x00,0x00,
  0x00,0x3C,0xA1,0x01,0x2A,0x68,0x00,0x00,0x01,0x4C,0xD0,0x00,0x2A,0x68,0x00,0x00,0x04,0x58,0xD0,0x00,0xFA,0x68,0x00,0x00,
  0x02,0x48,0xD1,0x00,0xFA,0x68,0x00,0x00,0x04,0x54,0xD1,0x00,0xCB,0x69,0x00,0x00,0x00,0x37,0xA0,0x01,0xCB,0x69,0x00,0x00,
  0x01,0x3C,0xA0,0x01,0xCB,0x69,0x00,0x00,0x04,0x40,0xA0,0x01,0xCB,0x69,0x00,0x00,0x02,0x4A,0xD0,0x00,0xCB,0x69,0x00,0x00,
  0x03,0x56,0xD0,0x00,0x9B,0x6A,0x00,0x00,0x02,0x4C,0xA1,0x01,0x9B,0x6A,0x00,0x00,0x03,0x58,0xA1,0x01,0x6B,0x6B,0x00,0x00,
  0x01,0x2E,0xA1,0x01,0x6B,0x6B,0x00,0x00,0x04,0x3A,0xA1,0x01,0x3C,0x6C,0x00,0x00,0x02,0x48,0xD0,0x00,0x3C,0x6C,0x00,0x00,
  0x00,0x54,0xD0,0x00,0x0C,0x6D,0x00,0x00,0x00,0x37,0xA1,0x01,0x0C,0x6D,0x00,0x00,0x01,0x3C,0xA1,0x01,0x0C,0x6D,0x00,0x00,
  0x04,0x40,0xA1,0x01,0x0C,0x6D,0x00,0x00,0x02,0x4A,0xD0,0x00,0x0C,0x6D,0x00,0x00,0x03,0x56,0xD0,0x00,0xDC,0x6D,0x00,0x00,
  0x02,0x48,0xD1,0x00,0xDC,0x6D,0x00,0x00,0x03,0x54,0xD1,0x00,0xAD,0x6E,0x00,0x00,0x00,0x2D,0xA0,0x01,0xAD,0x6E,0x00,0x00,
  0x02,0x39,0xA0,0x01,0xAD,0x6E,0x00,0x00,0x01,0x4C,0xD0,0x00,0xAD,0x6E,0x00,0x00,0x03,0x58,0xD0,0x00,0x7D,0x6F,0x00,0x00,
  0x03,0x48,0xD0,0x00,0x7D,0x6F,0x00,0x00,0x04,0x54,0xD0,0x00,0x4D,0x70,0x00,0x00,0x02,0x39,0xA1,0x01,0x4D,0x70,0x00,0x00,
  0x00,0x3C,0xA1,0x01,0x4D,0x70,0x00,0x00,0x01,0x41,0xA1,0x01,0x4D,0x70,0x00,0x00,0x04,0x4A,0xD1,0x00,0x4D,0x70,0x00,0x00,
  0x03,0x56,0xD1,0x00,0x1E,0x71,0x00,0x00,0x03,0x4C,0xA0,0x01,0x1E,0x71,0x00,0x00,0x04,0x58,0xA0,0x01,0xEE,0x71,0x00,0x00,
  0x00,0x2C,0xA1,0x01,0xEE,0x71,0x00,0x00,0x01,0x38,0xA1,0x01,0xBE,0x72,0x00,0x00,0x02,0x48,0xD1,0x00,0xBE,0x72,0x00,0x00,
  0x04,0x54,0xD1,0x00,0x8F,0x73,0x00,0x00,0x01,0x38,0xA0,0x01,0x8F,0x73,0x00,0x00,0x00,0x3C,0xA0,0x01,0x8F,0x73,0x00,0x00,
  0x02,0x41,0xA0,0x01,0x8F,0x73,0x00,0x00,0x04,0x4A,0xD0,0x00,0x8F,0x73,0x00,0x00,0x03,0x56,0xD0,0x00,0x5F,0x74,0x00,0x00,
  0x03,0x48,0xD0,0x00,0x5F,0x74,0x00,0x00,0x04,0x54,0xD0,0x00,0x2F,0x75,0x00,0x00,0x03,0x2B,0xA1,0x01,0x2F,0x75,0x00,0x00,
  0x00,0x37,0xA1,0x01,0x2F,0x75,0x00,0x00,0x01,0x4C,0xD1,0x00,0x2F,0x75,0x00,0x00,0x04,0x4F,0xD1,0x00,0x2F,0x75,0x00,0x00,
  0x02,0x58,0xD1,0x00,0x00,0x76,0x00,0x00,0x02,0x48,0xD0,0x00,0x00,0x76,0x00,0x00,0x01,0x4C,0xD0,0x00,0x00,0x76,0x00,0x00,
  0x04,0x54,0xD0,0x00,0xD0,0x76,0x00,0x00,0x00,0x37,0xA1,0x01,0xD0,0x76,0x00,0x00,0x01,0x3C,0xA1,0x01,0xD0,0x76,0x00,0x00,
  0x04,0x40,0xA1,0x01,0xD0,0x76,0x00,0x00,0x02,0x4A,0xD0,0x00,0xD0,0x76,0x00,0x00,0x03,0x4D,0xD0,0x00,0xD0,0x76,0x00,0x00,
  0x02,0x56,0xD0,0x00,0xA0,0x77,0x00,0x00,0x02,0x4C,0xA1,0x01,0xA0,0x77,0x00,0x00,0x03,0x4F,0xA1,0x01,0xA0,0x77,0x00,0x00,
  0x00,0x58,0xA1,0x01,0x71,0x78,0x00,0x00,0x04,0x2B,0xA0,0x01,0x41,0x79,0x00,0x00,0x01,0x47,0xD0,0x00,0x41,0x79,0x00,0x00,
  0x00,0x4A,0xD0,0x00,0x41,0x79,0x00,0x00,0x03,0x53,0xD0,0x00,0x11,0x7A,0x00,0x00,0x00,0x37,0xA1,0x01,0x11,0x7A,0x00,0x00,
  0x04,0x3B,0xA1,0x01,0x11,0x7A,0x00,0x00,0x01,0x4A,0xA1,0x01,0x11,0x7A,0x00,0x00,0x02,0x4D,0xA1,0x01,0x11,0x7A,0x00,0x00,
  0x03,0x56,0xA1,0x01,0xB2,0x7B,0x00,0x00,0x03,0x30,0xA1,0x01,0xB2,0x7B,0x00,0x00,0x00,0x37,0xA1,0x01,0xB2,0x7B,0x00,0x00,
  0x01,0x3C,0xA1,0x01,0xB2,0x7B,0x00,0x00,0x02,0x48,0xE2,0x04,0xB2,0x7B,0x00,0x00,0x04,0x4C,0xE2,0x04,0xB2,0x7B,0x00,0x00,
  0x03,0x54,0xE2,0x04,0x53,0x7D,0x00,0x00,0x00,0x2B,0xA0,0x01,0x53,0x7D,0x00,0x00,0x01,0x37,0xA0,0x01,0xF3,0x7E,0x00,0x00,
  0x00,0x2D,0xA1,0x01,0xF3,0x7E,0x00,0x00,0x01,0x39,0xA1,0x01,0x94,0x80,0x00,0x00,0x02,0x2F,0xA1,0x01,0x94,0x80,0x00,0x00,
  0x04,0x3B,0xA1,0x01,0x94,0x80,0x00,0x00,0x03,0x3E,0xD0,0x00,0x64,0x81,0x00,0x00,0x03,0x3F,0xD1,0x00,0x35,0x82,0x00,0x00,
  0x03,0x30,0xA0,0x01,0x35,0x82,0x00,0x00,0x04,0x40,0xD0,0x00,0x05,0x83,0x00,0x00,0x02,0x48,0xA1,0x01,0xD5,0x83,0x00,0x00,
  0x03,0x34,0xA1,0x01,0xD5,0x83,0x00,0x00,0x00,0x37,0xA1,0x01,0xD5,0x83,0x00,0x00,0x01,0x3C,0xA1,0x01,0xA6,0x84,0x00,0x00,
  0x04,0x40,0xD0,0x00,0x76,0x85,0x00,0x00,0x03,0x2B,0xA1,0x01,0x76,0x85,0x00,0x00,0x00,0x37,0xA1,0x01,0x76,0x85,0x00,0x00,
  0x02,0x48,0xA1,0x01,0x17,0x87,0x00,0x00,0x00,0x37,0xA0,0x01,0x17,0x87,0x00,0x00,0x03,0x3A,0xA0,0x01,0x17,0x87,0x00,0x00,
  0x01,0x3C,0xA0,0x01,0x17,0x87,0x00,0x00,0x04,0x40,0xD0,0x00,0xE7,0x87,0x00,0x00,0x02,0x48,0xE2,0x04,0xB7,0x88,0x00,0x00,
  0x01,0x29,0xA1,0x01,0xB7,0x88,0x00,0x00,0x03,0x35,0xA1,0x01,0x58,0x8A,0x00,0x00,0x03,0x39,0xA1,0x01,0x58,0x8A,0x00,0x00,
  0x00,0x3C,0xA1,0x01,0xF9,0x8B,0x00,0x00,0x00,0x28,0xA0,0x01,0xF9,0x8B,0x00,0x00,0x03,0x34,0xA0,0x01,0xC9,0x8C,0x00,0x00,
  0x02,0x48,0xD0,0x00,0xC9,0x8C,0x00,0x00,0x01,0x4C,0xD0,0x00,0xC9,0x8C,0x00,0x00,0x04,0x54,0xD0,0x00,0x99,0x8D,0x00,0x00,
  0x00,0x37,0xA1,0x01,0x99,0x8D,0x00,0x00,0x01,0x3C,0xA1,0x01,0x99,0x8D,0x00,0x00,0x04,0x4A,0xD1,0x00,0x99,0x8D,0x00,0x00,
  0x02,0x4D,0xD1,0x00,0x99,0x8D,0x00,0x00,0x03,0x56,0xD1,0x00,0x6A,0x8E,0x00,0x00,0x02,0x4B,0xD0,0x00,0x6A,0x8E,0x00,0x00,
  0x03,0x4E,0xD0,0x00,0x6A,0x8E,0x00,0x00,0x04,0x57,0xD0,0x00,0x3A,0x8F,0x00,0x00,0x03,0x2B,0xA1,0x01,0x3A,0x8F,0x00,0x00,
  0x01,0x4C,0xD0,0x00,0x3A,0x8F,0x00,0x00,0x04,0x4F,0xD0,0x00,0x3A,0x8F,0x00,0x00,0x00,0x58,0xD0,0x00,0x0A,0x90,0x00,0x00,
  0x02,0x48,0xD1,0x00,0x0A,0x90,0x00,0x00,0x01,0x4C,0xD1,0x00,0x0A,0x90,0x00,0x00,0x04,0x54,0xD1,0x00,0xDB,0x90,0x00,0x00,
  0x02,0x34,0xA0,0x01,0xDB,0x90,0x00,0x00,0x00,0x37,0xA0,0x01,0xDB,0x90,0x00,0x00,0x01,0x3C,0xA0,0x01,0xDB,0x90,0x00,0x00,
  0x04,0x4A,0xD0,0x00,0xDB,0x90,0x00,0x00,0x03,0x4D,0xD0,0x00,0xDB,0x90,0x00,0x00,0x04,0x56,0xD0,0x00,0xAB,0x91,0x00,0x00,
  0x03,0x4C,0xA1,0x01,0xAB,0x91,0x00,0x00,0x04,0x4F,0xA1,0x01,0xAB,0x91,0x00,0x00,0x02,0x58,0xA1,0x01,0x7B,0x92,0x00,0x00,
  0x00,0x2B,0xA1,0x01,0x4C,0x93,0x00,0x00,0x01,0x47,0xD0,0x00,0x4C,0x93,0x00,0x00,0x04,0x4A,0xD0,0x00,0x4C,0x93,0x00,0x00,
  0x03,0x53,0xD0,0x00,0x1C,0x94,0x00,0x00,0x03,0x35,0xA1,0x01,0x1C,0x94,0x00,0x00,0x00,0x37,0xA1,0x01,0x1C,0x94,0x00,0x00,
  0x04,0x3B,0xA1,0x01,0x1C,0x94,0x00,0x00,0x01,0x4A,0xA1,0x01,0x1C,0x94,0x00,0x00,0x02,0x4D,0xA1,0x01,0x1C,0x94,0x00,0x00,
  0x03,0x56,0xA1,0x01,0xBD,0x95,0x00,0x00,0x03,0x30,0xA0,0x01,0xBD,0x95,0x00,0x00,0x02,0x48,0xE2,0x04,0xBD,0x95,0x00,0x00,
  0x01,0x4C,0xE2,0x04,0xBD,0x95,0x00,0x00,0x04,0x54,0xE2,0x04,0x5D,0x97,0x00,0x00,0x03,0x34,0xA1,0x01,0x5D,0x97,0x00,0x00,
  0x00,0x37,0xA1,0x01,0x5D,0x97,0x00,0x00,0x03,0x3C,0xA1,0x01,0xFE,0x98,0x00,0x00,0x03,0x34,0xA1,0x01,0xFE,0x98,0x00,0x00,
  0x00,0x37,0xA1,0x01,0xFE,0x98,0x00,0x00,0x02,0x3C,0xA1,0x01,0x9F,0x9A,0x00,0x00,0x00,0x37,0xA0,0x01,0x9F,0x9A,0x00,0x00,
  0x04,0x3B,0xA0,0x01,0x9F,0x9A,0x00,0x00,0x02,0x3E,0xD0,0x00,0x6F,0x9B,0x00,0x00,0x03,0x3F,0xD0,0x00,0x3F,0x9C,0x00,0x00,
  0x03,0x30,0xA1,0x01,0x3F,0x9C,0x00,0x00,0x04,0x40,0xD1,0x00,0x10,0x9D,0x00,0x00,0x02,0x48,0xA0,0x01,0xE0,0x9D,0x00,0x00,
  0x03,0x34,0xA1,0x01,0xE0,0x9D,0x00,0x00,0x00,0x37,0xA1,0x01,0xE0,0x9D,0x00,0x00,0x01,0x3C,0xA1,0x01,0xB0,0x9E,0x00,0x00,
  0x04,0x40,0xD1,0x00,0x81,0x9F,0x00,0x00,0x03,0x2B,0xA0,0x01,0x81,0x9F,0x00,0x00,0x00,0x37,0xA0,0x01,0x81,0x9F,0x00,0x00,
  0x02,0x48,0xA0,0x01,0x21,0xA1,0x00,0x00,0x00,0x37,0xA1,0x01,0x21,0xA1,0x00,0x00,0x03,0x3A,0xA1,0x01,0x21,0xA1,0x00,0x00,
  0x01,0x3C,0xA1,0x01,0x21,0xA1,0x00,0x00,0x04,0x40,0xD1,0x00,0xF2,0xA1,0x00,0x00,0x02,0x48,0xB2,0x05,0xC2,0xA2,0x00,0x00,
  0x01,0x29,0xA1,0x01,0xC2,0xA2,0x00,0x00,0x03,0x35,0xA1,0x01,0x63,0xA4,0x00,0x00,0x03,0x39,0xA0,0x01,0x63,0xA4,0x00,0x00,
  0x00,0x3C,0xA0,0x01,0x03,0xA6,0x00,0x00,0x00,0x28,0xA1,0x01,0x03,0xA6,0x00,0x00,0x03,0x34,0xA1,0x01,0xA4,0xA7,0x00,0x00,
  0x04,0x27,0xA1,0x01,0xA4,0xA7,0x00,0x00,0x01,0x33,0xA1,0x01,0xA4,0xA7,0x00,0x00,0x00,0x45,0xD0,0x00,0xA4,0xA7,0x00,0x00,
  0x02,0x48,0xD0,0x00,0xA4,0xA7,0x00,0x00,0x03,0x51,0xD0,0x00,0x74,0xA8,0x00,0x00,0x02,0x43,0xD1,0x00,0x74,0xA8,0x00,0x00,
  0x03,0x48,0xD1,0x00,0x74,0xA8,0x00,0x00,0x00,0x4F,0xD1,0x00,0x45,0xA9,0x00,0x00,0x03,0x26,0xA0,0x01,0x45,0xA9,0x00,0x00,
  0x00,0x32,0xA0,0x01,0x45,0xA9,0x00,0x00,0x01,0x42,0xD0,0x00,0x45,0xA9,0x00,0x00,0x02,0x48,0xD0,0x00,0x45,0xA9,0x00,0x00,
  0x04,0x4E,0xD0,0x00,0x15,0xAA,0x00,0x00,0x04,0x45,0xD0,0x00,0x15,0xAA,0x00,0x00,0x01,0x51,0xD0,0x00,0xE5,0xAA,0x00,0x00,
  0x00,0x32,0xA1,0x01,0xE5,0xAA,0x00,0x00,0x04,0x36,0xA1,0x01,0xE5,0xAA,0x00,0x00,0x02,0x39,0xA1,0x01,0xE5,0xAA,0x00,0x00,
  0x01,0x3C,0xA1,0x01,0xE5,0xAA,0x00,0x00,0x03,0x48,0xD1,0x00,0xE5,0xAA,0x00,0x00,0x03,0x54,0xD1,0x00,0xB6,0xAB,0x00,0x00,
  0x03,0x4C,0xA0,0x01,0xB6,0xAB,0x00,0x00,0x00,0x58,0xA0,0x01,0x86,0xAC,0x00,0x00,0x01,0x32,0xA1,0x01,0x56,0xAD,0x00,0x00,
  0x04,0x4A,0xD1,0x00,0x56,0xAD,0x00,0x00,0x02,0x56,0xD1,0x00,0x27,0xAE,0x00,0x00,0x04,0x36,0xA0,0x01,0x27,0xAE,0x00,0x00,
  0x02,0x39,0xA0,0x01,0x27,0xAE,0x00,0x00,0x00,0x3C,0xA0,0x01,0x27,0xAE,0x00,0x00,0x03,0x48,0xD0,0x00,0x27,0xAE,0x00,0x00,
  0x01,0x54,0xD0,0x00,0xF7,0xAE,0x00,0x00,0x01,0x45,0xD0,0x00,0xF7,0xAE,0x00,0x00,0x03,0x51,0xD0,0x00,0xC7,0xAF,0x00,0x00,
  0x00,0x37,0xA1,0x01,0xC7,0xAF,0x00,0x00,0x04,0x3B,0xA1,0x01,0xC7,0xAF,0x00,0x00,0x01,0x4A,0xE2,0x04,0xC7,0xAF,0x00,0x00,
  0x02,0x4D,0xE2,0x04,0xC7,0xAF,0x00,0x00,0x03,0x56,0xE2,0x04,0x68,0xB1,0x00,0x00,0x04,0x2B,0xA1,0x01,0x68,0xB1,0x00,0x00,
  0x00,0x37,0xA1,0x01,0x09,0xB3,0x00,0x00,0x00,0x2D,0xA0,0x01,0x09,0xB3,0x00,0x00,0x04,0x39,0xA0,0x01,0xA9,0xB4,0x00,0x00,
  0x02,0x2F,0xA1,0x01,0xA9,0xB4,0x00,0x00,0x04,0x3B,0xA1,0x01,0xA9,0xB4,0x00,0x00,0x03,0x3E,0xD1,0x00,0x7A,0xB5,0x00,0x00,
  0x03,0x3F,0xD0,0x00,0x4A,0xB6,0x00,0x00,0x03,0x30,0xA1,0x01,0x4A,0xB6,0x00,0x00,0x04,0x40,0xD0,0x00,0x1A,0xB7,0x00,0x00,
  0x02,0x48,0xA1,0x01,0xEB,0xB7,0x00,0x00,0x03,0x34,0xA0,0x01,0xEB,0xB7,0x00,0x00,0x00,0x37,0xA0,0x01,0xEB,0xB7,0x00,0x00,
  0x01,0x3C,0xA0,0x01,0xBB,0xB8,0x00,0x00,0x04,0x40,0xD0,0x00,0x8B,0xB9,0x00,0x00,0x03,0x2B,0xA1,0x01,0x8B,0xB9,0x00,0x00,
  0x00,0x37,0xA1,0x01,0x8B,0xB9,0x00,0x00,0x02,0x48,0xA1,0x01,0x2C,0xBB,0x00,0x00,0x00,0x37,0xA1,0x01,0x2C,0xBB,0x00,0x00,
  0x03,0x3A,0xA1,0x01,0x2C,0xBB,0x00,0x00,0x01,0x3C,0xA1,0x01,0x2C,0xBB,0x00,0x00,0x04,0x40,0xD0,0x00,0xFC,0xBB,0x00,0x00,
  0x02,0x48,0xE2,0x04,0xCD,0xBC,0x00,0x00,0x01,0x29,0xA0,0x01,0xCD,0xBC,0x00,0x00,0x03,0x35,0xA0,0x01,0x6D,0xBE,0x00,0x00,
  0x03,0x39,0xA1,0x01,0x6D,0xBE,0x00,0x00,0x00,0x3C,0xA1,0x01,0x0E,0xC0,0x00,0x00,0x00,0x28,0xA1,0x01,0x0E,0xC0,0x00,0x00,
  0x03,0x34,0xA1,0x01,0xDE,0xC0,0x00,0x00,0x02,0x48,0xD1,0x00,0xDE,0xC0,0x00,0x00,0x01,0x4C,0xD1,0x00,0xDE,0xC0,0x00,0x00,
  0x04,0x54,0xD1,0x00,0xAF,0xC1,0x00,0x00,0x00,0x37,0xA0,0x01,0xAF,0xC1,0x00,0x00,0x01,0x3C,0xA0,0x01,0xAF,0xC1,0x00,0x00,
  0x04,0x4A,0xD0,0x00,0xAF,0xC1,0x00,0x00,0x02,0x4D,0xD0,0x00,0xAF,0xC1,0x00,0x00,0x03,0x56,0xD0,0x00,0x7F,0xC2,0x00,0x00,
  0x02,0x4B,0xD0,0x00,0x7F,0xC2,0x00,0x00,0x03,0x4E,0xD0,0x00,0x7F,0xC2,0x00,0x00,0x04,0x57,0xD0,0x00,0x4F,0xC3,0x00,0x00,
  0x03,0x2B,0xA1,0x01,0x4F,0xC3,0x00,0x00,0x01,0x4C,0xD1,0x00,0x4F,0xC3,0x00,0x00,0x04,0x4F,0xD1,0x00,0x4F,0xC3,0x00,0x00,
  0x00,0x58,0xD1,0x00,0x20,0xC4,0x00,0x00,0x02,0x48,0xD0,0x00,0x20,0xC4,0x00,0x00,0x01,0x4C,0xD0,0x00,0x20,0xC4,0x00,0x00,
  0x04,0x54,0xD0,0x00,0xF0,0xC4,0x00,0x00,0x02,0x34,0xA1,0x01,0xF0,0xC4,0x00,0x00,0x00,0x37,0xA1,0x01,0xF0,0xC4,0x00,0x00,
  0x01,0x3C,0xA1,0x01,0xF0,0xC4,0x00,0x00,0x04,0x4A,0xD0,0x00,0xF0,0xC4,0x00,0x00,0x03,0x4D,0xD0,0x00,0xF0,0xC4,0x00,0x00,
  0x04,0x56,0xD0,0x00,0xC0,0xC5,0x00,0x00,0x03,0x4C,0xA1,0x01,0xC0,0xC5,0x00,0x00,0x04,0x4F,0xA1,0x01,0xC0,0xC5,0x00,0x00,
  0x02,0x58,0xA1,0x01,0x91,0xC6,0x00,0x00,0x00,0x2B,0xA0,0x01,0x61,0xC7,0x00,0x00,0x01,0x47,0xD0,0x00,0x61,0xC7,0x00,0x00,
  0x04,0x4A,0xD0,0x00,0x61,0xC7,0x00,0x00,0x03,0x53,0xD0,0x00,0x31,0xC8,0x00,0x00,0x03,0x35,0xA1,0x01,0x31,0xC8,0x00,0x00,
  0x00,0x37,0xA1,0x01,0x31,0xC8,0x00,0x00,0x04,0x3B,0xA1,0x01,0x31,0xC8,0x00,0x00,0x01,0x4A,0xA1,0x01,0x31,0xC8,0x00,0x00,
  0x02,0x4D,0xA1,0x01,0x31,0xC8,0x00,0x00,0x03,0x56,0xA1,0x01,0xD2,0xC9,0x00,0x00,0x03,0x30,0xA1,0x01,0xD2,0xC9,0x00,0x00,
  0x02,0x48,0xE2,0x04,0xD2,0xC9,0x00,0x00,0x01,0x4C,0xE2,0x04,0xD2,0xC9,0x00,0x00,0x04,0x54,0xE2,0x04,0x73,0xCB,0x00,0x00,
  0x03,0x34,0xA0,0x01,0x73,0xCB,0x00,0x00,0x00,0x37,0xA0,0x01,0x73,0xCB,0x00,0x00,0x03,0x3C,0xA0,0x01,0x13,0xCD,0x00,0x00,
  0x00,0x37,0xA1,0x01,0x13,0xCD,0x00,0x00,0x03,0x3C,0xA1,0x01,0x13,0xCD,0x00,0x00,0x02,0x40,0xA1,0x01,0xB4,0xCE,0x00,0x00,
  0x02,0x48,0xD0,0x00,0xB4,0xCE,0x00,0x00,0x04,0x54,0xD0,0x00,0x84,0xCF,0x00,0x00,0x04,0x4A,0xD1,0x00,0x84,0xCF,0x00,0x00,
  0x01,0x56,0xD1,0x00,0x55,0xD0,0x00,0x00,0x03,0x30,0xA0,0x01,0x55,0xD0,0x00,0x00,0x00,0x3C,0xA0,0x01,0x55,0xD0,0x00,0x00,
  0x01,0x4C,0xD0,0x00,0x55,0xD0,0x00,0x00,0x04,0x58,0xD0,0x00,0x25,0xD1,0x00,0x00,0x02,0x48,0xD0,0x00,0x25,0xD1,0x00,0x00,
  0x04,0x54,0xD0,0x00,0xF5,0xD1,0x00,0x00,0x00,0x37,0xA1,0x01,0xF5,0xD1,0x00,0x00,0x01,0x3C,0xA1,0x01,0xF5,0xD1,0x00,0x00,
  0x04,0x40,0xA1,0x01,0xF5,0xD1,0x00,0x00,0x02,0x4A,0xD1,0x00,0xF5,0xD1,0x00,0x00,0x03,0x56,0xD1,0x00,0xC6,0xD2,0x00,0x00,
  0x02,0x4C,0xA0,0x01,0xC6,0xD2,0x00,0x00,0x03,0x58,0xA0,0x01,0x96,0xD3,0x00,0x00,0x01,0x2E,0xA1,0x01,0x96,0xD3,0x00,0x00,
  0x04,0x3A,0xA1,0x01,0x66,0xD4,0x00,0x00,0x02,0x48,0xD1,0x00,0x66,0xD4,0x00,0x00,0x00,0x54,0xD1,0x00,0x37,0xD5,0x00,0x00,
  0x00,0x37,0xA0,0x01,0x37,0xD5,0x00,0x00,0x01,0x3C,0xA0,0x01,0x37,0xD5,0x00,0x00,0x04,0x40,0xA0,0x01,0x37,0xD5,0x00,0x00,
  0x02,0x4A,0xD0,0x00,0x37,0xD5,0x00,0x00,0x03,0x56,0xD0,0x00,0x07,0xD6,0x00,0x00,0x02,0x48,0xD0,0x00,0x07,0xD6,0x00,0x00,
  0x03,0x54,0xD0,0x00,0xD7,0xD6,0x00,0x00,0x00,0x2D,0xA1,0x01,0xD7,0xD6,0x00,0x00,0x02,0x39,0xA1,0x01,0xD7,0xD6,0x00,0x00,
  0x01,0x4C,0xD1,0x00,0xD7,0xD6,0x00,0x00,0x03,0x58,0xD1,0x00,0xA8,0xD7,0x00,0x00,0x03,0x48,0xD0,0x00,0xA8,0xD7,0x00,0x00,
  0x04,0x54,0xD0,0x00,0x78,0xD8,0x00,0x00,0x02,0x39,0xA1,0x01,0x78,0xD8,0x00,0x00,0x00,0x3C,0xA1,0x01,0x78,0xD8,0x00,0x00,
  0x01,0x41,0xA1,0x01,0x78,0xD8,0x00,0x00,0x04,0x4A,0xD0,0x00,0x78,0xD8,0x00,0x00,0x03,0x56,0xD0,0x00,0x48,0xD9,0x00,0x00,
  0x03,0x4C,0xA1,0x01,0x48,0xD9,0x00,0x00,0x04,0x58,0xA1,0x01,0x19,0xDA,0x00,0x00,0x00,0x2C,0xA0,0x01,0x19,0xDA,0x00,0x00,
  0x01,0x38,0xA0,0x01,0xE9,0xDA,0x00,0x00,0x02,0x48,0xD0,0x00,0xE9,0xDA,0x00,0x00,0x04,0x54,0xD0,0x00,0xB9,0xDB,0x00,0x00,
  0x01,0x38,0xA1,0x01,0xB9,0xDB,0x00,0x00,0x00,0x3C,0xA1,0x01,0xB9,0xDB,0x00,0x00,0x02,0x41,0xA1,0x01,0xB9,0xDB,0x00,0x00,
  0x04,0x4A,0xD1,0x00,0xB9,0xDB,0x00,0x00,0x03,0x56,0xD1,0x00,0x8A,0xDC,0x00,0x00,0x03,0x48,0xD0,0x00,0x8A,0xDC,0x00,0x00,
  0x04,0x54,0xD0,0x00,0x5A,0xDD,0x00,0x00,0x03,0x2B,0xA1,0x01,0x5A,0xDD,0x00,0x00,0x00,0x37,0xA1,0x01,0x5A,0xDD,0x00,0x00,
  0x01,0x4C,0xD0,0x00,0x5A,0xDD,0x00,0x00,0x04,0x4F,0xD0,0x00,0x5A,0xDD,0x00,0x00,0x02,0x58,0xD0,0x00,0x2A,0xDE,0x00,0x00,
  0x02,0x48,0xD1,0x00,0x2A,0xDE,0x00,0x00,0x01,0x4C,0xD1,0x00,0x2A,0xDE,0x00,0x00,0x04,0x54,0xD1,0x00,0xFB,0xDE,0x00,0x00,
  0x00,0x37,0xA0,0x01,0xFB,0xDE,0x00,0x00,0x01,0x3C,0xA0,0x01,0xFB,0xDE,0x00,0x00,0x04,0x40,0xA0,0x01,0xFB,0xDE,0x00,0x00,
  0x02,0x4A,0xD0,0x00,0xFB,0xDE,0x00,0x00,0x03,0x4D,0xD0,0x00,0xFB,0xDE,0x00,0x00,0x02,0x56,0xD0,0x00,0xCB,0xDF,0x00,0x00,
  0x02,0x4C,0xA1,0x01,0xCB,0xDF,0x00,0x00,0x03,0x4F,0xA1,0x01,0xCB,0xDF,0x00,0x00,0x00,0x58,0xA1,0x01,0x9B,0xE0,0x00,0x00,
  0x04,0x2B,0xA1,0x01,0x6C,0xE1,0x00,0x00,0x01,0x47,0xD0,0x00,0x6C,0xE1,0x00,0x00,0x00,0x4A,0xD0,0x00,0x6C,0xE1,0x00,0x00,
  0x03,0x53,0xD0,0x00,0x3C,0xE2,0x00,0x00,0x00,0x37,0xA1,0x01,0x3C,0xE2,0x00,0x00,0x04,0x3B,0xA1,0x01,0x3C,0xE2,0x00,0x00,
  0x01,0x4A,0xA1,0x01,0x3C,0xE2,0x00,0x00,0x02,0x4D,0xA1,0x01,0x3C,0xE2,0x00,0x00,0x03,0x56,0xA1,0x01,0xDD,0xE3,0x00,0x00,
  0x03,0x30,0xA0,0x01,0xDD,0xE3,0x00,0x00,0x00,0x37,0xA0,0x01,0xDD,0xE3,0x00,0x00,0x01,0x3C,0xA0,0x01,0xDD,0xE3,0x00,0x00,
  0x02,0x48,0x11,0x04,0xDD,0xE3,0x00,0x00,0x04,0x4C,0x11,0x04,0xDD,0xE3,0x00,0x00,0x03,0x54,0x11,0x04,0x7D,0xE5,0x00,0x00,
  0x00,0x2B,0xA1,0x01,0x7D,0xE5,0x00,0x00,0x01,0x37,0xA1,0x01,0x1E,0xE7,0x00,0x00,0x01,0x24,0xA1,0x01,0x1E,0xE7,0x00,0x00,
  0x00,0x30,0xA1,0x01,0xEE,0xE7,0x00,0x00,0x04,0x40,0xD1,0x00,0xEE,0xE7,0x00,0x00,0x02,0x48,0xD1,0x00,0xEE,0xE7,0x00,0x00,
  0x03,0x4C,0xD1,0x00,0xBF,0xE8,0x00,0x00,0x00,0x41,0xD0,0x00,0xBF,0xE8,0x00,0x00,0x04,0x4A,0xD0,0x00,0xBF,0xE8,0x00,0x00,
  0x02,0x4D,0xD0,0x00,0x8F,0xE9,0x00,0x00,0x01,0x42,0xD0,0x00,0x8F,0xE9,0x00,0x00,0x00,0x4B,0xD0,0x00,0x8F,0xE9,0x00,0x00,
  0x03,0x4E,0xD0,0x00,0x5F,0xEA,0x00,0x00,0x01,0x24,0xA1,0x01,0x5F,0xEA,0x00,0x00,0x03,0x30,0xA1,0x01,0x5F,0xEA,0x00,0x00,
  0x02,0x43,0xA1,0x01,0x5F,0xEA,0x00,0x00,0x04,0x4C,0xA1,0x01,0x5F,0xEA,0x00,0x00,0x00,0x4F,0xA1,0x01,0x00,0xEC,0x00,0x00,
  0x00,0x37,0xA1,0x01,0x00,0xEC,0x00,0x00,0x01,0x3C,0xA1,0x01,0x00,0xEC,0x00,0x00,0x04,0x40,0xA1,0x01,0x00,0xEC,0x00,0x00,
  0x02,0x45,0xD0,0x00,0x00,0xEC,0x00,0x00,0x03,0x4C,0xD0,0x00,0x00,0xEC,0x00,0x00,0x02,0x51,0xD0,0x00,0xD0,0xEC,0x00,0x00,
  0x02,0x43,0xA1,0x01,0xD0,0xEC,0x00,0x00,0x03,0x4C,0xA1,0x01,0xD0,0xEC,0x00,0x00,0x00,0x4F,0xA1,0x01,0xA1,0xED,0x00,0x00,
  0x04,0x2B,0xA0,0x01,0x71,0xEE,0x00,0x00,0x00,0x40,0xD0,0x00,0x71,0xEE,0x00,0x00,0x02,0x48,0xD0,0x00,0x71,0xEE,0x00,0x00,
  0x01,0x4C,0xD0,0x00,0x41,0xEF,0x00,0x00,0x00,0x37,0xA1,0x01,0x41,0xEF,0x00,0x00,0x01,0x3C,0xA1,0x01,0x41,0xEF,0x00,0x00,
  0x04,0x40,0xA1,0x01,0x41,0xEF,0x00,0x00,0x02,0x41,0xD1,0x00,0x41,0xEF,0x00,0x00,0x03,0x4A,0xD1,0x00,0x41,0xEF,0x00,0x00,
  0x02,0x4D,0xD1,0x00,0x12,0xF0,0x00,0x00,0x02,0x42,0xD0,0x00,0x12,0xF0,0x00,0x00,0x03,0x4B,0xD0,0x00,0x12,0xF0,0x00,0x00,
  0x00,0x4E,0xD0,0x00,0xE2,0xF0,0x00,0x00,0x03,0x30,0xA1,0x01,0xE2,0xF0,0x00,0x00,0x02,0x43,0xA1,0x01,0xE2,0xF0,0x00,0x00,
  0x01,0x4C,0xA1,0x01,0xE2,0xF0,0x00,0x00,0x04,0x4F,0xA1,0x01,0x83,0xF2,0x00,0x00,0x00,0x37,0xA0,0x01,0x83,0xF2,0x00,0x00,
  0x01,0x3C,0xA0,0x01,0x83,0xF2,0x00,0x00,0x04,0x40,0xA0,0x01,0x83,0xF2,0x00,0x00,0x02,0x45,0xD0,0x00,0x83,0xF2,0x00,0x00,
  0x03,0x4C,0xD0,0x00,0x83,0xF2,0x00,0x00,0x02,0x51,0xD0,0x00,0x53,0xF3,0x00,0x00,0x02,0x43,0xA1,0x01,0x53,0xF3,0x00,0x00,
  0x03,0x4C,0xA1,0x01,0x53,0xF3,0x00,0x00,0x00,0x4F,0xA1,0x01,0x23,0xF4,0x00,0x00,0x04,0x2B,0xA1,0x01,0xF4,0xF4,0x00,0x00,
  0x01,0x4C,0xD0,0x00,0xC4,0xF5,0x00,0x00,0x00,0x37,0xA1,0x01,0xC4,0xF5,0x00,0x00,0x01,0x3C,0xA1,0x01,0xC4,0xF5,0x00,0x00,
  0x04,0x40,0xA1,0x01,0xC4,0xF5,0x00,0x00,0x02,0x48,0xD0,0x00,0x94,0xF6,0x00,0x00,0x02,0x43,0xD1,0x00,0x65,0xF7,0x00,0x00,
  0x01,0x29,0xA0,0x01,0x65,0xF7,0x00,0x00,0x04,0x45,0xD0,0x00,0x35,0xF8,0x00,0x00,0x02,0x47,0xD0,0x00,0x05,0xF9,0x00,0x00,
  0x02,0x39,0xA1,0x01,0x05,0xF9,0x00,0x00,0x00,0x3C,0xA1,0x01,0x05,0xF9,0x00,0x00,0x01,0x41,0xA1,0x01,0x05,0xF9,0x00,0x00,
  0x03,0x48,0xD1,0x00,0xD6,0xF9,0x00,0x00,0x04,0x4A,0xD0,0x00,0xA6,0xFA,0x00,0x00,0x03,0x35,0xA1,0x01,0xA6,0xFA,0x00,0x00,
  0x01,0x4C,0xD0,0x00,0x76,0xFB,0x00,0x00,0x04,0x4A,0xD1,0x00,0x47,0xFC,0x00,0x00,0x01,0x38,0xA0,0x01,0x47,0xFC,0x00,0x00,
  0x00,0x3C,0xA0,0x01,0x47,0xFC,0x00,0x00,0x02,0x41,0xA0,0x01,0x47,0xFC,0x00,0x00,0x03,0x48,0xD0,0x00,0x17,0xFD,0x00,0x00,
  0x04,0x4A,0xD0,0x00,0xE7,0xFD,0x00,0x00,0x02,0x34,0xA1,0x01,0xE7,0xFD,0x00,0x00,0x03,0x43,0xD1,0x00,0xB8,0xFE,0x00,0x00,
  0x01,0x4C,0xD0,0x00,0x88,0xFF,0x00,0x00,0x00,0x37,0xA1,0x01,0x88,0xFF,0x00,0x00,0x01,0x3C,0xA1,0x01,0x88,0xFF,0x00,0x00,
  0x04,0x40,0xA1,0x01,0x88,0xFF,0x00,0x00,0x02,0x4D,0xD0,0x00,0x58,0x00,0x01,0x00,0x02,0x4F,0xD1,0x00,0x29,0x01,0x01,0x00,
  0x03,0x2B,0xA0,0x01,0x29,0x01,0x01,0x00,0x01,0x51,0xD0,0x00,0xF9,0x01,0x01,0x00,0x04,0x4F,0xD0,0x00,0xC9,0x02,0x01,0x00,
  0x00,0x37,0xA1,0x01,0xC9,0x02,0x01,0x00,0x01,0x3C,0xA1,0x01,0xC9,0x02,0x01,0x00,0x04,0x40,0xA1,0x01,0xC9,0x02,0x01,0x00,
  0x02,0x4C,0xD1,0x00,0x9A,0x03,0x01,0x00,0x02,0x4D,0xD0,0x00,0x6A,0x04,0x01,0x00,0x03,0x30,0xA1,0x01,0x6A,0x04,0x01,0x00,
  0x02,0x43,0xA1,0x01,0x6A,0x04,0x01,0x00,0x01,0x4C,0xA1,0x01,0x6A,0x04,0x01,0x00,0x04,0x4F,0xA1,0x01,0x0B,0x06,0x01,0x00,
  0x00,0x37,0xA0,0x01,0x0B,0x06,0x01,0x00,0x01,0x3C,0xA0,0x01,0x0B,0x06,0x01,0x00,0x04,0x40,0xA0,0x01,0x0B,0x06,0x01,0x00,
  0x02,0x45,0xD0,0x00,0x0B,0x06,0x01,0x00,0x03,0x4C,0xD0,0x00,0x0B,0x06,0x01,0x00,0x02,0x51,0xD0,0x00,0xDB,0x06,0x01,0x00,
  0x02,0x43,0xA1,0x01,0xDB,0x06,0x01,0x00,0x03,0x4C,0xA1,0x01,0xDB,0x06,0x01,0x00,0x00,0x4F,0xA1,0x01,0xAB,0x07,0x01,0x00,
  0x04,0x2B,0xA1,0x01,0x7C,0x08,0x01,0x00,0x00,0x40,0xD0,0x00,0x7C,0x08,0x01,0x00,0x02,0x48,0xD0,0x00,0x7C,0x08,0x01,0x00,
  0x01,0x4C,0xD0,0x00,0x4C,0x09,0x01,0x00,0x00,0x37,0xA1,0x01,0x4C,0x09,0x01,0x00,0x01,0x3C,0xA1,0x01,0x4C,0x09,0x01,0x00,
  0x04,0x40,0xA1,0x01,0x4C,0x09,0x01,0x00,0x02,0x41,0xD0,0x00,0x4C,0x09,0x01,0x00,0x03,0x4A,0xD0,0x00,0x4C,0x09,0x01,0x00,
  0x02,0x4D,0xD0,0x00,0x1C,0x0A,0x01,0x00,0x02,0x42,0xD1,0x00,0x1C,0x0A,0x01,0x00,0x03,0x4B,0xD1,0x00,0x1C,0x0A,0x01,0x00,
  0x00,0x4E,0xD1,0x00,0xED,0x0A,0x01,0x00,0x03,0x30,0xA0,0x01,0xED,0x0A,0x01,0x00,0x02,0x43,0xA0,0x01,0xED,0x0A,0x01,0x00,
  0x01,0x4C,0xA0,0x01,0xED,0x0A,0x01,0x00,0x04,0x4F,0xA0,0x01,0x8D,0x0C,0x01,0x00,0x00,0x37,0xA1,0x01,0x8D,0x0C,0x01,0x00,
  0x01,0x3C,0xA1,0x01,0x8D,0x0C,0x01,0x00,0x04,0x40,0xA1,0x01,0x8D,0x0C,0x01,0x00,0x02,0x45,0xD1,0x00,0x8D,0x0C,0x01,0x00,
  0x03,0x4C,0xD1,0x00,0x8D,0x0C,0x01,0x00,0x02,0x51,0xD1,0x00,0x5E,0x0D,0x01,0x00,0x02,0x43,0xA0,0x01,0x5E,0x0D,0x01,0x00,
  0x03,0x4C,0xA0,0x01,0x5E,0x0D,0x01,0x00,0x00,0x4F,0xA0,0x01,0x2E,0x0E,0x01,0x00,0x04,0x34,0xA1,0x01,0xFE,0x0E,0x01,0x00,
  0x00,0x4F,0xD1,0x00,0xCF,0x0F,0x01,0x00,0x01,0x33,0xA0,0x01,0xCF,0x0F,0x01,0x00,0x02,0x51,0xD0,0x00,0x9F,0x10,0x01,0x00,
  0x02,0x52,0xD0,0x00,0x6F,0x11,0x01,0x00,0x00,0x32,0xA1,0x01,0x6F,0x11,0x01,0x00,0x04,0x4A,0xD1,0x00,0x6F,0x11,0x01,0x00,
  0x01,0x4F,0xD1,0x00,0x6F,0x11,0x01,0x00,0x03,0x53,0xD1,0x00,0x40,0x12,0x01,0x00,0x04,0x4A,0xA0,0x01,0x40,0x12,0x01,0x00,
  0x01,0x4F,0xA0,0x01,0x40,0x12,0x01,0x00,0x03,0x53,0xA0,0x01,0x10,0x13,0x01,0x00,0x00,0x37,0xA1,0x01,0x10,0x13,0x01,0x00,
  0x02,0x3B,0xA1,0x01,0x10,0x13,0x01,0x00,0x04,0x3E,0xA1,0x01,0xE0,0x13,0x01,0x00,0x03,0x48,0xA1,0x01,0xE0,0x13,0x01,0x00,
  0x01,0x4E,0xA1,0x01,0xE0,0x13,0x01,0x00,0x00,0x53,0xA1,0x01,0xB1,0x14,0x01,0x00,0x02,0x32,0xA0,0x01,0x81,0x15,0x01,0x00,
  0x01,0x51,0xD0,0x00,0x51,0x16,0x01,0x00,0x02,0x39,0xA1,0x01,0x51,0x16,0x01,0x00,0x00,0x3C,0xA1,0x01,0x51,0x16,0x01,0x00,
  0x03,0x3E,0xA1,0x01,0x51,0x16,0x01,0x00,0x04,0x48,0xD1,0x00,0x51,0x16,0x01,0x00,0x01,0x4E,0xD1,0x00,0x22,0x17,0x01,0x00,
  0x04,0x4A,0xD0,0x00,0xF2,0x17,0x01,0x00,0x00,0x37,0xA1,0x01,0xF2,0x17,0x01,0x00,0x04,0x3B,0xA1,0x01,0xF2,0x17,0x01,0x00,
  0x02,0x3E,0xA1,0x01,0xF2,0x17,0x01,0x00,0x01,0x47,0x12,0x04,0xF2,0x17,0x01,0x00,0x03,0x4F,0x12,0x04,0x93,0x19,0x01,0x00,
  0x02,0x29,0xA0,0x01,0x93,0x19,0x01,0x00,0x04,0x35,0xA0,0x01,0x33,0x1B,0x01,0x00,0x00,0x28,0xA1,0x01,0x33,0x1B,0x01,0x00,
  0x02,0x34,0xA1,0x01,0x04,0x1C,0x01,0x00,0x04,0x40,0xD0,0x00,0x04,0x1C,0x01,0x00,0x03,0x48,0xD0,0x00,0x04,0x1C,0x01,0x00,
  0x01,0x4C,0xD0,0x00,0xD4,0x1C,0x01,0x00,0x03,0x26,0xA1,0x01,0xD4,0x1C,0x01,0x00,0x00,0x32,0xA1,0x01,0xD4,0x1C,0x01,0x00,
  0x01,0x41,0xD0,0x00,0xD4,0x1C,0x01,0x00,0x04,0x4A,0xD0,0x00,0xD4,0x1C,0x01,0x00,0x02,0x4D,0xD0,0x00,0xA4,0x1D,0x01,0x00,
  0x01,0x42,0xD1,0x00,0xA4,0x1D,0x01,0x00,0x02,0x4B,0xD1,0x00,0xA4,0x1D,0x01,0x00,0x04,0x4E,0xD1,0x00,0x75,0x1E,0x01,0x00,
  0x01,0x24,0xA0,0x01,0x75,0x1E,0x01,0x00,0x03,0x30,0xA0,0x01,0x75,0x1E,0x01,0x00,0x02,0x43,0xA0,0x01,0x75,0x1E,0x01,0x00,
  0x04,0x4C,0xA0,0x01,0x75,0x1E,0x01,0x00,0x00,0x4F,0xA0,0x01,0x15,0x20,0x01,0x00,0x00,0x37,0xA1,0x01,0x15,0x20,0x01,0x00,
  0x01,0x3C,0xA1,0x01,0x15,0x20,0x01,0x00,0x04,0x40,0xA1,0x01,0x15,0x20,0x01,0x00,0x02,0x45,0xD1,0x00,0x15,0x20,0x01,0x00,
  0x03,0x4C,0xD1,0x00,0x15,0x20,0x01,0x00,0x02,0x51,0xD1,0x00,0xE6,0x20,0x01,0x00,0x02,0x43,0xA0,0x01,0xE6,0x20,0x01,0x00,
  0x03,0x4C,0xA0,0x01,0xE6,0x20,0x01,0x00,0x00,0x4F,0xA0,0x01,0xB6,0x21,0x01,0x00,0x04,0x2B,0xA1,0x01,0x86,0x22,0x01,0x00,
  0x00,0x40,0xD1,0x00,0x86,0x22,0x01,0x00,0x02,0x48,0xD1,0x00,0x86,0x22,0x01,0x00,0x01,0x4C,0xD1,0x00,0x57,0x23,0x01,0x00,
  0x00,0x37,0xA0,0x01,0x57,0x23,0x01,0x00,0x01,0x3C,0xA0,0x01,0x57,0x23,0x01,0x00,0x04,0x40,0xA0,0x01,0x57,0x23,0x01,0x00,
  0x02,0x41,0xD0,0x00,0x57,0x23,0x01,0x00,0x03,0x4A,0xD0,0x00,0x57,0x23,0x01,0x00,0x02,0x4D,0xD0,0x00,0x27,0x24,0x01,0x00,
  0x02,0x42,0xD0,0x00,0x27,0x24,0x01,0x00,0x03,0x4B,0xD0,0x00,0x27,0x24,0x01,0x00,0x00,0x4E,0xD0,0x00,0xF7,0x24,0x01,0x00,
  0x03,0x30,0xA1,0x01,0xF7,0x24,0x01,0x00,0x02,0x43,0xA1,0x01,0xF7,0x24,0x01,0x00,0x01,0x4C,0xA1,0x01,0xF7,0x24,0x01,0x00,
  0x04,0x4F,0xA1,0x01,0x98,0x26,0x01,0x00,0x00,0x37,0xA1,0x01,0x98,0x26,0x01,0x00,0x01,0x3C,0xA1,0x01,0x98,0x26,0x01,0x00,
  0x04,0x40,0xA1,0x01,0x98,0x26,0x01,0x00,0x02,0x45,0xD0,0x00,0x98,0x26,0x01,0x00,0x03,0x4C,0xD0,0x00,0x98,0x26,0x01,0x00,
  0x02,0x51,0xD0,0x00,0x68,0x27,0x01,0x00,0x02,0x43,0xA1,0x01,0x68,0x27,0x01,0x00,0x03,0x4C,0xA1,0x01,0x68,0x27,0x01,0x00,
  0x00,0x4F,0xA1,0x01,0x39,0x28,0x01,0x00,0x04,0x2B,0xA0,0x01,0x09,0x29,0x01,0x00,0x01,0x4C,0xD0,0x00,0xD9,0x29,0x01,0x00,
  0x00,0x37,0xA1,0x01,0xD9,0x29,0x01,0x00,0x01,0x3C,0xA1,0x01,0xD9,0x29,0x01,0x00,0x04,0x40,0xA1,0x01,0xD9,0x29,0x01,0x00,
  0x02,0x48,0xD1,0x00,0xAA,0x2A,0x01,0x00,0x02,0x43,0xD0,0x00,0x7A,0x2B,0x01,0x00,0x01,0x29,0xA1,0x01,0x7A,0x2B,0x01,0x00,
  0x04,0x45,0xD0,0x00,0x4A,0x2C,0x01,0x00,0x02,0x47,0xD1,0x00,0x1B,0x2D,0x01,0x00,0x02,0x39,0xA0,0x01,0x1B,0x2D,0x01,0x00,
  0x00,0x3C,0xA0,0x01,0x1B,0x2D,0x01,0x00,0x01,0x41,0xA0,0x01,0x1B,0x2D,0x01,0x00,0x03,0x48,0xD0,0x00,0xEB,0x2D,0x01,0x00,
  0x04,0x4A,0xD0,0x00,0xBB,0x2E,0x01,0x00,0x03,0x35,0xA1,0x01,0xBB,0x2E,0x01,0x00,0x01,0x4C,0xD1,0x00,0x8C,0x2F,0x01,0x00,
  0x04,0x4A,0xD0,0x00,0x5C,0x30,0x01,0x00,0x01,0x38,0xA1,0x01,0x5C,0x30,0x01,0x00,0x00,0x3C,0xA1,0x01,0x5C,0x30,0x01,0x00,
  0x02,0x41,0xA1,0x01,0x5C,0x30,0x01,0x00,0x03,0x48,0xD0,0x00,0x2C,0x31,0x01,0x00,0x04,0x4A,0xD1,0x00,0xFD,0x31,0x01,0x00,
  0x02,0x34,0xA0,0x01,0xFD,0x31,0x01,0x00,0x03,0x48,0x11,0x04,0x9D,0x33,0x01,0x00,0x00,0x37,0xA1,0x01,0x9D,0x33,0x01,0x00,
  0x01,0x3C,0xA1,0x01,0x9D,0x33,0x01,0x00,0x04,0x40,0xA1,0x01,0x3E,0x35,0x01,0x00,0x04,0x30,0xA1,0x01,0x0E,0x36,0x01,0x00,
  0x02,0x43,0xD1,0x00,0xDF,0x36,0x01,0x00,0x03,0x3A,0xA0,0x01,0xDF,0x36,0x01,0x00,0x00,0x3C,0xA0,0x01,0xDF,0x36,0x01,0x00,
  0x04,0x40,0xA0,0x01,0xDF,0x36,0x01,0x00,0x01,0x42,0xD0,0x00,0xAF,0x37,0x01,0x00,0x02,0x43,0xD0,0x00,0x7F,0x38,0x01,0x00,
  0x03,0x35,0xA1,0x01,0x7F,0x38,0x01,0x00,0x02,0x39,0xA1,0x01,0x7F,0x38,0x01,0x00,0x00,0x3C,0xA1,0x01,0x7F,0x38,0x01,0x00,
  0x01,0x41,0xA1,0x01,0x7F,0x38,0x01,0x00,0x04,0x48,0xA1,0x01,0x20,0x3A,0x01,0x00,0x03,0x35,0xA1,0x01,0x20,0x3A,0x01,0x00,
  0x02,0x39,0xA1,0x01,0x20,0x3A,0x01,0x00,0x00,0x3C,0xA1,0x01,0x20,0x3A,0x01,0x00,0x01,0x41,0xA1,0x01,0x20,0x3A,0x01,0x00,
  0x04,0x45,0xD0,0x00,0xF0,0x3A,0x01,0x00,0x04,0x48,0xA1,0x01,0xC1,0x3B,0x01,0x00,0x00,0x36,0xA0,0x01,0xC1,0x3B,0x01,0x00,
  0x02,0x39,0xA0,0x01,0xC1,0x3B,0x01,0x00,0x01,0x3C,0xA0,0x01,0xC1,0x3B,0x01,0x00,0x03,0x3F,0xA0,0x01,0x91,0x3C,0x01,0x00,
  0x04,0x45,0xD0,0x00,0x61,0x3D,0x01,0x00,0x04,0x36,0xA1,0x01,0x61,0x3D,0x01,0x00,0x02,0x39,0xA1,0x01,0x61,0x3D,0x01,0x00,
  0x00,0x3C,0xA1,0x01,0x61,0x3D,0x01,0x00,0x03,0x3F,0xA1,0x01,0x61,0x3D,0x01,0x00,0x01,0x48,0xD1,0x00,0x32,0x3E,0x01,0x00,
  0x01,0x45,0xD0,0x00,0x02,0x3F,0x01,0x00,0x00,0x37,0xA1,0x01,0x02,0x3F,0x01,0x00,0x01,0x3C,0xA1,0x01,0x02,0x3F,0x01,0x00,
  0x04,0x40,0xA1,0x01,0x02,0x3F,0x01,0x00,0x02,0x43,0xD0,0x00,0xD2,0x3F,0x01,0x00,0x02,0x48,0xD1,0x00,0xA3,0x40,0x01,0x00,
  0x00,0x37,0xA0,0x01,0xA3,0x40,0x01,0x00,0x01,0x3C,0xA0,0x01,0xA3,0x40,0x01,0x00,0x04,0x40,0xA0,0x01,0xA3,0x40,0x01,0x00,
  0x02,0x4C,0xD0,0x00,0x73,0x41,0x01,0x00,0x02,0x4F,0xA1,0x01,0x43,0x42,0x01,0x00,0x00,0x37,0xA1,0x01,0x43,0x42,0x01,0x00,
  0x01,0x3C,0xA1,0x01,0x43,0x42,0x01,0x00,0x04,0x40,0xA1,0x01,0x14,0x43,0x01,0x00,0x02,0x4C,0xD0,0x00,0xE4,0x43,0x01,0x00,
  0x00,0x37,0xA1,0x01,0xE4,0x43,0x01,0x00,0x01,0x3C,0xA1,0x01,0xE4,0x43,0x01,0x00,0x04,0x40,0xA1,0x01,0xE4,0x43,0x01,0x00,
  0x02,0x48,0xD0,0x00,0xB4,0x44,0x01,0x00,0x02,0x43,0xD1,0x00,0x85,0x45,0x01,0x00,0x00,0x32,0xA0,0x01,0x85,0x45,0x01,0x00,
  0x01,0x3C,0xA0,0x01,0x85,0x45,0x01,0x00,0x02,0x42,0xA0,0x01,0x85,0x45,0x01,0x00,0x04,0x45,0xA0,0x01,0x25,0x47,0x01,0x00,
  0x00,0x32,0xA1,0x01,0x25,0x47,0x01,0x00,0x02,0x39,0xA1,0x01,0x25,0x47,0x01,0x00,0x01,0x42,0xA1,0x01,0x25,0x47,0x01,0x00,
  0x03,0x48,0xA1,0x01,0xC6,0x48,0x01,0x00,0x00,0x37,0xA1,0x01,0xC6,0x48,0x01,0x00,0x04,0x3B,0xA1,0x01,0xC6,0x48,0x01,0x00,
  0x01,0x41,0xD0,0x00,0xC6,0x48,0x01,0x00,0x02,0x4C,0xD0,0x00,0x96,0x49,0x01,0x00,0x01,0x41,0xA1,0x01,0x96,0x49,0x01,0x00,
  0x02,0x4A,0xA1,0x01,0x67,0x4A,0x01,0x00,0x00,0x37,0xA0,0x01,0x67,0x4A,0x01,0x00,0x04,0x3B,0xA0,0x01,0x37,0x4B,0x01,0x00,
  0x01,0x40,0xE2,0x04,0x37,0x4B,0x01,0x00,0x02,0x48,0xE2,0x04,0x07,0x4C,0x01,0x00,0x03,0x30,0xA1,0x01,0x07,0x4C,0x01,0x00,
  0x00,0x3C,0xA1,0x01,0xA8,0x4D,0x01,0x00,0x03,0x2B,0xA1,0x01,0xA8,0x4D,0x01,0x00,0x00,0x37,0xA1,0x01,0x49,0x4F,0x01,0x00,
  0x00,0x28,0xA0,0x01,0x49,0x4F,0x01,0x00,0x03,0x34,0xA0,0x01,0x19,0x50,0x01,0x00,0x01,0x4C,0xD0,0x00,0x19,0x50,0x01,0x00,
  0x04,0x54,0xD0,0x00,0x19,0x50,0x01,0x00,0x02,0x58,0xD0,0x00,0xE9,0x50,0x01,0x00,0x03,0x26,0xA1,0x01,0xE9,0x50,0x01,0x00,
  0x00,0x32,0xA1,0x01,0xE9,0x50,0x01,0x00,0x02,0x4D,0xD1,0x00,0xE9,0x50,0x01,0x00,0x01,0x56,0xD1,0x00,0xE9,0x50,0x01,0x00,
  0x04,0x59,0xD1,0x00,0xBA,0x51,0x01,0x00,0x04,0x4E,0xD0,0x00,0xBA,0x51,0x01,0x00,0x02,0x57,0xD0,0x00,0xBA,0x51,0x01,0x00,
  0x01,0x5A,0xD0,0x00,0x8A,0x52,0x01,0x00,0x01,0x24,0xA1,0x01,0x8A,0x52,0x01,0x00,0x03,0x30,0xA1,0x01,0x8A,0x52,0x01,0x00,
  0x02,0x43,0xA1,0x01,0x8A,0x52,0x01,0x00,0x04,0x4C,0xA1,0x01,0x8A,0x52,0x01,0x00,0x00,0x4F,0xA1,0x01,0x2B,0x54,0x01,0x00,
  0x00,0x37,0xA0,0x01,0x2B,0x54,0x01,0x00,0x01,0x3C,0xA0,0x01,0x2B,0x54,0x01,0x00,0x04,0x40,0xA0,0x01,0x2B,0x54,0x01,0x00,
  0x02,0x45,0xD0,0x00,0x2B,0x54,0x01,0x00,0x03,0x4C,0xD0,0x00,0x2B,0x54,0x01,0x00,0x02,0x51,0xD0,0x00,0xFB,0x54,0x01,0x00,
  0x02,0x43,0xA1,0x01,0xFB,0x54,0x01,0x00,0x03,0x4C,0xA1,0x01,0xFB,0x54,0x01,0x00,0x00,0x4F,0xA1,0x01,0xCB,0x55,0x01,0x00,
  0x04,0x2B,0xA1,0x01,0x9C,0x56,0x01,0x00,0x00,0x40,0xD0,0x00,0x9C,0x56,0x01,0x00,0x02,0x48,0xD0,0x00,0x9C,0x56,0x01,0x00,
  0x01,0x4C,0xD0,0x00,0x6C,0x57,0x01,0x00,0x00,0x37,0xA1,0x01,0x6C,0x57,0x01,0x00,0x01,0x3C,0xA1,0x01,0x6C,0x57,0x01,0x00,
  0x04,0x40,0xA1,0x01,0x6C,0x57,0x01,0x00,0x02,0x41,0xD0,0x00,0x6C,0x57,0x01,0x00,0x03,0x4A,0xD0,0x00,0x6C,0x57,0x01,0x00,
  0x02,0x4D,0xD0,0x00,0x3C,0x58,0x01,0x00,0x02,0x42,0xD1,0x00,0x3C,0x58,0x01,0x00,0x03,0x4B,0xD1,0x00,0x3C,0x58,0x01,0x00,
  0x00,0x4E,0xD1,0x00,0x0D,0x59,0x01,0x00,0x03,0x30,0xA0,0x01,0x0D,0x59,0x01,0x00,0x02,0x43,0xA0,0x01,0x0D,0x59,0x01,0x00,
  0x01,0x4C,0xA0,0x01,0x0D,0x59,0x01,0x00,0x04,0x4F,0xA0,0x01,0xAD,0x5A,0x01,0x00,0x00,0x37,0xA1,0x01,0xAD,0x5A,0x01,0x00,
  0x01,0x3C,0xA1,0x01,0xAD,0x5A,0x01,0x00,0x04,0x40,0xA1,0x01,0xAD,0x5A,0x01,0x00,0x02,0x45,0xD1,0x00,0xAD,0x5A,0x01,0x00,
  0x03,0x4C,0xD1,0x00,0xAD,0x5A,0x01,0x00,0x02,0x51,0xD1,0x00,0x7E,0x5B,0x01,0x00,0x02,0x43,0xA0,0x01,0x7E,0x5B,0x01,0x00,
  0x03,0x4C,0xA0,0x01,0x7E,0x5B,0x01,0x00,0x00,0x4F,0xA0,0x01,0x4E,0x5C,0x01,0x00,0x04,0x2B,0xA1,0x01,0x1E,0x5D,0x01,0x00,
  0x01,0x4C,0xD1,0x00,0xEF,0x5D,0x01,0x00,0x00,0x37,0xA0,0x01,0xEF,0x5D,0x01,0x00,0x01,0x3C,0xA0,0x01,0xEF,0x5D,0x01,0x00,
  0x04,0x40,0xA0,0x01,0xEF,0x5D,0x01,0x00,0x02,0x48,0xD0,0x00,0xBF,0x5E,0x01,0x00,0x02,0x43,0xD0,0x00,0x8F,0x5F,0x01,0x00,
  0x01,0x29,0xA1,0x01,0x8F,0x5F,0x01,0x00,0x04,0x45,0xD1,0x00,0x60,0x60,0x01,0x00,0x02,0x47,0xD0,0x00,0x30,0x61,0x01,0x00,
  0x02,0x39,0xA1,0x01,0x30,0x61,0x01,0x00,0x00,0x3C,0xA1,0x01,0x30,0x61,0x01,0x00,0x01,0x41,0xA1,0x01,0x30,0x61,0x01,0x00,
  0x03,0x48,0xD0,0x00,0x00,0x62,0x01,0x00,0x04,0x4A,0xD1,0x00,0xD1,0x62,0x01,0x00,0x03,0x35,0xA0,0x01,0xD1,0x62,0x01,0x00,
  0x01,0x4C,0xD0,0x00,0xA1,0x63,0x01,0x00,0x04,0x4A,0xD0,0x00,0x71,0x64,0x01,0x00,0x01,0x38,0xA1,0x01,0x71,0x64,0x01,0x00,
  0x00,0x3C,0xA1,0x01,0x71,0x64,0x01,0x00,0x02,0x41,0xA1,0x01,0x71,0x64,0x01,0x00,0x03,0x48,0xD1,0x00,0x42,0x65,0x01,0x00,
  0x04,0x4A,0xD0,0x00,0x12,0x66,0x01,0x00,0x02,0x34,0xA1,0x01,0x12,0x66,0x01,0x00,0x03,0x43,0xD0,0x00,0xE2,0x66,0x01,0x00,
  0x01,0x4C,0xD1,0x00,0xB3,0x67,0x01,0x00,0x00,0x37,0xA0,0x01,0xB3,0x67,0x01,0x00,0x01,0x3C,0xA0,0x01,0xB3,0x67,0x01,0x00,
  0x04,0x40,0xA0,0x01,0xB3,0x67,0x01,0x00,0x02,0x4D,0xD0,0x00,0x83,0x68,0x01,0x00,0x02,0x4F,0xD0,0x00,0x53,0x69,0x01,0x00,
  0x03,0x2B,0xA1,0x01,0x53,0x69,0x01,0x00,0x01,0x51,0xD1,0x00,0x24,0x6A,0x01,0x00,0x04,0x4F,0xD0,0x00,0xF4,0x6A,0x01,0x00,
  0x00,0x37,0xA1,0x01,0xF4,0x6A,0x01,0x00,0x01,0x3C,0xA1,0x01,0xF4,0x6A,0x01,0x00,0x04,0x40,0xA1,0x01,0xF4,0x6A,0x01,0x00,
  0x02,0x4C,0xD0,0x00,0xC4,0x6B,0x01,0x00,0x02,0x4D,0xD1,0x00,0x95,0x6C,0x01,0x00,0x03,0x30,0xA0,0x01,0x95,0x6C,0x01,0x00,
  0x02,0x43,0xA0,0x01,0x95,0x6C,0x01,0x00,0x01,0x4C,0xA0,0x01,0x95,0x6C,0x01,0x00,0x04,0x4F,0xA0,0x01,0x35,0x6E,0x01,0x00,
  0x00,0x37,0xA1,0x01,0x35,0x6E,0x01,0x00,0x01,0x3C,0xA1,0x01,0x35,0x6E,0x01,0x00,0x04,0x40,0xA1,0x01,0x35,0x6E,0x01,0x00,
  0x02,0x45,0xD1,0x00,0x35,0x6E,0x01,0x00,0x03,0x4C,0xD1,0x00,0x35,0x6E,0x01,0x00,0x02,0x51,0xD1,0x00,0x06,0x6F,0x01,0x00,
  0x02,0x43,0xA0,0x01,0x06,0x6F,0x01,0x00,0x03,0x4C,0xA0,0x01,0x06,0x6F,0x01,0x00,0x00,0x4F,0xA0,0x01,0xD6,0x6F,0x01,0x00,
  0x04,0x2B,0xA1,0x01,0xA6,0x70,0x01,0x00,0x00,0x40,0xD1,0x00,0xA6,0x70,0x01,0x00,0x02,0x48,0xD1,0x00,0xA6,0x70,0x01,0x00,
  0x01,0x4C,0xD1,0x00,0x77,0x71,0x01,0x00,0x00,0x37,0xA0,0x01,0x77,0x71,0x01,0x00,0x01,0x3C,0xA0,0x01,0x77,0x71,0x01,0x00,
  0x04,0x40,0xA0,0x01,0x77,0x71,0x01,0x00,0x02,0x41,0xD0,0x00,0x77,0x71,0x01,0x00,0x03,0x4A,0xD0,0x00,0x77,0x71,0x01,0x00,
  0x02,0x4D,0xD0,0x00,0x47,0x72,0x01,0x00,0x02,0x42,0xD0,0x00,0x47,0x72,0x01,0x00,0x03,0x4B,0xD0,0x00,0x47,0x72,0x01,0x00,
  0x00,0x4E,0xD0,0x00,0x17,0x73,0x01,0x00,0x03,0x30,0xA1,0x01,0x17,0x73,0x01,0x00,0x02,0x43,0xA1,0x01,0x17,0x73,0x01,0x00,
  0x01,0x4C,0xA1,0x01,0x17,0x73,0x01,0x00,0x04,0x4F,0xA1,0x01,0xB8,0x74,0x01,0x00,0x00,0x37,0xA1,0x01,0xB8,0x74,0x01,0x00,
  0x01,0x3C,0xA1,0x01,0xB8,0x74,0x01,0x00,0x04,0x40,0xA1,0x01,0xB8,0x74,0x01,0x00,0x02,0x45,0xD0,0x00,0xB8,0x74,0x01,0x00,
  0x03,0x4C,0xD0,0x00,0xB8,0x74,0x01,0x00,0x02,0x51,0xD0,0x00,0x88,0x75,0x01,0x00,0x02,0x43,0xA1,0x01,0x88,0x75,0x01,0x00,
  0x03,0x4C,0xA1,0x01,0x88,0x75,0x01,0x00,0x00,0x4F,0xA1,0x01,0x59,0x76,0x01,0x00,0x04,0x34,0xA0,0x01,0x29,0x77,0x01,0x00,
  0x00,0x4F,0xD0,0x00,0xF9,0x77,0x01,0x00,0x01,0x33,0xA1,0x01,0xF9,0x77,0x01,0x00,0x02,0x51,0xD1,0x00,0xCA,0x78,0x01,0x00,
  0x02,0x52,0xD0,0x00,0x9A,0x79,0x01,0x00,0x00,0x32,0xA1,0x01,0x9A,0x79,0x01,0x00,0x04,0x4A,0xD0,0x00,0x9A,0x79,0x01,0x00,
  0x01,0x4F,0xD0,0x00,0x9A,0x79,0x01,0x00,0x03,0x53,0xD0,0x00,0x6A,0x7A,0x01,0x00,0x04,0x4A,0xA1,0x01,0x6A,0x7A,0x01,0x00,
  0x01,0x4F,0xA1,0x01,0x6A,0x7A,0x01,0x00,0x03,0x53,0xA1,0x01,0x3B,0x7B,0x01,0x00,0x00,0x37,0xA0,0x01,0x3B,0x7B,0x01,0x00,
  0x02,0x3B,0xA0,0x01,0x3B,0x7B,0x01,0x00,0x04,0x3E,0xA0,0x01,0x0B,0x7C,0x01,0x00,0x03,0x48,0xA1,0x01,0x0B,0x7C,0x01,0x00,
  0x01,0x4E,0xA1,0x01,0x0B,0x7C,0x01,0x00,0x00,0x53,0xA1,0x01,0xDB,0x7C,0x01,0x00,0x02,0x32,0xA1,0x01,0xAC,0x7D,0x01,0x00,
  0x01,0x51,0xD0,0x00,0x7C,0x7E,0x01,0x00,0x02,0x39,0xA1,0x01,0x7C,0x7E,0x01,0x00,0x00,0x3C,0xA1,0x01,0x7C,0x7E,0x01,0x00,
  0x03,0x3E,0xA1,0x01,0x7C,0x7E,0x01,0x00,0x04,0x48,0xD0,0x00,0x7C,0x7E,0x01,0x00,0x01,0x4E,0xD0,0x00,0x4C,0x7F,0x01,0x00,
  0x04,0x4A,0xD1,0x00,0x1D,0x80,0x01,0x00,0x00,0x37,0xA0,0x01,0x1D,0x80,0x01,0x00,0x04,0x3B,0xA0,0x01,0x1D,0x80,0x01,0x00,
  0x02,0x3E,0xA0,0x01,0x1D,0x80,0x01,0x00,0x01,0x47,0x11,0x04,0x1D,0x80,0x01,0x00,0x03,0x4F,0x11,0x04,0xBD,0x81,0x01,0x00,
  0x02,0x29,0xA1,0x01,0xBD,0x81,0x01,0x00,0x04,0x35,0xA1,0x01,0x5E,0x83,0x01,0x00,0x00,0x28,0xA1,0x01,0x5E,0x83,0x01,0x00,
  0x02,0x34,0xA1,0x01,0x2E,0x84,0x01,0x00,0x04,0x40,0xD1,0x00,0x2E,0x84,0x01,0x00,0x03,0x48,0xD1,0x00,0x2E,0x84,0x01,0x00,
  0x01,0x4C,0xD1,0x00,0xFF,0x84,0x01,0x00,0x03,0x26,0xA0,0x01,0xFF,0x84,0x01,0x00,0x00,0x32,0xA0,0x01,0xFF,0x84,0x01,0x00,
  0x01,0x41,0xD0,0x00,0xFF,0x84,0x01,0x00,0x04,0x4A,0xD0,0x00,0xFF,0x84,0x01,0x00,0x02,0x4D,0xD0,0x00,0xCF,0x85,0x01,0x00,
  0x01,0x42,0xD0,0x00,0xCF,0x85,0x01,0x00,0x02,0x4B,0xD0,0x00,0xCF,0x85,0x01,0x00,0x04,0x4E,0xD0,0x00,0x9F,0x86,0x01,0x00,
  0x01,0x24,0xA1,0x01,0x9F,0x86,0x01,0x00,0x03,0x30,0xA1,0x01,0x9F,0x86,0x01,0x00,0x02,0x43,0xA1,0x01,0x9F,0x86,0x01,0x00,
  0x04,0x4C,0xA1,0x01,0x9F,0x86,0x01,0x00,0x00,0x4F,0xA1,0x01,0x40,0x88,0x01,0x00,0x00,0x37,0xA1,0x01,0x40,0x88,0x01,0x00,
  0x01,0x3C,0xA1,0x01,0x40,0x88,0x01,0x00,0x04,0x40,0xA1,0x01,0x40,0x88,0x01,0x00,0x02,0x45,0xD0,0x00,0x40,0x88,0x01,0x00,
  0x03,0x4C,0xD0,0x00,0x40,0x88,0x01,0x00,0x02,0x51,0xD0,0x00,0x10,0x89,0x01,0x00,0x02,0x43,0xA1,0x01,0x10,0x89,0x01,0x00,
  0x03,0x4C,0xA1,0x01,0x10,0x89,0x01,0x00,0x00,0x4F,0xA1,0x01,0xE1,0x89,0x01,0x00,0x04,0x2B,0xA0,0x01,0xB1,0x8A,0x01,0x00,
  0x00,0x40,0xD0,0x00,0xB1,0x8A,0x01,0x00,0x02,0x48,0xD0,0x00,0xB1,0x8A,0x01,0x00,0x01,0x4C,0xD0,0x00,0x81,0x8B,0x01,0x00,
  0x00,0x37,0xA1,0x01,0x81,0x8B,0x01,0x00,0x01,0x3C,0xA1,0x01,0x81,0x8B,0x01,0x00,0x04,0x40,0xA1,0x01,0x81,0x8B,0x01,0x00,
  0x02,0x41,0xD1,0x00,0x81,0x8B,0x01,0x00,0x03,0x4A,0xD1,0x00,0x81,0x8B,0x01,0x00,0x02,0x4D,0xD1,0x00,0x52,0x8C,0x01,0x00,
  0x02,0x42,0xD0,0x00,0x52,0x8C,0x01,0x00,0x03,0x4B,0xD0,0x00,0x52,0x8C,0x01,0x00,0x00,0x4E,0xD0,0x00,0x22,0x8D,0x01,0x00,
  0x03,0x30,0xA1,0x01,0x22,0x8D,0x01,0x00,0x02,0x43,0xA1,0x01,0x22,0x8D,0x01,0x00,0x01,0x4C,0xA1,0x01,0x22,0x8D,0x01,0x00,
  0x04,0x4F,0xA1,0x01,0xC3,0x8E,0x01,0x00,0x00,0x37,0xA0,0x01,0xC3,0x8E,0x01,0x00,0x01,0x3C,0xA0,0x01,0xC3,0x8E,0x01,0x00,
  0x04,0x40,0xA0,0x01,0xC3,0x8E,0x01,0x00,0x02,0x45,0xD0,0x00,0xC3,0x8E,0x01,0x00,0x03,0x4C,0xD0,0x00,0xC3,0x8E,0x01,0x00,
  0x02,0x51,0xD0,0x00,0x93,0x8F,0x01,0x00,0x02,0x43,0xA1,0x01,0x93,0x8F,0x01,0x00,0x03,0x4C,0xA1,0x01,0x93,0x8F,0x01,0x00,
  0x00,0x4F,0xA1,0x01,0x63,0x90,0x01,0x00,0x04,0x2B,0xA1,0x01,0x34,0x91,0x01,0x00,0x01,0x4C,0xD0,0x00,0x04,0x92,0x01,0x00,
  0x00,0x37,0xA1,0x01,0x04,0x92,0x01,0x00,0x01,0x3C,0xA1,0x01,0x04,0x92,0x01,0x00,0x04,0x40,0xA1,0x01,0x04,0x92,0x01,0x00,
  0x02,0x48,0xD0,0x00,0xD4,0x92,0x01,0x00,0x02,0x43,0xD1,0x00,0xA5,0x93,0x01,0x00,0x01,0x29,0xA0,0x01,0xA5,0x93,0x01,0x00,
  0x04,0x45,0xD0,0x00,0x75,0x94,0x01,0x00,0x02,0x47,0xD0,0x00,0x45,0x95,0x01,0x00,0x02,0x39,0xA1,0x01,0x45,0x95,0x01,0x00,
  0x00,0x3C,0xA1,0x01,0x45,0x95,0x01,0x00,0x01,0x41,0xA1,0x01,0x45,0x95,0x01,0x00,0x03,0x48,0xD1,0x00,0x16,0x96,0x01,0x00,
  0x04,0x4A,0xD0,0x00,0xE6,0x96,0x01,0x00,0x03,0x35,0xA1,0x01,0xE6,0x96,0x01,0x00,0x01,0x4C,0xD0,0x00,0xB6,0x97,0x01,0x00,
  0x04,0x4A,0xD1,0x00,0x87,0x98,0x01,0x00,0x01,0x38,0xA0,0x01,0x87,0x98,0x01,0x00,0x00,0x3C,0xA0,0x01,0x87,0x98,0x01,0x00,
  0x02,0x41,0xA0,0x01,0x87,0x98,0x01,0x00,0x03,0x48,0xD0,0x00,0x57,0x99,0x01,0x00,0x04,0x4A,0xD0,0x00,0x27,0x9A,0x01,0x00,
  0x02,0x34,0xA1,0x01,0x27,0x9A,0x01,0x00,0x03,0x48,0x12,0x04,0xC8,0x9B,0x01,0x00,0x00,0x37,0xA1,0x01,0xC8,0x9B,0x01,0x00,
  0x01,0x3C,0xA1,0x01,0xC8,0x9B,0x01,0x00,0x04,0x40,0xA1,0x01,0x69,0x9D,0x01,0x00,0x04,0x30,0xA0,0x01,0x39,0x9E,0x01,0x00,
  0x02,0x43,0xD0,0x00,0x09,0x9F,0x01,0x00,0x03,0x3A,0xA1,0x01,0x09,0x9F,0x01,0x00,0x00,0x3C,0xA1,0x01,0x09,0x9F,0x01,0x00,
  0x04,0x40,0xA1,0x01,0x09,0x9F,0x01,0x00,0x01,0x42,0xD1,0x00,0xDA,0x9F,0x01,0x00,0x02,0x43,0xD0,0x00,0xAA,0xA0,0x01,0x00,
  0x03,0x35,0xA1,0x01,0xAA,0xA0,0x01,0x00,0x02,0x39,0xA1,0x01,0xAA,0xA0,0x01,0x00,0x00,0x3C,0xA1,0x01,0xAA,0xA0,0x01,0x00,
  0x01,0x41,0xA1,0x01,0xAA,0xA0,0x01,0x00,0x04,0x48,0xA1,0x01,0x4B,0xA2,0x01,0x00,0x03,0x35,0xA0,0x01,0x4B,0xA2,0x01,0x00,
  0x02,0x39,0xA0,0x01,0x4B,0xA2,0x01,0x00,0x00,0x3C,0xA0,0x01,0x4B,0xA2,0x01,0x00,0x01,0x41,0xA0,0x01,0x4B,0xA2,0x01,0x00,
  0x04,0x45,0xD0,0x00,0x1B,0xA3,0x01,0x00,0x04,0x48,0xA1,0x01,0xEB,0xA3,0x01,0x00,0x00,0x36,0xA1,0x01,0xEB,0xA3,0x01,0x00,
  0x02,0x39,0xA1,0x01,0xEB,0xA3,0x01,0x00,0x01,0x3C,0xA1,0x01,0xEB,0xA3,0x01,0x00,0x03,0x3F,0xA1,0x01,0xBC,0xA4,0x01,0x00,
  0x04,0x45,0xD0,0x00,0x8C,0xA5,0x01,0x00,0x04,0x36,0xA1,0x01,0x8C,0xA5,0x01,0x00,0x02,0x39,0xA1,0x01,0x8C,0xA5,0x01,0x00,
  0x00,0x3C,0xA1,0x01,0x8C,0xA5,0x01,0x00,0x03,0x3F,0xA1,0x01,0x8C,0xA5,0x01,0x00,0x01,0x48,0xD0,0x00,0x5C,0xA6,0x01,0x00,
  0x01,0x45,0xD1,0x00,0x2D,0xA7,0x01,0x00,0x00,0x37,0xA0,0x01,0x2D,0xA7,0x01,0x00,0x01,0x3C,0xA0,0x01,0x2D,0xA7,0x01,0x00,
  0x04,0x40,0xA0,0x01,0x2D,0xA7,0x01,0x00,0x02,0x43,0xD0,0x00,0xFD,0xA7,0x01,0x00,0x02,0x48,0xD0,0x00,0xCD,0xA8,0x01,0x00,
  0x00,0x37,0xA1,0x01,0xCD,0xA8,0x01,0x00,0x01,0x3C,0xA1,0x01,0xCD,0xA8,0x01,0x00,0x04,0x40,0xA1,0x01,0xCD,0xA8,0x01,0x00,
  0x02,0x4C,0xD1,0x00,0x9E,0xA9,0x01,0x00,0x02,0x4F,0xA0,0x01,0x6E,0xAA,0x01,0x00,0x00,0x37,0xA1,0x01,0x6E,0xAA,0x01,0x00,
  0x01,0x3C,0xA1,0x01,0x6E,0xAA,0x01,0x00,0x04,0x40,0xA1,0x01,0x3E,0xAB,0x01,0x00,0x02,0x4C,0xD1,0x00,0x0F,0xAC,0x01,0x00,
  0x00,0x37,0xA0,0x01,0x0F,0xAC,0x01,0x00,0x01,0x3C,0xA0,0x01,0x0F,0xAC,0x01,0x00,0x04,0x40,0xA0,0x01,0x0F,0xAC,0x01,0x00,
  0x02,0x48,0xD0,0x00,0xDF,0xAC,0x01,0x00,0x02,0x43,0xD0,0x00,0xAF,0xAD,0x01,0x00,0x00,0x32,0xA1,0x01,0xAF,0xAD,0x01,0x00,
  0x01,0x3C,0xA1,0x01,0xAF,0xAD,0x01,0x00,0x02,0x42,0xA1,0x01,0xAF,0xAD,0x01,0x00,0x04,0x45,0xA1,0x01,0x50,0xAF,0x01,0x00,
  0x00,0x32,0xA1,0x01,0x50,0xAF,0x01,0x00,0x02,0x39,0xA1,0x01,0x50,0xAF,0x01,0x00,0x01,0x42,0xA1,0x01,0x50,0xAF,0x01,0x00,
  0x03,0x48,0xA1,0x01,0xF1,0xB0,0x01,0x00,0x00,0x37,0xA0,0x01,0xF1,0xB0,0x01,0x00,0x04,0x3B,0xA0,0x01,0xF1,0xB0,0x01,0x00,
  0x01,0x41,0xD0,0x00,0xF1,0xB0,0x01,0x00,0x02,0x4C,0xD0,0x00,0xC1,0xB1,0x01,0x00,0x01,0x41,0xA1,0x01,0xC1,0xB1,0x01,0x00,
  0x02,0x4A,0xA1,0x01,0x91,0xB2,0x01,0x00,0x00,0x37,0xA1,0x01,0x91,0xB2,0x01,0x00,0x04,0x3B,0xA1,0x01,0x62,0xB3,0x01,0x00,
  0x01,0x40,0xB2,0x05,0x62,0xB3,0x01,0x00,0x02,0x48,0xB2,0x05,0x32,0xB4,0x01,0x00,0x03,0x30,0xA1,0x01,0x32,0xB4,0x01,0x00,
  0x00,0x3C,0xA1,0x01,0xD3,0xB5,0x01,0x00,0x03,0x2B,0xA0,0x01,0xD3,0xB5,0x01,0x00,0x00,0x37,0xA0,0x01,0x73,0xB7,0x01,0x00,
  0x03,0x24,0xA1,0x01,0x73,0xB7,0x01,0x00,0x04,0x30,0xA1,0x01,0x14,0xB9,0x01,0x00,0x02,0x3E,0xD0,0x00,0xE4,0xB9,0x01,0x00,
  0x03,0x3F,0xD1,0x00,0xB5,0xBA,0x01,0x00,0x03,0x30,0xA0,0x01,0xB5,0xBA,0x01,0x00,0x04,0x40,0xD0,0x00,0x85,0xBB,0x01,0x00,
  0x02,0x48,0xA1,0x01,0x55,0xBC,0x01,0x00,0x03,0x34,0xA1,0x01,0x55,0xBC,0x01,0x00,0x00,0x37,0xA1,0x01,0x55,0xBC,0x01,0x00,
  0x01,0x3C,0xA1,0x01,0x26,0xBD,0x01,0x00,0x04,0x40,0xD0,0x00,0xF6,0xBD,0x01,0x00,0x03,0x2B,0xA1,0x01,0xF6,0xBD,0x01,0x00,
  0x00,0x37,0xA1,0x01,0xF6,0xBD,0x01,0x00,0x02,0x48,0xA1,0x01,0x97,0xBF,0x01,0x00,0x00,0x37,0xA0,0x01,0x97,0xBF,0x01,0x00,
  0x03,0x3A,0xA0,0x01,0x97,0xBF,0x01,0x00,0x01,0x3C,0xA0,0x01,0x97,0xBF,0x01,0x00,0x04,0x40,0xD0,0x00,0x67,0xC0,0x01,0x00,
  0x02,0x48,0xE2,0x04,0x37,0xC1,0x01,0x00,0x01,0x29,0xA1,0x01,0x37,0xC1,0x01,0x00,0x03,0x35,0xA1,0x01,0xD8,0xC2,0x01,0x00,
  0x03,0x39,0xA1,0x01,0xD8,0xC2,0x01,0x00,0x00,0x3C,0xA1,0x01,0x79,0xC4,0x01,0x00,0x00,0x28,0xA0,0x01,0x79,0xC4,0x01,0x00,
  0x03,0x34,0xA0,0x01,0x49,0xC5,0x01,0x00,0x02,0x48,0xD0,0x00,0x49,0xC5,0x01,0x00,0x01,0x4C,0xD0,0x00,0x49,0xC5,0x01,0x00,
  0x04,0x54,0xD0,0x00,0x19,0xC6,0x01,0x00,0x00,0x37,0xA1,0x01,0x19,0xC6,0x01,0x00,0x01,0x3C,0xA1,0x01,0x19,0xC6,0x01,0x00,
  0x04,0x4A,0xD1,0x00,0x19,0xC6,0x01,0x00,0x02,0x4D,0xD1,0x00,0x19,0xC6,0x01,0x00,0x03,0x56,0xD1,0x00,0xEA,0xC6,0x01,0x00,
  0x02,0x4B,0xD0,0x00,0xEA,0xC6,0x01,0x00,0x03,0x4E,0xD0,0x00,0xEA,0xC6,0x01,0x00,0x04,0x57,0xD0,0x00,0xBA,0xC7,0x01,0x00,
  0x03,0x2B,0xA1,0x01,0xBA,0xC7,0x01,0x00,0x01,0x4C,0xD0,0x00,0xBA,0xC7,0x01,0x00,0x04,0x4F,0xD0,0x00,0xBA,0xC7,0x01,0x00,
  0x00,0x58,0xD0,0x00,0x8A,0xC8,0x01,0x00,0x02,0x48,0xD1,0x00,0x8A,0xC8,0x01,0x00,0x01,0x4C,0xD1,0x00,0x8A,0xC8,0x01,0x00,
  0x04,0x54,0xD1,0x00,0x5B,0xC9,0x01,0x00,0x02,0x34,0xA0,0x01,0x5B,0xC9,0x01,0x00,0x00,0x37,0xA0,0x01,0x5B,0xC9,0x01,0x00,
  0x01,0x3C,0xA0,0x01,0x5B,0xC9,0x01,0x00,0x04,0x4A,0xD0,0x00,0x5B,0xC9,0x01,0x00,0x03,0x4D,0xD0,0x00,0x5B,0xC9,0x01,0x00,
  0x04,0x56,0xD0,0x00,0x2B,0xCA,0x01,0x00,0x03,0x4C,0xA1,0x01,0x2B,0xCA,0x01,0x00,0x04,0x4F,0xA1,0x01,0x2B,0xCA,0x01,0x00,
  0x02,0x58,0xA1,0x01,0xFB,0xCA,0x01,0x00,0x00,0x2B,0xA1,0x01,0xCC,0xCB,0x01,0x00,0x01,0x47,0xD0,0x00,0xCC,0xCB,0x01,0x00,
  0x04,0x4A,0xD0,0x00,0xCC,0xCB,0x01,0x00,0x03,0x53,0xD0,0x00,0x9C,0xCC,0x01,0x00,0x03,0x35,0xA1,0x01,0x9C,0xCC,0x01,0x00,
  0x00,0x37,0xA1,0x01,0x9C,0xCC,0x01,0x00,0x04,0x3B,0xA1,0x01,0x9C,0xCC,0x01,0x00,0x01,0x4A,0xA1,0x01,0x9C,0xCC,0x01,0x00,
  0x02,0x4D,0xA1,0x01,0x9C,0xCC,0x01,0x00,0x03,0x56,0xA1,0x01,0x3D,0xCE,0x01,0x00,0x03,0x30,0xA0,0x01,0x3D,0xCE,0x01,0x00,
  0x02,0x48,0xE2,0x04,0x3D,0xCE,0x01,0x00,0x01,0x4C,0xE2,0x04,0x3D,0xCE,0x01,0x00,0x04,0x54,0xE2,0x04,0xDD,0xCF,0x01,0x00,
  0x03,0x34,0xA1,0x01,0xDD,0xCF,0x01,0x00,0x00,0x37,0xA1,0x01,0xDD,0xCF,0x01,0x00,0x03,0x3C,0xA1,0x01,0x7E,0xD1,0x01,0x00,
  0x03,0x34,0xA1,0x01,0x7E,0xD1,0x01,0x00,0x00,0x37,0xA1,0x01,0x7E,0xD1,0x01,0x00,0x02,0x3C,0xA1,0x01,0x1F,0xD3,0x01,0x00,
  0x00,0x37,0xA0,0x01,0x1F,0xD3,0x01,0x00,0x04,0x3B,0xA0,0x01,0x1F,0xD3,0x01,0x00,0x02,0x3E,0xD0,0x00,0xEF,0xD3,0x01,0x00,
  0x03,0x3F,0xD0,0x00,0xBF,0xD4,0x01,0x00,0x03,0x30,0xA1,0x01,0xBF,0xD4,0x01,0x00,0x04,0x40,0xD1,0x00,0x90,0xD5,0x01,0x00,
  0x02,0x48,0xA0,0x01,0x60,0xD6,0x01,0x00,0x03,0x34,0xA1,0x01,0x60,0xD6,0x01,0x00,0x00,0x37,0xA1,0x01,0x60,0xD6,0x01,0x00,
  0x01,0x3C,0xA1,0x01,0x30,0xD7,0x01,0x00,0x04,0x40,0xD1,0x00,0x01,0xD8,0x01,0x00,0x03,0x2B,0xA0,0x01,0x01,0xD8,0x01,0x00,
  0x00,0x37,0xA0,0x01,0x01,0xD8,0x01,0x00,0x02,0x48,0xA0,0x01,0xA1,0xD9,0x01,0x00,0x00,0x37,0xA1,0x01,0xA1,0xD9,0x01,0x00,
  0x03,0x3A,0xA1,0x01,0xA1,0xD9,0x01,0x00,0x01,0x3C,0xA1,0x01,0xA1,0xD9,0x01,0x00,0x04,0x40,0xD1,0x00,0x72,0xDA,0x01,0x00,
  0x02,0x48,0xB2,0x05,0x42,0xDB,0x01,0x00,0x01,0x29,0xA1,0x01,0x42,0xDB,0x01,0x00,0x03,0x35,0xA1,0x01,0xE3,0xDC,0x01,0x00,
  0x03,0x39,0xA0,0x01,0xE3,0xDC,0x01,0x00,0x00,0x3C,0xA0,0x01,0x83,0xDE,0x01,0x00,0x00,0x28,0xA1,0x01,0x83,0xDE,0x01,0x00,
  0x03,0x34,0xA1,0x01,0x24,0xE0,0x01,0x00,0x04,0x27,0xA1,0x01,0x24,0xE0,0x01,0x00,0x01,0x33,0xA1,0x01,0x24,0xE0,0x01,0x00,
  0x00,0x45,0xD0,0x00,0x24,0xE0,0x01,0x00,0x02,0x48,0xD0,0x00,0x24,0xE0,0x01,0x00,0x03,0x51,0xD0,0x00,0xF4,0xE0,0x01,0x00,
  0x02,0x43,0xD1,0x00,0xF4,0xE0,0x01,0x00,0x03,0x48,0xD1,0x00,0xF4,0xE0,0x01,0x00,0x00,0x4F,0xD1,0x00,0xC5,0xE1,0x01,0x00,
  0x03,0x26,0xA0,0x01,0xC5,0xE1,0x01,0x00,0x00,0x32,0xA0,0x01,0xC5,0xE1,0x01,0x00,0x01,0x42,0xD0,0x00,0xC5,0xE1,0x01,0x00,
  0x02,0x48,0xD0,0x00,0xC5,0xE1,0x01,0x00,0x04,0x4E,0xD0,0x00,0x95,0xE2,0x01,0x00,0x04,0x45,0xD0,0x00,0x95,0xE2,0x01,0x00,
  0x01,0x51,0xD0,0x00,0x65,0xE3,0x01,0x00,0x00,0x32,0xA1,0x01,0x65,0xE3,0x01,0x00,0x04,0x36,0xA1,0x01,0x65,0xE3,0x01,0x00,
  0x02,0x39,0xA1,0x01,0x65,0xE3,0x01,0x00,0x01,0x3C,0xA1,0x01,0x65,0xE3,0x01,0x00,0x03,0x48,0xD1,0x00,0x65,0xE3,0x01,0x00,
  0x03,0x54,0xD1,0x00,0x36,0xE4,0x01,0x00,0x03,0x4C,0xA0,0x01,0x36,0xE4,0x01,0x00,0x00,0x58,0xA0,0x01,0x06,0xE5,0x01,0x00,
  0x01,0x32,0xA1,0x01,0xD6,0xE5,0x01,0x00,0x04,0x4A,0xD1,0x00,0xD6,0xE5,0x01,0x00,0x02,0x56,0xD1,0x00,0xA7,0xE6,0x01,0x00,
  0x04,0x36,0xA0,0x01,0xA7,0xE6,0x01,0x00,0x02,0x39,0xA0,0x01,0xA7,0xE6,0x01,0x00,0x00,0x3C,0xA0,0x01,0xA7,0xE6,0x01,0x00,
  0x03,0x48,0xD0,0x00,0xA7,0xE6,0x01,0x00,0x01,0x54,0xD0,0x00,0x77,0xE7,0x01,0x00,0x01,0x45,0xD0,0x00,0x77,0xE7,0x01,0x00,
  0x03,0x51,0xD0,0x00,0x47,0xE8,0x01,0x00,0x00,0x37,0xA1,0x01,0x47,0xE8,0x01,0x00,0x04,0x3B,0xA1,0x01,0x47,0xE8,0x01,0x00,
  0x01,0x4A,0xE2,0x04,0x47,0xE8,0x01,0x00,0x02,0x4D,0xE2,0x04,0x47,0xE8,0x01,0x00,0x03,0x56,0xE2,0x04,0xE8,0xE9,0x01,0x00,
  0x04,0x2B,0xA1,0x01,0xE8,0xE9,0x01,0x00,0x00,0x37,0xA1,0x01,0x89,0xEB,0x01,0x00,0x00,0x2D,0xA0,0x01,0x89,0xEB,0x01,0x00,
  0x04,0x39,0xA0,0x01,0x29,0xED,0x01,0x00,0x02,0x2F,0xA1,0x01,0x29,0xED,0x01,0x00,0x04,0x3B,0xA1,0x01,0x29,0xED,0x01,0x00,
  0x03,0x3E,0xD1,0x00,0xFA,0xED,0x01,0x00,0x03,0x3F,0xD0,0x00,0xCA,0xEE,0x01,0x00,0x03,0x30,0xA1,0x01,0xCA,0xEE,0x01,0x00,
  0x04,0x40,0xD0,0x00,0x9A,0xEF,0x01,0x00,0x02,0x48,0xA1,0x01,0x6B,0xF0,0x01,0x00,0x03,0x34,0xA0,0x01,0x6B,0xF0,0x01,0x00,
  0x00,0x37,0xA0,0x01,0x6B,0xF0,0x01,0x00,0x01,0x3C,0xA0,0x01,0x3B,0xF1,0x01,0x00,0x04,0x40,0xD0,0x00,0x0B,0xF2,0x01,0x00,
  0x03,0x2B,0xA1,0x01,0x0B,0xF2,0x01,0x00,0x00,0x37,0xA1,0x01,0x0B,0xF2,0x01,0x00,0x02,0x48,0xA1,0x01,0xAC,0xF3,0x01,0x00,
  0x00,0x37,0xA1,0x01,0xAC,0xF3,0x01,0x00,0x03,0x3A,0xA1,0x01,0xAC,0xF3,0x01,0x00,0x01,0x3C,0xA1,0x01,0xAC,0xF3,0x01,0x00,
  0x04,0x40,0xD0,0x00,0x7C,0xF4,0x01,0x00,0x02,0x48,0xE2,0x04,0x4D,0xF5,0x01,0x00,0x01,0x29,0xA0,0x01,0x4D,0xF5,0x01,0x00,
  0x03,0x35,0xA0,0x01,0xED,0xF6,0x01,0x00,0x03,0x39,0xA1,0x01,0xED,0xF6,0x01,0x00,0x00,0x3C,0xA1,0x01,0x8E,0xF8,0x01,0x00,
  0x00,0x28,0xA1,0x01,0x8E,0xF8,0x01,0x00,0x03,0x34,0xA1,0x01,0x5E,0xF9,0x01,0x00,0x02,0x48,0xD1,0x00,0x5E,0xF9,0x01,0x00,
  0x01,0x4C,0xD1,0x00,0x5E,0xF9,0x01,0x00,0x04,0x54,0xD1,0x00,0x2F,0xFA,0x01,0x00,0x00,0x37,0xA0,0x01,0x2F,0xFA,0x01,0x00,
  0x01,0x3C,0xA0,0x01,0x2F,0xFA,0x01,0x00,0x04,0x4A,0xD0,0x00,0x2F,0xFA,0x01,0x00,0x02,0x4D,0xD0,0x00,0x2F,0xFA,0x01,0x00,
  0x03,0x56,0xD0,0x00,0xFF,0xFA,0x01,0x00,0x02,0x4B,0xD0,0x00,0xFF,0xFA,0x01,0x00,0x03,0x4E,0xD0,0x00,0xFF,0xFA,0x01,0x00,
  0x04,0x57,0xD0,0x00,0xCF,0xFB,0x01,0x00,0x03,0x2B,0xA1,0x01,0xCF,0xFB,0x01,0x00,0x01,0x4C,0xD1,0x00,0xCF,0xFB,0x01,0x00,
  0x04,0x4F,0xD1,0x00,0xCF,0xFB,0x01,0x00,0x00,0x58,0xD1,0x00,0xA0,0xFC,0x01,0x00,0x02,0x48,0xD0,0x00,0xA0,0xFC,0x01,0x00,
  0x01,0x4C,0xD0,0x00,0xA0,0xFC,0x01,0x00,0x04,0x54,0xD0,0x00,0x70,0xFD,0x01,0x00,0x02,0x34,0xA1,0x01,0x70,0xFD,0x01,0x00,
  0x00,0x37,0xA1,0x01,0x70,0xFD,0x01,0x00,0x01,0x3C,0xA1,0x01,0x70,0xFD,0x01,0x00,0x04,0x4A,0xD0,0x00,0x70,0xFD,0x01,0x00,
  0x03,0x4D,0xD0,0x00,0x70,0xFD,0x01,0x00,0x04,0x56,0xD0,0x00,0x40,0xFE,0x01,0x00,0x03,0x4C,0xA1,0x01,0x40,0xFE,0x01,0x00,
  0x04,0x4F,0xA1,0x01,0x40,0xFE,0x01,0x00,0x02,0x58,0xA1,0x01,0x11,0xFF,0x01,0x00,0x00,0x2B,0xA0,0x01,0xE1,0xFF,0x01,0x00,
  0x01,0x47,0xD0,0x00,0xE1,0xFF,0x01,0x00,0x04,0x4A,0xD0,0x00,0xE1,0xFF,0x01,0x00,0x03,0x53,0xD0,0x00,0xB1,0x00,0x02,0x00,
  0x03,0x35,0xA1,0x01,0xB1,0x00,0x02,0x00,0x00,0x37,0xA1,0x01,0xB1,0x00,0x02,0x00,0x04,0x3B,0xA1,0x01,0xB1,0x00,0x02,0x00,
  0x01,0x4A,0xA1,0x01,0xB1,0x00,0x02,0x00,0x02,0x4D,0xA1,0x01,0xB1,0x00,0x02,0x00,0x03,0x56,0xA1,0x01,0x52,0x02,0x02,0x00,
  0x03,0x30,0xA1,0x01,0x52,0x02,0x02,0x00,0x02,0x48,0xE2,0x04,0x52,0x02,0x02,0x00,0x01,0x4C,0xE2,0x04,0x52,0x02,0x02,0x00,
  0x04,0x54,0xE2,0x04,0xF3,0x03,0x02,0x00,0x03,0x34,0xA0,0x01,0xF3,0x03,0x02,0x00,0x00,0x37,0xA0,0x01,0xF3,0x03,0x02,0x00,
  0x03,0x3C,0xA0,0x01,0x93,0x05,0x02,0x00,0x00,0x37,0xA1,0x01,0x93,0x05,0x02,0x00,0x03,0x3C,0xA1,0x01,0x93,0x05,0x02,0x00,
  0x02,0x40,0xA1,0x01,0x34,0x07,0x02,0x00,0x02,0x48,0xD0,0x00,0x34,0x07,0x02,0x00,0x04,0x54,0xD0,0x00,0x04,0x08,0x02,0x00,
  0x04,0x4A,0xD1,0x00,0x04,0x08,0x02,0x00,0x01,0x56,0xD1,0x00,0xD5,0x08,0x02,0x00,0x03,0x30,0xA0,0x01,0xD5,0x08,0x02,0x00,
  0x00,0x3C,0xA0,0x01,0xD5,0x08,0x02,0x00,0x01,0x4C,0xD0,0x00,0xD5,0x08,0x02,0x00,0x04,0x58,0xD0,0x00,0xA5,0x09,0x02,0x00,
  0x02,0x48,0xD0,0x00,0xA5,0x09,0x02,0x00,0x04,0x54,0xD0,0x00,0x75,0x0A,0x02,0x00,0x00,0x37,0xA1,0x01,0x75,0x0A,0x02,0x00,
  0x01,0x3C,0xA1,0x01,0x75,0x0A,0x02,0x00,0x04,0x40,0xA1,0x01,0x75,0x0A,0x02,0x00,0x02,0x4A,0xD1,0x00,0x75,0x0A,0x02,0x00,
  0x03,0x56,0xD1,0x00,0x46,0x0B,0x02,0x00,0x02,0x4C,0xA0,0x01,0x46,0x0B,0x02,0x00,0x03,0x58,0xA0,0x01,0x16,0x0C,0x02,0x00,
  0x01,0x2E,0xA1,0x01,0x16,0x0C,0x02,0x00,0x04,0x3A,0xA1,0x01,0xE6,0x0C,0x02,0x00,0x02,0x48,0xD1,0x00,0xE6,0x0C,0x02,0x00,
  0x00,0x54,0xD1,0x00,0xB7,0x0D,0x02,0x00,0x00,0x37,0xA0,0x01,0xB7,0x0D,0x02,0x00,0x01,0x3C,0xA0,0x01,0xB7,0x0D,0x02,0x00,
  0x04,0x40,0xA0,0x01,0xB7,0x0D,0x02,0x00,0x02,0x4A,0xD0,0x00,0xB7,0x0D,0x02,0x00,0x03,0x56,0xD0,0x00,0x87,0x0E,0x02,0x00,
  0x02,0x48,0xD0,0x00,0x87,0x0E,0x02,0x00,0x03,0x54,0xD0,0x00,0x57,0x0F,0x02,0x00,0x00,0x2D,0xA1,0x01,0x57,0x0F,0x02,0x00,
  0x02,0x39,0xA1,0x01,0x57,0x0F,0x02,0x00,0x01,0x4C,0xD1,0x00,0x57,0x0F,0x02,0x00,0x03,0x58,0xD1,0x00,0x28,0x10,0x02,0x00,
  0x03,0x48,0xD0,0x00,0x28,0x10,0x02,0x00,0x04,0x54,0xD0,0x00,0xF8,0x10,0x02,0x00,0x02,0x39,0xA1,0x01,0xF8,0x10,0x02,0x00,
  0x00,0x3C,0xA1,0x01,0xF8,0x10,0x02,0x00,0x01,0x41,0xA1,0x01,0xF8,0x10,0x02,0x00,0x04,0x4A,0xD0,0x00,0xF8,0x10,0x02,0x00,
  0x03,0x56,0xD0,0x00,0xC8,0x11,0x02,0x00,0x03,0x4C,0xA1,0x01,0xC8,0x11,0x02,0x00,0x04,0x58,0xA1,0x01,0x99,0x12,0x02,0x00,
  0x00,0x2C,0xA0,0x01,0x99,0x12,0x02,0x00,0x01,0x38,0xA0,0x01,0x69,0x13,0x02,0x00,0x02,0x48,0xD0,0x00,0x69,0x13,0x02,0x00,
  0x04,0x54,0xD0,0x00,0x39,0x14,0x02,0x00,0x01,0x38,0xA1,0x01,0x39,0x14,0x02,0x00,0x00,0x3C,0xA1,0x01,0x39,0x14,0x02,0x00,
  0x02,0x41,0xA1,0x01,0x39,0x14,0x02,0x00,0x04,0x4A,0xD1,0x00,0x39,0x14,0x02,0x00,0x03,0x56,0xD1,0x00,0x0A,0x15,0x02,0x00,
  0x03,0x48,0xD0,0x00,0x0A,0x15,0x02,0x00,0x04,0x54,0xD0,0x00,0xDA,0x15,0x02,0x00,0x03,0x2B,0xA1,0x01,0xDA,0x15,0x02,0x00,
  0x00,0x37,0xA1,0x01,0xDA,0x15,0x02,0x00,0x01,0x4C,0xD0,0x00,0xDA,0x15,0x02,0x00,0x04,0x4F,0xD0,0x00,0xDA,0x15,0x02,0x00,
  0x02,0x58,0xD0,0x00,0xAA,0x16,0x02,0x00,0x02,0x48,0xD1,0x00,0xAA,0x16,0x02,0x00,0x01,0x4C,0xD1,0x00,0xAA,0x16,0x02,0x00,
  0x04,0x54,0xD1,0x00,0x7B,0x17,0x02,0x00,0x00,0x37,0xA0,0x01,0x7B,0x17,0x02,0x00,0x01,0x3C,0xA0,0x01,0x7B,0x17,0x02,0x00,
  0x04,0x40,0xA0,0x01,0x7B,0x17,0x02,0x00,0x02,0x4A,0xD0,0x00,0x7B,0x17,0x02,0x00,0x03,0x4D,0xD0,0x00,0x7B,0x17,0x02,0x00,
  0x02,0x56,0xD0,0x00,0x4B,0x18,0x02,0x00,0x02,0x4C,0xA1,0x01,0x4B,0x18,0x02,0x00,0x03,0x4F,0xA1,0x01,0x4B,0x18,0x02,0x00,
  0x00,0x58,0xA1,0x01,0x1B,0x19,0x02,0x00,0x04,0x2B,0xA1,0x01,0xEC,0x19,0x02,0x00,0x01,0x47,0xD0,0x00,0xEC,0x19,0x02,0x00,
  0x00,0x4A,0xD0,0x00,0xEC,0x19,0x02,0x00,0x03,0x53,0xD0,0x00,0xBC,0x1A,0x02,0x00,0x00,0x37,0xA1,0x01,0xBC,0x1A,0x02,0x00,
  0x04,0x3B,0xA1,0x01,0xBC,0x1A,0x02,0x00,0x01,0x4A,0xA1,0x01,0xBC,0x1A,0x02,0x00,0x02,0x4D,0xA1,0x01,0xBC,0x1A,0x02,0x00,
  0x03,0x56,0xA1,0x01,0x5D,0x1C,0x02,0x00,0x03,0x30,0xA0,0x01,0x5D,0x1C,0x02,0x00,0x00,0x37,0xA0,0x01,0x5D,0x1C,0x02,0x00,
  0x01,0x3C,0xA0,0x01,0x5D,0x1C,0x02,0x00,0x02,0x48,0x41,0x03,0x5D,0x1C,0x02,0x00,0x04,0x4C,0x41,0x03,0x5D,0x1C,0x02,0x00,
  0x03,0x54,0x41,0x03,0xFD,0x1D,0x02,0x00,0x00,0x2B,0xA1,0x01,0xFD,0x1D,0x02,0x00,0x01,0x37,0xA1,0x01,0x9E,0x1F,0x02,0x00,
  0x01,0x24,0xA1,0x01,0x9E,0x1F,0x02,0x00,0x03,0x30,0xA1,0x01,0x9E,0x1F,0x02,0x00,0x02,0x48,0xA1,0x01,0x9E,0x1F,0x02,0x00,
  0x04,0x4C,0xA1,0x01,0x9E,0x1F,0x02,0x00,0x00,0x54,0xA1,0x01,0xDF,0x22,0x02,0x00,0x01,0x29,0xA1,0x01,0xDF,0x22,0x02,0x00,
  0x02,0x4D,0xD1,0x00,0xDF,0x22,0x02,0x00,0x03,0x51,0xD1,0x00,0xB0,0x23,0x02,0x00,0x00,0x50,0xD0,0x00,0x80,0x24,0x02,0x00,
  0x02,0x39,0xA1,0x01,0x80,0x24,0x02,0x00,0x00,0x3C,0xA1,0x01,0x80,0x24,0x02,0x00,0x01,0x41,0xA1,0x01,0x80,0x24,0x02,0x00,
  0x03,0x4D,0x41,0x03,0x80,0x24,0x02,0x00,0x04,0x51,0x41,0x03,0x21,0x26,0x02,0x00,0x00,0x30,0xA0,0x01,0xC1,0x27,0x02,0x00,
  0x02,0x39,0xA1,0x01,0xC1,0x27,0x02,0x00,0x00,0x3C,0xA1,0x01,0xC1,0x27,0x02,0x00,0x01,0x41,0xA1,0x01,0xC1,0x27,0x02,0x00,
  0x03,0x4D,0xA1,0x01,0xC1,0x27,0x02,0x00,0x04,0x51,0xA1,0x01,0xC1,0x27,0x02,0x00,0x02,0x54,0xA1,0x01,0x62,0x29,0x02,0x00,
  0x01,0x2E,0xA1,0x01,0x62,0x29,0x02,0x00,0x02,0x4D,0x83,0x06,0x62,0x29,0x02,0x00,0x03,0x52,0x83,0x06,0x62,0x29,0x02,0x00,
  0x04,0x56,0x83,0x06,0x03,0x2B,0x02,0x00,0x00,0x3A,0xA0,0x01,0x03,0x2B,0x02,0x00,0x01,0x3E,0xA0,0x01,0x03,0x2B,0x02,0x00,
  0x00,0x41,0xA0,0x01,0x03,0x2B,0x02,0x00,0x00,0x46,0xD0,0x00,0xD3,0x2B,0x02,0x00,0x00,0x45,0xD0,0x00,0xA3,0x2C,0x02,0x00,
  0x00,0x35,0xA1,0x01,0xA3,0x2C,0x02,0x00,0x01,0x46,0xD1,0x00,0x74,0x2D,0x02,0x00,0x01,0x48,0xD0,0x00,0x44,0x2E,0x02,0x00,
  0x00,0x3A,0xA1,0x01,0x44,0x2E,0x02,0x00,0x01,0x3E,0xA1,0x01,0x44,0x2E,0x02,0x00,0x02,0x41,0xA1,0x01,0x44,0x2E,0x02,0x00,
  0x02,0x4A,0xA1,0x01,0xE5,0x2F,0x02,0x00,0x03,0x26,0xA0,0x01,0xE5,0x2F,0x02,0x00,0x04,0x4A,0xD0,0x00,0xE5,0x2F,0x02,0x00,
  0x02,0x4D,0xD0,0x00,0xB5,0x30,0x02,0x00,0x01,0x4C,0xD0,0x00,0x85,0x31,0x02,0x00,0x02,0x39,0xA1,0x01,0x85,0x31,0x02,0x00,
  0x03,0x3E,0xA1,0x01,0x85,0x31,0x02,0x00,0x00,0x41,0xA1,0x01,0x85,0x31,0x02,0x00,0x04,0x4A,0x42,0x03,0x85,0x31,0x02,0x00,
  0x01,0x4D,0x42,0x03,0x26,0x33,0x02,0x00,0x00,0x2D,0xA1,0x01,0xC7,0x34,0x02,0x00,0x02,0x39,0xA0,0x01,0xC7,0x34,0x02,0x00,
  0x03,0x3E,0xA0,0x01,0xC7,0x34,0x02,0x00,0x00,0x41,0xA0,0x01,0xC7,0x34,0x02,0x00,0x04,0x4A,0xA0,0x01,0xC7,0x34,0x02,0x00,
  0x01,0x4D,0xA0,0x01,0xC7,0x34,0x02,0x00,0x02,0x51,0xA0,0x01,0x67,0x36,0x02,0x00,0x03,0x2B,0xA1,0x01,0x67,0x36,0x02,0x00,
  0x04,0x4A,0xB3,0x05,0x67,0x36,0x02,0x00,0x00,0x4F,0xB3,0x05,0x67,0x36,0x02,0x00,0x02,0x52,0xB3,0x05,0x08,0x38,0x02,0x00,
  0x03,0x3A,0xA1,0x01,0x08,0x38,0x02,0x00,0x01,0x3E,0xA1,0x01,0x08,0x38,0x02,0x00,0x03,0x43,0xD0,0x00,0xD8,0x38,0x02,0x00,
  0x03,0x42,0xD1,0x00,0xA9,0x39,0x02,0x00,0x01,0x32,0xA0,0x01,0xA9,0x39,0x02,0x00,0x03,0x43,0xD0,0x00,0x79,0x3A,0x02,0x00,
  0x03,0x45,0xD0,0x00,0x49,0x3B,0x02,0x00,0x03,0x3A,0xA1,0x01,0x49,0x3B,0x02,0x00,0x01,0x3E,0xA1,0x01,0x49,0x3B,0x02,0x00,
  0x04,0x46,0xA1,0x01,0x1A,0x3C,0x02,0x00,0x00,0x4F,0xD0,0x00,0xEA,0x3C,0x02,0x00,0x01,0x2E,0xA1,0x01,0xEA,0x3C,0x02,0x00,
  0x03,0x3A,0xA1,0x01,0xEA,0x3C,0x02,0x00,0x04,0x4A,0xA1,0x01,0x8B,0x3E,0x02,0x00,0x03,0x3A,0xA0,0x01,0x8B,0x3E,0x02,0x00,
  0x02,0x3E,0xA0,0x01,0x8B,0x3E,0x02,0x00,0x04,0x4F,0xD0,0x00,0x5B,0x3F,0x02,0x00,0x04,0x4A,0xA1,0x01,0x2B,0x40,0x02,0x00,
  0x03,0x2B,0xA1,0x01,0x2B,0x40,0x02,0x00,0x00,0x37,0xA1,0x01,0xFC,0x40,0x02,0x00,0x04,0x4F,0xD0,0x00,0xCC,0x41,0x02,0x00,
  0x04,0x2C,0xA1,0x01,0xCC,0x41,0x02,0x00,0x01,0x38,0xA1,0x01,0xCC,0x41,0x02,0x00,0x00,0x4A,0xA1,0x01,0x6D,0x43,0x02,0x00,
  0x00,0x2D,0xA0,0x01,0x6D,0x43,0x02,0x00,0x02,0x39,0xA0,0x01,0x6D,0x43,0x02,0x00,0x03,0x48,0x41,0x03,0x0D,0x45,0x02,0x00,
  0x02,0x39,0xA1,0x01,0x0D,0x45,0x02,0x00,0x00,0x3C,0xA1,0x01,0x0D,0x45,0x02,0x00,0x01,0x41,0xA1,0x01,0xAE,0x46,0x02,0x00,
  0x00,0x32,0xA1,0x01,0xAE,0x46,0x02,0x00,0x02,0x4D,0x41,0x03,0x4F,0x48,0x02,0x00,0x03,0x39,0xA0,0x01,0x4F,0x48,0x02,0x00,
  0x04,0x3E,0xA0,0x01,0x4F,0x48,0x02,0x00,0x00,0x41,0xA0,0x01,0xEF,0x49,0x02,0x00,0x02,0x34,0xA1,0x01,0xEF,0x49,0x02,0x00,
  0x01,0x4C,0xD1,0x00,0xC0,0x4A,0x02,0x00,0x00,0x50,0xD0,0x00,0x90,0x4B,0x02,0x00,0x04,0x3B,0xA1,0x01,0x90,0x4B,0x02,0x00,
  0x02,0x3E,0xA1,0x01,0x90,0x4B,0x02,0x00,0x00,0x40,0xA1,0x01,0x90,0x4B,0x02,0x00,0x03,0x53,0xD0,0x00,0x60,0x4C,0x02,0x00,
  0x03,0x58,0xA1,0x01,0x31,0x4D,0x02,0x00,0x01,0x38,0xA0,0x01,0x01,0x4E,0x02,0x00,0x02,0x56,0xD0,0x00,0xD1,0x4E,0x02,0x00,
  0x04,0x3B,0xA1,0x01,0xD1,0x4E,0x02,0x00,0x02,0x3E,0xA1,0x01,0xD1,0x4E,0x02,0x00,0x00,0x40,0xA1,0x01,0xD1,0x4E,0x02,0x00,
  0x03,0x53,0xD1,0x00,0xA2,0x4F,0x02,0x00,0x01,0x54,0xD0,0x00,0x72,0x50,0x02,0x00,0x02,0x39,0x41,0x03,0x72,0x50,0x02,0x00,
  0x00,0x3C,0x41,0x03,0x72,0x50,0x02,0x00,0x04,0x40,0x41,0x03,0x72,0x50,0x02,0x00,0x01,0x51,0x41,0x03,0xB3,0x53,0x02,0x00,
  0x00,0x37,0x42,0x03,0xB3,0x53,0x02,0x00,0x01,0x3C,0x42,0x03,0xB3,0x53,0x02,0x00,0x04,0x40,0x42,0x03,0xB3,0x53,0x02,0x00,
  0x02,0x52,0x42,0x03,0x54,0x55,0x02,0x00,0x03,0x30,0xA1,0x01,0xF5,0x56,0x02,0x00,0x01,0x29,0xA0,0x01,0xF5,0x56,0x02,0x00,
  0x02,0x4D,0xD0,0x00,0xF5,0x56,0x02,0x00,0x03,0x51,0xD0,0x00,0xC5,0x57,0x02,0x00,0x00,0x50,0xD0,0x00,0x95,0x58,0x02,0x00,
  0x02,0x39,0xA1,0x01,0x95,0x58,0x02,0x00,0x00,0x3C,0xA1,0x01,0x95,0x58,0x02,0x00,0x01,0x41,0xA1,0x01,0x95,0x58,0x02,0x00,
  0x03,0x4D,0x42,0x03,0x95,0x58,0x02,0x00,0x04,0x51,0x42,0x03,0x36,0x5A,0x02,0x00,0x00,0x30,0xA1,0x01,0xD7,0x5B,0x02,0x00,
  0x02,0x39,0xA0,0x01,0xD7,0x5B,0x02,0x00,0x00,0x3C,0xA0,0x01,0xD7,0x5B,0x02,0x00,0x01,0x41,0xA0,0x01,0xD7,0x5B,0x02,0x00,
  0x03,0x4D,0xA0,0x01,0xD7,0x5B,0x02,0x00,0x04,0x51,0xA0,0x01,0xD7,0x5B,0x02,0x00,0x02,0x54,0xA0,0x01,0x77,0x5D,0x02,0x00,
  0x01,0x2E,0xA1,0x01,0x77,0x5D,0x02,0x00,0x02,0x4D,0x83,0x06,0x77,0x5D,0x02,0x00,0x03,0x52,0x83,0x06,0x77,0x5D,0x02,0x00,
  0x04,0x56,0x83,0x06,0x18,0x5F,0x02,0x00,0x00,0x3A,0xA1,0x01,0x18,0x5F,0x02,0x00,0x01,0x3E,0xA1,0x01,0x18,0x5F,0x02,0x00,
  0x00,0x41,0xA1,0x01,0x18,0x5F,0x02,0x00,0x00,0x46,0xD0,0x00,0xE8,0x5F,0x02,0x00,0x00,0x45,0xD1,0x00,0xB9,0x60,0x02,0x00,
  0x00,0x35,0xA0,0x01,0xB9,0x60,0x02,0x00,0x01,0x46,0xD0,0x00,0x89,0x61,0x02,0x00,0x01,0x48,0xD0,0x00,0x59,0x62,0x02,0x00,
  0x00,0x3A,0xA1,0x01,0x59,0x62,0x02,0x00,0x01,0x3E,0xA1,0x01,0x59,0x62,0x02,0x00,0x02,0x41,0xA1,0x01,0x59,0x62,0x02,0x00,
  0x02,0x4A,0xA1,0x01,0xFA,0x63,0x02,0x00,0x03,0x26,0xA1,0x01,0xFA,0x63,0x02,0x00,0x04,0x4A,0xD0,0x00,0xFA,0x63,0x02,0x00,
  0x02,0x4D,0xD0,0x00,0xCA,0x64,0x02,0x00,0x01,0x4C,0xD1,0x00,0x9B,0x65,0x02,0x00,0x02,0x39,0xA0,0x01,0x9B,0x65,0x02,0x00,
  0x03,0x3E,0xA0,0x01,0x9B,0x65,0x02,0x00,0x00,0x41,0xA0,0x01,0x9B,0x65,0x02,0x00,0x04,0x4A,0x41,0x03,0x9B,0x65,0x02,0x00,
  0x01,0x4D,0x41,0x03,0x3B,0x67,0x02,0x00,0x00,0x2D,0xA1,0x01,0xDC,0x68,0x02,0x00,0x02,0x39,0xA1,0x01,0xDC,0x68,0x02,0x00,
  0x03,0x3E,0xA1,0x01,0xDC,0x68,0x02,0x00,0x00,0x41,0xA1,0x01,0xDC,0x68,0x02,0x00,0x04,0x4A,0xA1,0x01,0xDC,0x68,0x02,0x00,
  0x01,0x4D,0xA1,0x01,0xDC,0x68,0x02,0x00,0x02,0x51,0xA1,0x01,0x7D,0x6A,0x02,0x00,0x03,0x2B,0xA0,0x01,0x7D,0x6A,0x02,0x00,
  0x04,0x4A,0xB2,0x05,0x7D,0x6A,0x02,0x00,0x00,0x4F,0xB2,0x05,0x7D,0x6A,0x02,0x00,0x02,0x52,0xB2,0x05,0x1D,0x6C,0x02,0x00,
  0x03,0x3A,0xA1,0x01,0x1D,0x6C,0x02,0x00,0x01,0x3E,0xA1,0x01,0x1D,0x6C,0x02,0x00,0x03,0x43,0xD1,0x00,0xEE,0x6C,0x02,0x00,
  0x03,0x42,0xD0,0x00,0xBE,0x6D,0x02,0x00,0x01,0x32,0xA1,0x01,0xBE,0x6D,0x02,0x00,0x03,0x43,0xD0,0x00,0x8E,0x6E,0x02,0x00,
  0x03,0x45,0xD1,0x00,0x5F,0x6F,0x02,0x00,0x03,0x3A,0xA0,0x01,0x5F,0x6F,0x02,0x00,0x01,0x3E,0xA0,0x01,0x5F,0x6F,0x02,0x00,
  0x04,0x46,0xA0,0x01,0x2F,0x70,0x02,0x00,0x00,0x4F,0xD0,0x00,0xFF,0x70,0x02,0x00,0x01,0x2E,0xA1,0x01,0xFF,0x70,0x02,0x00,
  0x03,0x3A,0xA1,0x01,0xFF,0x70,0x02,0x00,0x04,0x4A,0xA1,0x01,0xA0,0x72,0x02,0x00,0x03,0x3A,0xA1,0x01,0xA0,0x72,0x02,0x00,
  0x02,0x3E,0xA1,0x01,0xA0,0x72,0x02,0x00,0x04,0x4F,0xD0,0x00,0x70,0x73,0x02,0x00,0x04,0x4A,0xA1,0x01,0x41,0x74,0x02,0x00,
  0x03,0x2B,0xA0,0x01,0x41,0x74,0x02,0x00,0x00,0x37,0xA0,0x01,0x11,0x75,0x02,0x00,0x04,0x4F,0xD0,0x00,0xE1,0x75,0x02,0x00,
  0x04,0x2C,0xA1,0x01,0xE1,0x75,0x02,0x00,0x01,0x38,0xA1,0x01,0xE1,0x75,0x02,0x00,0x00,0x4A,0xA1,0x01,0x82,0x77,0x02,0x00,
  0x00,0x2D,0xD0,0x00,0x82,0x77,0x02,0x00,0x02,0x39,0xD0,0x00,0x82,0x77,0x02,0x00,0x03,0x48,0x41,0x03,0x52,0x78,0x02,0x00,
  0x01,0x29,0xD1,0x00,0x52,0x78,0x02,0x00,0x04,0x35,0xD1,0x00,0x23,0x79,0x02,0x00,0x00,0x28,0xD0,0x00,0x23,0x79,0x02,0x00,
  0x02,0x34,0xD0,0x00,0xF3,0x79,0x02,0x00,0x04,0x26,0xD0,0x00,0xF3,0x79,0x02,0x00,0x00,0x32,0xD0,0x00,0xC3,0x7A,0x02,0x00,
  0x02,0x25,0x42,0x03,0xC3,0x7A,0x02,0x00,0x04,0x31,0x42,0x03,0xC3,0x7A,0x02,0x00,0x03,0x44,0x71,0x02,0xC3,0x7A,0x02,0x00,
  0x01,0x47,0x71,0x02,0xC3,0x7A,0x02,0x00,0x00,0x4D,0x71,0x02,0x34,0x7D,0x02,0x00,0x03,0x4D,0xD1,0x00,0x05,0x7E,0x02,0x00,
  0x01,0x24,0xA0,0x01,0x05,0x7E,0x02,0x00,0x03,0x30,0xA0,0x01,0x05,0x7E,0x02,0x00,0x04,0x45,0xD0,0x00,0x05,0x7E,0x02,0x00,
  0x02,0x48,0xD0,0x00,0x05,0x7E,0x02,0x00,0x00,0x51,0xD0,0x00,0xD5,0x7E,0x02,0x00,0x02,0x48,0xA1,0x01,0xD5,0x7E,0x02,0x00,
  0x04,0x54,0xA1,0x01,0xA5,0x7F,0x02,0x00,0x03,0x39,0xA1,0x01,0xA5,0x7F,0x02,0x00,0x00,0x3C,0xA1,0x01,0xA5,0x7F,0x02,0x00,
  0x01,0x41,0xA1,0x01,0x76,0x80,0x02,0x00,0x02,0x46,0x71,0x02,0x76,0x80,0x02,0x00,0x04,0x4F,0xA0,0x01,0x46,0x81,0x02,0x00,
  0x03,0x30,0xA1,0x01,0x46,0x81,0x02,0x00,0x00,0x3C,0xA1,0x01,0x16,0x82,0x02,0x00,0x04,0x48,0xD1,0x00,0xE7,0x82,0x02,0x00,
  0x01,0x24,0xA0,0x01,0xE7,0x82,0x02,0x00,0x03,0x30,0xA0,0x01,0xE7,0x82,0x02,0x00,0x00,0x46,0xA0,0x01,0xE7,0x82,0x02,0x00,
  0x04,0x4A,0xD0,0x00,0xB7,0x83,0x02,0x00,0x02,0x4C,0xD0,0x00,0x87,0x84,0x02,0x00,0x01,0x29,0xA1,0x01,0x87,0x84,0x02,0x00,
  0x03,0x35,0xA1,0x01,0x87,0x84,0x02,0x00,0x04,0x45,0xA1,0x01,0x87,0x84,0x02,0x00,0x02,0x4D,0xA1,0x01,0x28,0x86,0x02,0x00,
  0x01,0x47,0xD0,0x00,0xF8,0x86,0x02,0x00,0x02,0x48,0xD1,0x00,0xC9,0x87,0x02,0x00,0x04,0x4A,0xD0,0x00,0x99,0x88,0x02,0x00,
  0x01,0x4C,0xD0,0x00,0x69,0x89,0x02,0x00,0x02,0x4D,0xD1,0x00,0x3A,0x8A,0x02,0x00,0x04,0x4F,0xD0,0x00,0x0A,0x8B,0x02,0x00,
  0x01,0x29,0xA1,0x01,0x0A,0x8B,0x02,0x00,0x02,0x4D,0xD0,0x00,0x0A,0x8B,0x02,0x00,0x03,0x51,0xD0,0x00,0xDA,0x8B,0x02,0x00,
  0x00,0x50,0xD1,0x00,0xAB,0x8C,0x02,0x00,0x02,0x39,0xA0,0x01,0xAB,0x8C,0x02,0x00,0x00,0x3C,0xA0,0x01,0xAB,0x8C,0x02,0x00,
  0x01,0x41,0xA0,0x01,0xAB,0x8C,0x02,0x00,0x03,0x4D,0x41,0x03,0xAB,0x8C,0x02,0x00,0x04,0x51,0x41,0x03,0x4B,0x8E,0x02,0x00,
  0x00,0x30,0xA1,0x01,0xEC,0x8F,0x02,0x00,0x02,0x39,0xA1,0x01,0xEC,0x8F,0x02,0x00,0x00,0x3C,0xA1,0x01,0xEC,0x8F,0x02,0x00,
  0x01,0x41,0xA1,0x01,0xEC,0x8F,0x02,0x00,0x03,0x4D,0xA1,0x01,0xEC,0x8F,0x02,0x00,0x04,0x51,0xA1,0x01,0xEC,0x8F,0x02,0x00,
  0x02,0x54,0xA1,0x01,0x8D,0x91,0x02,0x00,0x01,0x2E,0xA0,0x01,0x8D,0x91,0x02,0x00,0x02,0x4D,0x82,0x06,0x8D,0x91,0x02,0x00,
  0x03,0x52,0x82,0x06,0x8D,0x91,0x02,0x00,0x04,0x56,0x82,0x06,0x2D,0x93,0x02,0x00,0x00,0x3A,0xA1,0x01,0x2D,0x93,0x02,0x00,
  0x01,0x3E,0xA1,0x01,0x2D,0x93,0x02,0x00,0x00,0x41,0xA1,0x01,0x2D,0x93,0x02,0x00,0x00,0x46,0xD1,0x00,0xFE,0x93,0x02,0x00,
  0x00,0x45,0xD0,0x00,0xCE,0x94,0x02,0x00,0x00,0x35,0xA1,0x01,0xCE,0x94,0x02,0x00,0x01,0x46,0xD0,0x00,0x9E,0x95,0x02,0x00,
  0x01,0x48,0xD1,0x00,0x6F,0x96,0x02,0x00,0x00,0x3A,0xA0,0x01,0x6F,0x96,0x02,0x00,0x01,0x3E,0xA0,0x01,0x6F,0x96,0x02,0x00,
  0x02,0x41,0xA0,0x01,0x6F,0x96,0x02,0x00,0x02,0x4A,0xA0,0x01,0x0F,0x98,0x02,0x00,0x03,0x26,0xA1,0x01,0x0F,0x98,0x02,0x00,
  0x04,0x4A,0xD1,0x00,0x0F,0x98,0x02,0x00,0x02,0x4D,0xD1,0x00,0xE0,0x98,0x02,0x00,0x01,0x4C,0xD0,0x00,0xB0,0x99,0x02,0x00,
  0x02,0x39,0xA1,0x01,0xB0,0x99,0x02,0x00,0x03,0x3E,0xA1,0x01,0xB0,0x99,0x02,0x00,0x00,0x41,0xA1,0x01,0xB0,0x99,0x02,0x00,
  0x04,0x4A,0x41,0x03,0xB0,0x99,0x02,0x00,0x01,0x4D,0x41,0x03,0x51,0x9B,0x02,0x00,0x00,0x2D,0xA0,0x01,0xF1,0x9C,0x02,0x00,
  0x02,0x39,0xA1,0x01,0xF1,0x9C,0x02,0x00,0x03,0x3E,0xA1,0x01,0xF1,0x9C,0x02,0x00,0x00,0x41,0xA1,0x01,0xF1,0x9C,0x02,0x00,
  0x04,0x4A,0xA1,0x01,0xF1,0x9C,0x02,0x00,0x01,0x4D,0xA1,0x01,0xF1,0x9C,0x02,0x00,0x02,0x51,0xA1,0x01,0x92,0x9E,0x02,0x00,
  0x03,0x2B,0xA1,0x01,0x92,0x9E,0x02,0x00,0x04,0x4A,0xB2,0x05,0x92,0x9E,0x02,0x00,0x00,0x4F,0xB2,0x05,0x92,0x9E,0x02,0x00,
  0x02,0x52,0xB2,0x05,0x33,0xA0,0x02,0x00,0x03,0x3A,0xA0,0x01,0x33,0xA0,0x02,0x00,0x01,0x3E,0xA0,0x01,0x33,0xA0,0x02,0x00,
  0x03,0x43,0xD0,0x00,0x03,0xA1,0x02,0x00,0x03,0x42,0xD0,0x00,0xD3,0xA1,0x02,0x00,0x01,0x32,0xA1,0x01,0xD3,0xA1,0x02,0x00,
  0x03,0x43,0xD1,0x00,0xA4,0xA2,0x02,0x00,0x03,0x45,0xD0,0x00,0x74,0xA3,0x02,0x00,0x03,0x3A,0xA1,0x01,0x74,0xA3,0x02,0x00,
  0x01,0x3E,0xA1,0x01,0x74,0xA3,0x02,0x00,0x04,0x46,0xA1,0x01,0x44,0xA4,0x02,0x00,0x00,0x4F,0xD1,0x00,0x15,0xA5,0x02,0x00,
  0x01,0x2E,0xA0,0x01,0x15,0xA5,0x02,0x00,0x03,0x3A,0xA0,0x01,0x15,0xA5,0x02,0x00,0x04,0x4A,0xA0,0x01,0xB5,0xA6,0x02,0x00,
  0x03,0x3A,0xA1,0x01,0xB5,0xA6,0x02,0x00,0x02,0x3E,0xA1,0x01,0xB5,0xA6,0x02,0x00,0x04,0x4F,0xD1,0x00,0x86,0xA7,0x02,0x00,
  0x04,0x4A,0xA0,0x01,0x56,0xA8,0x02,0x00,0x03,0x2B,0xA1,0x01,0x56,0xA8,0x02,0x00,0x00,0x37,0xA1,0x01,0x26,0xA9,0x02,0x00,
  0x04,0x4F,0xD1,0x00,0xF7,0xA9,0x02,0x00,0x04,0x2C,0xA0,0x01,0xF7,0xA9,0x02,0x00,0x01,0x38,0xA0,0x01,0xF7,0xA9,0x02,0x00,
  0x00,0x4A,0xA0,0x01,0x97,0xAB,0x02,0x00,0x00,0x2D,0xA1,0x01,0x97,0xAB,0x02,0x00,0x02,0x39,0xA1,0x01,0x97,0xAB,0x02,0x00,
  0x03,0x48,0x42,0x03,0x38,0xAD,0x02,0x00,0x02,0x39,0xA1,0x01,0x38,0xAD,0x02,0x00,0x00,0x3C,0xA1,0x01,0x38,0xAD,0x02,0x00,
  0x01,0x41,0xA1,0x01,0xD9,0xAE,0x02,0x00,0x00,0x32,0xA0,0x01,0xD9,0xAE,0x02,0x00,0x02,0x4D,0x41,0x03,0x79,0xB0,0x02,0x00,
  0x03,0x39,0xA1,0x01,0x79,0xB0,0x02,0x00,0x04,0x3E,0xA1,0x01,0x79,0xB0,0x02,0x00,0x00,0x41,0xA1,0x01,0x1A,0xB2,0x02,0x00,
  0x02,0x34,0xA1,0x01,0x1A,0xB2,0x02,0x00,0x01,0x4C,0xD0,0x00,0xEA,0xB2,0x02,0x00,0x00,0x50,0xD1,0x00,0xBB,0xB3,0x02,0x00,
  0x04,0x3B,0xA0,0x01,0xBB,0xB3,0x02,0x00,0x02,0x3E,0xA0,0x01,0xBB,0xB3,0x02,0x00,0x00,0x40,0xA0,0x01,0xBB,0xB3,0x02,0x00,
  0x03,0x53,0xD0,0x00,0x8B,0xB4,0x02,0x00,0x03,0x58,0xA1,0x01,0x5B,0xB5,0x02,0x00,0x01,0x38,0xA1,0x01,0x2C,0xB6,0x02,0x00,
  0x02,0x56,0xD0,0x00,0xFC,0xB6,0x02,0x00,0x04,0x3B,0xA1,0x01,0xFC,0xB6,0x02,0x00,0x02,0x3E,0xA1,0x01,0xFC,0xB6,0x02,0x00,
  0x00,0x40,0xA1,0x01,0xFC,0xB6,0x02,0x00,0x03,0x53,0xD0,0x00,0xCC,0xB7,0x02,0x00,0x01,0x54,0xD1,0x00,0x9D,0xB8,0x02,0x00,
  0x02,0x39,0x41,0x03,0x9D,0xB8,0x02,0x00,0x00,0x3C,0x41,0x03,0x9D,0xB8,0x02,0x00,0x04,0x40,0x41,0x03,0x9D,0xB8,0x02,0x00,
  0x01,0x51,0x41,0x03,0xDE,0xBB,0x02,0x00,0x00,0x37,0x41,0x03,0xDE,0xBB,0x02,0x00,0x01,0x3C,0x41,0x03,0xDE,0xBB,0x02,0x00,
  0x04,0x40,0x41,0x03,0xDE,0xBB,0x02,0x00,0x02,0x52,0x41,0x03,0x7F,0xBD,0x02,0x00,0x03,0x30,0xA0,0x01,0x1F,0xBF,0x02,0x00,
  0x01,0x29,0xA1,0x01,0x1F,0xBF,0x02,0x00,0x02,0x4D,0xD1,0x00,0x1F,0xBF,0x02,0x00,0x03,0x51,0xD1,0x00,0xF0,0xBF,0x02,0x00,
  0x00,0x50,0xD0,0x00,0xC0,0xC0,0x02,0x00,0x02,0x39,0xA1,0x01,0xC0,0xC0,0x02,0x00,0x00,0x3C,0xA1,0x01,0xC0,0xC0,0x02,0x00,
  0x01,0x41,0xA1,0x01,0xC0,0xC0,0x02,0x00,0x03,0x4D,0x41,0x03,0xC0,0xC0,0x02,0x00,0x04,0x51,0x41,0x03,0x61,0xC2,0x02,0x00,
  0x00,0x30,0xA0,0x01,0x01,0xC4,0x02,0x00,0x02,0x39,0xA1,0x01,0x01,0xC4,0x02,0x00,0x00,0x3C,0xA1,0x01,0x01,0xC4,0x02,0x00,
  0x01,0x41,0xA1,0x01,0x01,0xC4,0x02,0x00,0x03,0x4D,0xA1,0x01,0x01,0xC4,0x02,0x00,0x04,0x51,0xA1,0x01,0x01,0xC4,0x02,0x00,
  0x02,0x54,0xA1,0x01,0xA2,0xC5,0x02,0x00,0x01,0x2E,0xA1,0x01,0xA2,0xC5,0x02,0x00,0x02,0x4D,0x83,0x06,0xA2,0xC5,0x02,0x00,
  0x03,0x52,0x83,0x06,0xA2,0xC5,0x02,0x00,0x04,0x56,0x83,0x06,0x43,0xC7,0x02,0x00,0x00,0x3A,0xA0,0x01,0x43,0xC7,0x02,0x00,
  0x01,0x3E,0xA0,0x01,0x43,0xC7,0x02,0x00,0x00,0x41,0xA0,0x01,0x43,0xC7,0x02,0x00,0x00,0x46,0xD0,0x00,0x13,0xC8,0x02,0x00,
  0x00,0x45,0xD0,0x00,0xE3,0xC8,0x02,0x00,0x00,0x35,0xA1,0x01,0xE3,0xC8,0x02,0x00,0x01,0x46,0xD1,0x00,0xB4,0xC9,0x02,0x00,
  0x01,0x48,0xD0,0x00,0x84,0xCA,0x02,0x00,0x00,0x3A,0xA1,0x01,0x84,0xCA,0x02,0x00,0x01,0x3E,0xA1,0x01,0x84,0xCA,0x02,0x00,
  0x02,0x41,0xA1,0x01,0x84,0xCA,0x02,0x00,0x02,0x4A,0xA1,0x01,0x25,0xCC,0x02,0x00,0x03,0x26,0xA0,0x01,0x25,0xCC,0x02,0x00,
  0x04,0x4A,0xD0,0x00,0x25,0xCC,0x02,0x00,0x02,0x4D,0xD0,0x00,0xF5,0xCC,0x02,0x00,0x01,0x4C,0xD0,0x00,0xC5,0xCD,0x02,0x00,
  0x02,0x39,0xA1,0x01,0xC5,0xCD,0x02,0x00,0x03,0x3E,0xA1,0x01,0xC5,0xCD,0x02,0x00,0x00,0x41,0xA1,0x01,0xC5,0xCD,0x02,0x00,
  0x04,0x4A,0x42,0x03,0xC5,0xCD,0x02,0x00,0x01,0x4D,0x42,0x03,0x66,0xCF,0x02,0x00,0x00,0x2D,0xA1,0x01,0x07,0xD1,0x02,0x00,
  0x02,0x39,0xA0,0x01,0x07,0xD1,0x02,0x00,0x03,0x3E,0xA0,0x01,0x07,0xD1,0x02,0x00,0x00,0x41,0xA0,0x01,0x07,0xD1,0x02,0x00,
  0x04,0x4A,0xA0,0x01,0x07,0xD1,0x02,0x00,0x01,0x4D,0xA0,0x01,0x07,0xD1,0x02,0x00,0x02,0x51,0xA0,0x01,0xA7,0xD2,0x02,0x00,
  0x03,0x2B,0xA1,0x01,0xA7,0xD2,0x02,0x00,0x04,0x4A,0xB3,0x05,0xA7,0xD2,0x02,0x00,0x00,0x4F,0xB3,0x05,0xA7,0xD2,0x02,0x00,
  0x02,0x52,0xB3,0x05,0x48,0xD4,0x02,0x00,0x03,0x3A,0xA1,0x01,0x48,0xD4,0x02,0x00,0x01,0x3E,0xA1,0x01,0x48,0xD4,0x02,0x00,
  0x03,0x43,0xD0,0x00,0x18,0xD5,0x02,0x00,0x03,0x42,0xD1,0x00,0xE9,0xD5,0x02,0x00,0x01,0x32,0xA0,0x01,0xE9,0xD5,0x02,0x00,
  0x03,0x43,0xD0,0x00,0xB9,0xD6,0x02,0x00,0x03,0x45,0xD0,0x00,0x89,0xD7,0x02,0x00,0x03,0x3A,0xA1,0x01,0x89,0xD7,0x02,0x00,
  0x01,0x3E,0xA1,0x01,0x89,0xD7,0x02,0x00,0x04,0x46,0xA1,0x01,0x5A,0xD8,0x02,0x00,0x00,0x4F,0xD0,0x00,0x2A,0xD9,0x02,0x00,
  0x01,0x2E,0xA1,0x01,0x2A,0xD9,0x02,0x00,0x03,0x3A,0xA1,0x01,0x2A,0xD9,0x02,0x00,0x04,0x4A,0xA1,0x01,0xCB,0xDA,0x02,0x00,
  0x03,0x3A,0xA0,0x01,0xCB,0xDA,0x02,0x00,0x02,0x3E,0xA0,0x01,0xCB,0xDA,0x02,0x00,0x04,0x4F,0xD0,0x00,0x9B,0xDB,0x02,0x00,
  0x04,0x4A,0xA1,0x01,0x6B,0xDC,0x02,0x00,0x03,0x2B,0xA1,0x01,0x6B,0xDC,0x02,0x00,0x00,0x37,0xA1,0x01,0x3C,0xDD,0x02,0x00,
  0x04,0x4F,0xD0,0x00,0x0C,0xDE,0x02,0x00,0x04,0x2C,0xA1,0x01,0x0C,0xDE,0x02,0x00,0x01,0x38,0xA1,0x01,0x0C,0xDE,0x02,0x00,
  0x00,0x4A,0xA1,0x01,0xAD,0xDF,0x02,0x00,0x00,0x2D,0xD0,0x00,0xAD,0xDF,0x02,0x00,0x02,0x39,0xD0,0x00,0xAD,0xDF,0x02,0x00,
  0x03,0x48,0x41,0x03,0x7D,0xE0,0x02,0x00,0x01,0x29,0xD0,0x00,0x7D,0xE0,0x02,0x00,0x04,0x35,0xD0,0x00,0x4D,0xE1,0x02,0x00,
  0x00,0x28,0xD1,0x00,0x4D,0xE1,0x02,0x00,0x02,0x34,0xD1,0x00,0x1E,0xE2,0x02,0x00,0x04,0x26,0xD0,0x00,0x1E,0xE2,0x02,0x00,
  0x00,0x32,0xD0,0x00,0xEE,0xE2,0x02,0x00,0x02,0x25,0x41,0x03,0xEE,0xE2,0x02,0x00,0x04,0x31,0x41,0x03,0xEE,0xE2,0x02,0x00,
  0x03,0x44,0x71,0x02,0xEE,0xE2,0x02,0x00,0x01,0x47,0x71,0x02,0xEE,0xE2,0x02,0x00,0x00,0x4D,0x71,0x02,0x5F,0xE5,0x02,0x00,
  0x03,0x4D,0xD0,0x00,0x2F,0xE6,0x02,0x00,0x01,0x24,0xA1,0x01,0x2F,0xE6,0x02,0x00,0x03,0x30,0xA1,0x01,0x2F,0xE6,0x02,0x00,
  0x04,0x45,0xD1,0x00,0x2F,0xE6,0x02,0x00,0x02,0x48,0xD1,0x00,0x2F,0xE6,0x02,0x00,0x00,0x51,0xD1,0x00,0x00,0xE7,0x02,0x00,
  0x02,0x48,0xA0,0x01,0x00,0xE7,0x02,0x00,0x04,0x54,0xA0,0x01,0xD0,0xE7,0x02,0x00,0x03,0x39,0xA1,0x01,0xD0,0xE7,0x02,0x00,
  0x00,0x3C,0xA1,0x01,0xD0,0xE7,0x02,0x00,0x01,0x41,0xA1,0x01,0xA0,0xE8,0x02,0x00,0x02,0x46,0x71,0x02,0xA0,0xE8,0x02,0x00,
  0x04,0x4F,0xA1,0x01,0x71,0xE9,0x02,0x00,0x03,0x30,0xA0,0x01,0x71,0xE9,0x02,0x00,0x00,0x3C,0xA0,0x01,0x41,0xEA,0x02,0x00,
  0x04,0x48,0xD0,0x00,0x11,0xEB,0x02,0x00,0x01,0x24,0xA1,0x01,0x11,0xEB,0x02,0x00,0x03,0x30,0xA1,0x01,0x11,0xEB,0x02,0x00,
  0x00,0x46,0xA1,0x01,0x11,0xEB,0x02,0x00,0x04,0x4A,0xD1,0x00,0xE2,0xEB,0x02,0x00,0x02,0x4C,0xD0,0x00,0xB2,0xEC,0x02,0x00,
  0x01,0x29,0xA1,0x01,0xB2,0xEC,0x02,0x00,0x03,0x35,0xA1,0x01,0xB2,0xEC,0x02,0x00,0x04,0x45,0xA1,0x01,0xB2,0xEC,0x02,0x00,
  0x02,0x4D,0xA1,0x01,0xF3,0xEF,0x02,0x00,0x04,0x1D,0xA1,0x01,0xF3,0xEF,0x02,0x00,0x01,0x29,0xA1,0x01,0xF3,0xEF,0x02,0x00,
  0x02,0x4D,0xA1,0x01,0xF3,0xEF,0x02,0x00,0x03,0x51,0xA1,0x01,0xF3,0xEF,0x02,0x00,0x00,0x54,0xA1,0x01,0xF3,0xEF,0x02,0x00,
  0x04,0x59,0xA1,0x01,0x35,0xF3,0x02,0x00,0x03,0x35,0xA0,0x01,0x35,0xF3,0x02,0x00,0x02,0x39,0xA0,0x01,0x35,0xF3,0x02,0x00,
  0x00,0x3C,0xA0,0x01,0x35,0xF3,0x02,0x00,0x01,0x41,0xA0,0x01,0x35,0xF3,0x02,0x00,0x04,0x48,0xA0,0x01,0xD5,0xF4,0x02,0x00,
  0x03,0x35,0xA1,0x01,0xD5,0xF4,0x02,0x00,0x02,0x39,0xA1,0x01,0xD5,0xF4,0x02,0x00,0x00,0x3C,0xA1,0x01,0xD5,0xF4,0x02,0x00,
  0x01,0x41,0xA1,0x01,0xD5,0xF4,0x02,0x00,0x04,0x45,0xD1,0x00,0xA6,0xF5,0x02,0x00,0x04,0x48,0xA0,0x01,0x76,0xF6,0x02,0x00,
  0x00,0x36,0xA1,0x01,0x76,0xF6,0x02,0x00,0x02,0x39,0xA1,0x01,0x76,0xF6,0x02,0x00,0x01,0x3C,0xA1,0x01,0x76,0xF6,0x02,0x00,
  0x03,0x3F,0xA1,0x01,0x46,0xF7,0x02,0x00,0x04,0x45,0xD1,0x00,0x17,0xF8,0x02,0x00,0x04,0x36,0xA0,0x01,0x17,0xF8,0x02,0x00,
  0x02,0x39,0xA0,0x01,0x17,0xF8,0x02,0x00,0x00,0x3C,0xA0,0x01,0x17,0xF8,0x02,0x00,0x03,0x3F,0xA0,0x01,0x17,0xF8,0x02,0x00,
  0x01,0x48,0xD0,0x00,0xE7,0xF8,0x02,0x00,0x01,0x45,0xD0,0x00,0xB7,0xF9,0x02,0x00,0x00,0x37,0xA1,0x01,0xB7,0xF9,0x02,0x00,
  0x01,0x3C,0xA1,0x01,0xB7,0xF9,0x02,0x00,0x04,0x40,0xA1,0x01,0xB7,0xF9,0x02,0x00,0x02,0x43,0xD1,0x00,0x88,0xFA,0x02,0x00,
  0x02,0x48,0xD0,0x00,0x58,0xFB,0x02,0x00,0x00,0x37,0xA1,0x01,0x58,0xFB,0x02,0x00,0x01,0x3C,0xA1,0x01,0x58,0xFB,0x02,0x00,
  0x04,0x40,0xA1,0x01,0x58,0xFB,0x02,0x00,0x02,0x4C,0xD0,0x00,0x28,0xFC,0x02,0x00,0x02,0x4F,0xA1,0x01,0xF9,0xFC,0x02,0x00,
  0x00,0x37,0xA0,0x01,0xF9,0xFC,0x02,0x00,0x01,0x3C,0xA0,0x01,0xF9,0xFC,0x02,0x00,0x04,0x40,0xA0,0x01,0xC9,0xFD,0x02,0x00,
  0x02,0x4C,0xD0,0x00,0x99,0xFE,0x02,0x00,0x00,0x37,0xA1,0x01,0x99,0xFE,0x02,0x00,0x01,0x3C,0xA1,0x01,0x99,0xFE,0x02,0x00,
  0x04,0x40,0xA1,0x01,0x99,0xFE,0x02,0x00,0x02,0x48,0xD1,0x00,0x6A,0xFF,0x02,0x00,0x02,0x43,0xD0,0x00,0x3A,0x00,0x03,0x00,
  0x00,0x32,0xA1,0x01,0x3A,0x00,0x03,0x00,0x01,0x3C,0xA1,0x01,0x3A,0x00,0x03,0x00,0x02,0x42,0xA1,0x01,0x3A,0x00,0x03,0x00,
  0x04,0x45,0xA1,0x01,0xDB,0x01,0x03,0x00,0x00,0x32,0xA0,0x01,0xDB,0x01,0x03,0x00,0x02,0x39,0xA0,0x01,0xDB,0x01,0x03,0x00,
  0x01,0x42,0xA0,0x01,0xDB,0x01,0x03,0x00,0x03,0x48,0xA0,0x01,0x7B,0x03,0x03,0x00,0x00,0x37,0xA1,0x01,0x7B,0x03,0x03,0x00,
  0x04,0x3B,0xA1,0x01,0x7B,0x03,0x03,0x00,0x01,0x41,0xD1,0x00,0x7B,0x03,0x03,0x00,0x02,0x4C,0xD1,0x00,0x4C,0x04,0x03,0x00,
  0x01,0x41,0xA0,0x01,0x4C,0x04,0x03,0x00,0x02,0x4A,0xA0,0x01,0x1C,0x05,0x03,0x00,0x00,0x37,0xA1,0x01,0x1C,0x05,0x03,0x00,
  0x04,0x3B,0xA1,0x01,0xEC,0x05,0x03,0x00,0x01,0x40,0x12,0x04,0xEC,0x05,0x03,0x00,0x02,0x48,0x12,0x04,0xBD,0x06,0x03,0x00,
  0x03,0x30,0x41,0x03,0xBD,0x06,0x03,0x00,0x00,0x3C,0x41,0x03,0xFE,0x09,0x03,0x00,0x01,0x24,0xA1,0x01,0xFE,0x09,0x03,0x00,
  0x03,0x30,0xA1,0x01,0xFE,0x09,0x03,0x00,0x02,0x48,0xA1,0x01,0xFE,0x09,0x03,0x00,0x04,0x4C,0xA1,0x01,0xFE,0x09,0x03,0x00,
  0x00,0x4F,0xA1,0x01,0xFE,0x09,0x03,0x00,0x01,0x54,0xA1,0x01,0x3F,0x0D,0x03,0x00,0x01,0x29,0xA1,0x01,0x3F,0x0D,0x03,0x00,
  0x02,0x3E,0xA1,0x01,0x3F,0x0D,0x03,0x00,0x00,0x41,0xA1,0x01,0xE0,0x0E,0x03,0x00,0x03,0x35,0xA1,0x01,0xE0,0x0E,0x03,0x00,
  0x02,0x39,0xA1,0x01,0xE0,0x0E,0x03,0x00,0x01,0x3D,0xD0,0x00,0xE0,0x0E,0x03,0x00,0x04,0x40,0xD0,0x00,0xB0,0x0F,0x03,0x00,
  0x04,0x3E,0xA1,0x01,0xB0,0x0F,0x03,0x00,0x00,0x41,0xA1,0x01,0x81,0x10,0x03,0x00,0x01,0x2D,0xA0,0x01,0x51,0x11,0x03,0x00,
  0x02,0x3D,0xD0,0x00,0x51,0x11,0x03,0x00,0x04,0x40,0xD0,0x00,0x21,0x12,0x03,0x00,0x03,0x35,0xA1,0x01,0x21,0x12,0x03,0x00,
  0x02,0x39,0xA1,0x01,0x21,0x12,0x03,0x00,0x04,0x3E,0xA1,0x01,0x21,0x12,0x03,0x00,0x00,0x41,0xA1,0x01,0xC2,0x13,0x03,0x00,
  0x01,0x29,0xA1,0x01,0x92,0x14,0x03,0x00,0x04,0x45,0xD1,0x00,0x63,0x15,0x03,0x00,0x03,0x35,0xA0,0x01,0x63,0x15,0x03,0x00,
  0x02,0x39,0xA0,0x01,0x63,0x15,0x03,0x00,0x00,0x41,0xD0,0x00,0x63,0x15,0x03,0x00,0x04,0x4A,0xD0,0x00,0x33,0x16,0x03,0x00,
  0x04,0x45,0xD0,0x00,0x03,0x17,0x03,0x00,0x00,0x2D,0xA1,0x01,0x03,0x17,0x03,0x00,0x02,0x48,0xD1,0x00,0xD4,0x17,0x03,0x00,
  0x04,0x4A,0xD0,0x00,0xA4,0x18,0x03,0x00,0x03,0x35,0xA1,0x01,0xA4,0x18,0x03,0x00,0x02,0x39,0xA1,0x01,0xA4,0x18,0x03,0x00,
  0x04,0x48,0xD0,0x00,0x74,0x19,0x03,0x00,0x04,0x45,0xD1,0x00,0x45,0x1A,0x03,0x00,0x03,0x30,0xA0,0x01,0x45,0x1A,0x03,0x00,
  0x04,0x40,0xA0,0x01,0x45,0x1A,0x03,0x00,0x02,0x43,0xA0,0x01,0xE5,0x1B,0x03,0x00,0x02,0x34,0xA1,0x01,0xE5,0x1B,0x03,0x00,
  0x00,0x37,0xA1,0x01,0xE5,0x1B,0x03,0x00,0x01,0x3C,0xA1,0x01,0xE5,0x1B,0x03,0x00,0x03,0x3F,0xD1,0x00,0xE5,0x1B,0x03,0x00,
  0x04,0x42,0xD1,0x00,0xB6,0x1C,0x03,0x00,0x04,0x40,0xA0,0x01,0xB6,0x1C,0x03,0x00,0x03,0x43,0xA0,0x01,0x86,0x1D,0x03,0x00,
  0x00,0x2B,0xA1,0x01,0x56,0x1E,0x03,0x00,0x03,0x3F,0xD1,0x00,0x56,0x1E,0x03,0x00,0x01,0x42,0xD1,0x00,0x27,0x1F,0x03,0x00,
  0x02,0x34,0xA0,0x01,0x27,0x1F,0x03,0x00,0x00,0x37,0xA0,0x01,0x27,0x1F,0x03,0x00,0x01,0x3C,0xA0,0x01,0x27,0x1F,0x03,0x00,
  0x04,0x40,0xA0,0x01,0x27,0x1F,0x03,0x00,0x03,0x43,0xA0,0x01,0xC7,0x20,0x03,0x00,0x03,0x30,0xA1,0x01,0x98,0x21,0x03,0x00,
  0x02,0x48,0xD0,0x00,0x68,0x22,0x03,0x00,0x02,0x34,0xA1,0x01,0x68,0x22,0x03,0x00,0x00,0x37,0xA1,0x01,0x68,0x22,0x03,0x00,
  0x01,0x3C,0xA1,0x01,0x68,0x22,0x03,0x00,0x03,0x43,0xD0,0x00,0x68,0x22,0x03,0x00,0x04,0x4C,0xD0,0x00,0x38,0x23,0x03,0x00,
  0x03,0x48,0xD1,0x00,0x09,0x24,0x03,0x00,0x03,0x2B,0xA0,0x01,0x09,0x24,0x03,0x00,0x04,0x4A,0xD0,0x00,0xD9,0x24,0x03,0x00,
  0x01,0x4C,0xD0,0x00,0xA9,0x25,0x03,0x00,0x02,0x34,0xA1,0x01,0xA9,0x25,0x03,0x00,0x00,0x37,0xA1,0x01,0xA9,0x25,0x03,0x00,
  0x01,0x3C,0xA1,0x01,0xA9,0x25,0x03,0x00,0x04,0x4A,0xD1,0x00,0x7A,0x26,0x03,0x00,0x03,0x48,0xD0,0x00,0x4A,0x27,0x03,0x00,
  0x03,0x2B,0xA1,0x01,0x4A,0x27,0x03,0x00,0x01,0x47,0xA1,0x01,0x4A,0x27,0x03,0x00,0x04,0x4A,0xA1,0x01,0xEB,0x28,0x03,0x00,
  0x03,0x35,0xA0,0x01,0xEB,0x28,0x03,0x00,0x00,0x37,0xA0,0x01,0xEB,0x28,0x03,0x00,0x04,0x3B,0xA0,0x01,0xEB,0x28,0x03,0x00,
  0x01,0x46,0xD0,0x00,0xEB,0x28,0x03,0x00,0x02,0x49,0xD0,0x00,0xBB,0x29,0x03,0x00,0x01,0x47,0xA1,0x01,0xBB,0x29,0x03,0x00,
  0x02,0x4A,0xA1,0x01,0x8B,0x2A,0x03,0x00,0x03,0x2F,0xA1,0x01,0x5C,0x2B,0x03,0x00,0x00,0x46,0xD0,0x00,0x5C,0x2B,0x03,0x00,
  0x04,0x49,0xD0,0x00,0x2C,0x2C,0x03,0x00,0x03,0x35,0xA1,0x01,0x2C,0x2C,0x03,0x00,0x00,0x37,0xA1,0x01,0x2C,0x2C,0x03,0x00,
  0x04,0x3B,0xA1,0x01,0x2C,0x2C,0x03,0x00,0x01,0x47,0xA1,0x01,0x2C,0x2C,0x03,0x00,0x02,0x4A,0xA1,0x01,0xCD,0x2D,0x03,0x00,
  0x03,0x2B,0xA0,0x01,0x9D,0x2E,0x03,0x00,0x02,0x4D,0xD0,0x00,0x6D,0x2F,0x03,0x00,0x03,0x35,0xA1,0x01,0x6D,0x2F,0x03,0x00,
  0x00,0x37,0xA1,0x01,0x6D,0x2F,0x03,0x00,0x04,0x3B,0xA1,0x01,0x6D,0x2F,0x03,0x00,0x01,0x47,0xD1,0x00,0x6D,0x2F,0x03,0x00,
  0x02,0x51,0xD1,0x00,0x3E,0x30,0x03,0x00,0x02,0x4D,0xD0,0x00,0x0E,0x31,0x03,0x00,0x00,0x32,0xA1,0x01,0x0E,0x31,0x03,0x00,
  0x04,0x4F,0xD0,0x00,0xDE,0x31,0x03,0x00,0x01,0x51,0xD1,0x00,0xAF,0x32,0x03,0x00,0x03,0x35,0xA0,0x01,0xAF,0x32,0x03,0x00,
  0x00,0x37,0xA0,0x01,0xAF,0x32,0x03,0x00,0x04,0x3B,0xA0,0x01,0xAF,0x32,0x03,0x00,0x01,0x4F,0xD0,0x00,0x7F,0x33,0x03,0x00,
  0x02,0x4D,0xD0,0x00,0x4F,0x34,0x03,0x00,0x01,0x33,0xA1,0x01,0x4F,0x34,0x03,0x00,0x04,0x36,0xA1,0x01,0x4F,0x34,0x03,0x00,
  0x00,0x3C,0xA1,0x01,0x4F,0x34,0x03,0x00,0x02,0x48,0xD1,0x00,0x4F,0x34,0x03,0x00,0x03,0x54,0xD1,0x00,0x20,0x35,0x03,0x00,
  0x02,0x48,0xD0,0x00,0x20,0x35,0x03,0x00,0x03,0x54,0xD0,0x00,0xF0,0x35,0x03,0x00,0x01,0x33,0x41,0x03,0xF0,0x35,0x03,0x00,
  0x04,0x36,0x41,0x03,0xF0,0x35,0x03,0x00,0x00,0x3C,0x41,0x03,0xF0,0x35,0x03,0x00,0x02,0x48,0x41,0x03,0xF0,0x35,0x03,0x00,
  0x03,0x54,0x41,0x03,0x31,0x39,0x03,0x00,0x01,0x33,0xA1,0x01,0x31,0x39,0x03,0x00,0x04,0x36,0xA1,0x01,0x31,0x39,0x03,0x00,
  0x00,0x3C,0xA1,0x01,0x31,0x39,0x03,0x00,0x02,0x48,0xA1,0x01,0x31,0x39,0x03,0x00,0x03,0x51,0xA1,0x01,0xD2,0x3A,0x03,0x00,
  0x02,0x34,0xA1,0x01,0xD2,0x3A,0x03,0x00,0x00,0x37,0xA1,0x01,0xD2,0x3A,0x03,0x00,0x01,0x3C,0xA1,0x01,0xD2,0x3A,0x03,0x00,
  0x03,0x48,0xA1,0x01,0xD2,0x3A,0x03,0x00,0x04,0x4F,0xA1,0x01,0x73,0x3C,0x03,0x00,0x04,0x40,0xD0,0x00,0x73,0x3C,0x03,0x00,
  0x02,0x43,0xD0,0x00,0x43,0x3D,0x03,0x00,0x04,0x40,0xD0,0x00,0x43,0x3D,0x03,0x00,0x02,0x43,0xD0,0x00,0x13,0x3E,0x03,0x00,
  0x04,0x40,0xA1,0x01,0x13,0x3E,0x03,0x00,0x02,0x43,0xA1,0x01,0xB4,0x3F,0x03,0x00,0x04,0x40,0xA1,0x01,0xB4,0x3F,0x03,0x00,
  0x02,0x43,0xA1,0x01,0x55,0x41,0x03,0x00,0x01,0x29,0xA0,0x01,0x55,0x41,0x03,0x00,0x02,0x3E,0xA0,0x01,0x55,0x41,0x03,0x00,
  0x00,0x41,0xA0,0x01,0xF5,0x42,0x03,0x00,0x03,0x35,0xA1,0x01,0xF5,0x42,0x03,0x00,0x02,0x39,0xA1,0x01,0xF5,0x42,0x03,0x00,
  0x01,0x3D,0xD1,0x00,0xF5,0x42,0x03,0x00,0x04,0x40,0xD1,0x00,0xC6,0x43,0x03,0x00,0x04,0x3E,0xA0,0x01,0xC6,0x43,0x03,0x00,
  0x00,0x41,0xA0,0x01,0x96,0x44,0x03,0x00,0x01,0x2D,0xA1,0x01,0x66,0x45,0x03,0x00,0x02,0x3D,0xD1,0x00,0x66,0x45,0x03,0x00,
  0x04,0x40,0xD1,0x00,0x37,0x46,0x03,0x00,0x03,0x35,0xA0,0x01,0x37,0x46,0x03,0x00,0x02,0x39,0xA0,0x01,0x37,0x46,0x03,0x00,
  0x04,0x3E,0xA0,0x01,0x37,0x46,0x03,0x00,0x00,0x41,0xA0,0x01,0xD7,0x47,0x03,0x00,0x01,0x29,0xA1,0x01,0xA8,0x48,0x03,0x00,
  0x04,0x45,0xD0,0x00,0x78,0x49,0x03,0x00,0x03,0x35,0xA1,0x01,0x78,0x49,0x03,0x00,0x02,0x39,0xA1,0x01,0x78,0x49,0x03,0x00,
  0x00,0x41,0xD0,0x00,0x78,0x49,0x03,0x00,0x04,0x4A,0xD0,0x00,0x48,0x4A,0x03,0x00,0x04,0x45,0xD1,0x00,0x19,0x4B,0x03,0x00,
  0x00,0x2D,0xA0,0x01,0x19,0x4B,0x03,0x00,0x02,0x48,0xD0,0x00,0xE9,0x4B,0x03,0x00,0x04,0x4A,0xD0,0x00,0xB9,0x4C,0x03,0x00,
  0x03,0x35,0xA1,0x01,0xB9,0x4C,0x03,0x00,0x02,0x39,0xA1,0x01,0xB9,0x4C,0x03,0x00,0x04,0x48,0xD1,0x00,0x8A,0x4D,0x03,0x00,
  0x04,0x45,0xD0,0x00,0x5A,0x4E,0x03,0x00,0x03,0x30,0xA1,0x01,0x5A,0x4E,0x03,0x00,0x04,0x40,0xA1,0x01,0x5A,0x4E,0x03,0x00,
  0x02,0x43,0xA1,0x01,0xFB,0x4F,0x03,0x00,0x02,0x34,0xA0,0x01,0xFB,0x4F,0x03,0x00,0x00,0x37,0xA0,0x01,0xFB,0x4F,0x03,0x00,
  0x01,0x3C,0xA0,0x01,0xFB,0x4F,0x03,0x00,0x03,0x3F,0xD0,0x00,0xFB,0x4F,0x03,0x00,0x04,0x42,0xD0,0x00,0xCB,0x50,0x03,0x00,
  0x04,0x40,0xA1,0x01,0xCB,0x50,0x03,0x00,0x03,0x43,0xA1,0x01,0x9B,0x51,0x03,0x00,0x00,0x2B,0xA1,0x01,0x6C,0x52,0x03,0x00,
  0x03,0x3F,0xD0,0x00,0x6C,0x52,0x03,0x00,0x01,0x42,0xD0,0x00,0x3C,0x53,0x03,0x00,0x02,0x34,0xA1,0x01,0x3C,0x53,0x03,0x00,
  0x00,0x37,0xA1,0x01,0x3C,0x53,0x03,0x00,0x01,0x3C,0xA1,0x01,0x3C,0x53,0x03,0x00,0x04,0x40,0xA1,0x01,0x3C,0x53,0x03,0x00,
  0x03,0x43,0xA1,0x01,0xDD,0x54,0x03,0x00,0x03,0x30,0xA0,0x01,0xAD,0x55,0x03,0x00,0x02,0x48,0xD0,0x00,0x7D,0x56,0x03,0x00,
  0x02,0x34,0xA1,0x01,0x7D,0x56,0x03,0x00,0x00,0x37,0xA1,0x01,0x7D,0x56,0x03,0x00,0x01,0x3C,0xA1,0x01,0x7D,0x56,0x03,0x00,
  0x03,0x43,0xD1,0x00,0x7D,0x56,0x03,0x00,0x04,0x4C,0xD1,0x00,0x4E,0x57,0x03,0x00,0x03,0x48,0xD0,0x00,0x1E,0x58,0x03,0x00,
  0x03,0x2B,0xA1,0x01,0x1E,0x58,0x03,0x00,0x04,0x4A,0xD0,0x00,0xEE,0x58,0x03,0x00,0x01,0x4C,0xD1,0x00,0xBF,0x59,0x03,0x00,
  0x02,0x34,0xA0,0x01,0xBF,0x59,0x03,0x00,0x00,0x37,0xA0,0x01,0xBF,0x59,0x03,0x00,0x01,0x3C,0xA0,0x01,0xBF,0x59,0x03,0x00,
  0x04,0x4A,0xD0,0x00,0x8F,0x5A,0x03,0x00,0x03,0x48,0xD0,0x00,0x5F,0x5B,0x03,0x00,0x01,0x29,0xA1,0x01,0x5F,0x5B,0x03,0x00,
  0x03,0x35,0xA1,0x01,0x5F,0x5B,0x03,0x00,0x04,0x45,0xD1,0x00,0x30,0x5C,0x03,0x00,0x04,0x44,0xD0,0x00,0x00,0x5D,0x03,0x00,
  0x03,0x26,0xA1,0x01,0x00,0x5D,0x03,0x00,0x00,0x32,0xA1,0x01,0x00,0x5D,0x03,0x00,0x04,0x45,0xD0,0x00,0xD0,0x5D,0x03,0x00,
  0x04,0x45,0xA1,0x01,0xD0,0x5D,0x03,0x00,0x01,0x4F,0xA1,0x01,0xA1,0x5E,0x03,0x00,0x00,0x28,0xA0,0x01,0xA1,0x5E,0x03,0x00,
  0x02,0x34,0xA0,0x01,0x71,0x5F,0x03,0x00,0x04,0x45,0xA1,0x01,0x71,0x5F,0x03,0x00,0x03,0x4D,0xA1,0x01,0x41,0x60,0x03,0x00,
  0x01,0x29,0xA1,0x01,0x41,0x60,0x03,0x00,0x00,0x35,0xA1,0x01,0x12,0x61,0x03,0x00,0x04,0x45,0xD0,0x00,0x12,0x61,0x03,0x00,
  0x02,0x48,0xD0,0x00,0xE2,0x61,0x03,0x00,0x03,0x2B,0xA1,0x01,0xE2,0x61,0x03,0x00,0x00,0x37,0xA1,0x01,0xE2,0x61,0x03,0x00,
  0x02,0x43,0xD0,0x00,0xE2,0x61,0x03,0x00,0x01,0x4C,0xD0,0x00,0xB2,0x62,0x03,0x00,0x01,0x4B,0xD1,0x00,0x83,0x63,0x03,0x00,
  0x00,0x37,0xA0,0x01,0x83,0x63,0x03,0x00,0x01,0x3C,0xA0,0x01,0x83,0x63,0x03,0x00,0x04,0x40,0xA0,0x01,0x83,0x63,0x03,0x00,
  0x02,0x4C,0xD0,0x00,0x53,0x64,0x03,0x00,0x02,0x51,0xA1,0x01,0x23,0x65,0x03,0x00,0x04,0x36,0xA1,0x01,0x23,0x65,0x03,0x00,
  0x00,0x3C,0xA1,0x01,0x23,0x65,0x03,0x00,0x03,0x3F,0xA1,0x01,0xF4,0x65,0x03,0x00,0x01,0x54,0xD0,0x00,0xC4,0x66,0x03,0x00,
  0x00,0x37,0xA1,0x01,0xC4,0x66,0x03,0x00,0x01,0x3C,0xA1,0x01,0xC4,0x66,0x03,0x00,0x04,0x40,0xA1,0x01,0xC4,0x66,0x03,0x00,
  0x02,0x4F,0xD0,0x00,0x94,0x67,0x03,0x00,0x02,0x4C,0xD1,0x00,0x65,0x68,0x03,0x00,0x00,0x2D,0xA0,0x01,0x65,0x68,0x03,0x00,
  0x02,0x39,0xA0,0x01,0x65,0x68,0x03,0x00,0x01,0x42,0xA0,0x01,0x65,0x68,0x03,0x00,0x03,0x48,0xA0,0x01,0x05,0x6A,0x03,0x00,
  0x03,0x26,0xA1,0x01,0x05,0x6A,0x03,0x00,0x00,0x32,0xA1,0x01,0x05,0x6A,0x03,0x00,0x01,0x42,0xA1,0x01,0x05,0x6A,0x03,0x00,
  0x02,0x48,0xA1,0x01,0xA6,0x6B,0x03,0x00,0x03,0x2B,0xA1,0x01,0xA6,0x6B,0x03,0x00,0x00,0x37,0xA1,0x01,0xA6,0x6B,0x03,0x00,
  0x01,0x41,0xD0,0x00,0xA6,0x6B,0x03,0x00,0x02,0x47,0xD0,0x00,0xA6,0x6B,0x03,0x00,0x04,0x4C,0xD0,0x00,0x76,0x6C,0x03,0x00,
  0x01,0x41,0xA1,0x01,0x76,0x6C,0x03,0x00,0x02,0x47,0xA1,0x01,0x76,0x6C,0x03,0x00,0x04,0x4A,0xA1,0x01,0x47,0x6D,0x03,0x00,
  0x03,0x2F,0xA0,0x01,0x47,0x6D,0x03,0x00,0x00,0x3B,0xA0,0x01,0x17,0x6E,0x03,0x00,0x04,0x40,0x71,0x02,0x17,0x6E,0x03,0x00,
  0x02,0x43,0x71,0x02,0x17,0x6E,0x03,0x00,0x01,0x48,0x71,0x02,0xE7,0x6E,0x03,0x00,0x03,0x30,0xA1,0x01,0xE7,0x6E,0x03,0x00,
  0x00,0x3C,0xA1,0x01,0x88,0x70,0x03,0x00,0x04,0x40,0xD0,0x00,0x88,0x70,0x03,0x00,0x02,0x43,0xD0,0x00,0x58,0x71,0x03,0x00,
  0x04,0x40,0xD1,0x00,0x58,0x71,0x03,0x00,0x02,0x43,0xD1,0x00,0x29,0x72,0x03,0x00,0x04,0x40,0xA0,0x01,0x29,0x72,0x03,0x00,
  0x02,0x43,0xA0,0x01,0xC9,0x73,0x03,0x00,0x04,0x40,0xA1,0x01,0xC9,0x73,0x03,0x00,0x02,0x43,0xA1,0x01,0x6A,0x75,0x03,0x00,
  0x01,0x29,0xA1,0x01,0x6A,0x75,0x03,0x00,0x02,0x3E,0xA1,0x01,0x6A,0x75,0x03,0x00,0x00,0x41,0xA1,0x01,0x0B,0x77,0x03,0x00,
  0x03,0x35,0xA0,0x01,0x0B,0x77,0x03,0x00,0x02,0x39,0xA0,0x01,0x0B,0x77,0x03,0x00,0x01,0x3D,0xD0,0x00,0x0B,0x77,0x03,0x00,
  0x04,0x40,0xD0,0x00,0xDB,0x77,0x03,0x00,0x04,0x3E,0xA1,0x01,0xDB,0x77,0x03,0x00,0x00,0x41,0xA1,0x01,0xAB,0x78,0x03,0x00,
  0x01,0x2D,0xA1,0x01,0x7C,0x79,0x03,0x00,0x02,0x3D,0xD0,0x00,0x7C,0x79,0x03,0x00,0x04,0x40,0xD0,0x00,0x4C,0x7A,0x03,0x00,
  0x03,0x35,0xA1,0x01,0x4C,0x7A,0x03,0x00,0x02,0x39,0xA1,0x01,0x4C,0x7A,0x03,0x00,0x04,0x3E,0xA1,0x01,0x4C,0x7A,0x03,0x00,
  0x00,0x41,0xA1,0x01,0xED,0x7B,0x03,0x00,0x01,0x29,0xA0,0x01,0xBD,0x7C,0x03,0x00,0x04,0x45,0xD0,0x00,0x8D,0x7D,0x03,0x00,
  0x03,0x35,0xA1,0x01,0x8D,0x7D,0x03,0x00,0x02,0x39,0xA1,0x01,0x8D,0x7D,0x03,0x00,0x00,0x41,0xD1,0x00,0x8D,0x7D,0x03,0x00,
  0x04,0x4A,0xD1,0x00,0x5E,0x7E,0x03,0x00,0x04,0x45,0xD0,0x00,0x2E,0x7F,0x03,0x00,0x00,0x2D,0xA1,0x01,0x2E,0x7F,0x03,0x00,
  0x02,0x48,0xD0,0x00,0xFE,0x7F,0x03,0x00,0x04,0x4A,0xD1,0x00,0xCF,0x80,0x03,0x00,0x03,0x35,0xA0,0x01,0xCF,0x80,0x03,0x00,
  0x02,0x39,0xA0,0x01,0xCF,0x80,0x03,0x00,0x04,0x48,0xD0,0x00,0x9F,0x81,0x03,0x00,0x04,0x45,0xD0,0x00,0x6F,0x82,0x03,0x00,
  0x03,0x30,0xA1,0x01,0x6F,0x82,0x03,0x00,0x04,0x40,0xA1,0x01,0x6F,0x82,0x03,0x00,0x02,0x43,0xA1,0x01,0x10,0x84,0x03,0x00,
  0x02,0x34,0xA1,0x01,0x10,0x84,0x03,0x00,0x00,0x37,0xA1,0x01,0x10,0x84,0x03,0x00,0x01,0x3C,0xA1,0x01,0x10,0x84,0x03,0x00,
  0x03,0x3F,0xD0,0x00,0x10,0x84,0x03,0x00,0x04,0x42,0xD0,0x00,0xE0,0x84,0x03,0x00,0x04,0x40,0xA1,0x01,0xE0,0x84,0x03,0x00,
  0x03,0x43,0xA1,0x01,0xB1,0x85,0x03,0x00,0x00,0x2B,0xA0,0x01,0x81,0x86,0x03,0x00,0x03,0x3F,0xD0,0x00,0x81,0x86,0x03,0x00,
  0x01,0x42,0xD0,0x00,0x51,0x87,0x03,0x00,0x02,0x34,0xA1,0x01,0x51,0x87,0x03,0x00,0x00,0x37,0xA1,0x01,0x51,0x87,0x03,0x00,
  0x01,0x3C,0xA1,0x01,0x51,0x87,0x03,0x00,0x04,0x40,0xA1,0x01,0x51,0x87,0x03,0x00,0x03,0x43,0xA1,0x01,0xF2,0x88,0x03,0x00,
  0x03,0x30,0xA1,0x01,0xC2,0x89,0x03,0x00,0x02,0x48,0xD1,0x00,0x93,0x8A,0x03,0x00,0x02,0x34,0xA0,0x01,0x93,0x8A,0x03,0x00,
  0x00,0x37,0xA0,0x01,0x93,0x8A,0x03,0x00,0x01,0x3C,0xA0,0x01,0x93,0x8A,0x03,0x00,0x03,0x43,0xD0,0x00,0x93,0x8A,0x03,0x00,
  0x04,0x4C,0xD0,0x00,0x63,0x8B,0x03,0x00,0x03,0x48,0xD0,0x00,0x33,0x8C,0x03,0x00,0x03,0x2B,0xA1,0x01,0x33,0x8C,0x03,0x00,
  0x04,0x4A,0xD1,0x00,0x04,0x8D,0x03,0x00,0x01,0x4C,0xD0,0x00,0xD4,0x8D,0x03,0x00,0x02,0x34,0xA1,0x01,0xD4,0x8D,0x03,0x00,
  0x00,0x37,0xA1,0x01,0xD4,0x8D,0x03,0x00,0x01,0x3C,0xA1,0x01,0xD4,0x8D,0x03,0x00,0x04,0x4A,0xD0,0x00,0xA4,0x8E,0x03,0x00,
  0x03,0x48,0xD1,0x00,0x75,0x8F,0x03,0x00,0x03,0x2B,0xA0,0x01,0x75,0x8F,0x03,0x00,0x01,0x47,0xA0,0x01,0x75,0x8F,0x03,0x00,
  0x04,0x4A,0xA0,0x01,0x15,0x91,0x03,0x00,0x03,0x35,0xA1,0x01,0x15,0x91,0x03,0x00,0x00,0x37,0xA1,0x01,0x15,0x91,0x03,0x00,
  0x04,0x3B,0xA1,0x01,0x15,0x91,0x03,0x00,0x01,0x46,0xD1,0x00,0x15,0x91,0x03,0x00,0x02,0x49,0xD1,0x00,0xE6,0x91,0x03,0x00,
  0x01,0x47,0xA0,0x01,0xE6,0x91,0x03,0x00,0x02,0x4A,0xA0,0x01,0xB6,0x92,0x03,0x00,0x03,0x2F,0xA1,0x01,0x86,0x93,0x03,0x00,
  0x00,0x46,0xD1,0x00,0x86,0x93,0x03,0x00,0x04,0x49,0xD1,0x00,0x57,0x94,0x03,0x00,0x03,0x35,0xA0,0x01,0x57,0x94,0x03,0x00,
  0x00,0x37,0xA0,0x01,0x57,0x94,0x03,0x00,0x04,0x3B,0xA0,0x01,0x57,0x94,0x03,0x00,0x01,0x47,0xA0,0x01,0x57,0x94,0x03,0x00,
  0x02,0x4A,0xA0,0x01,0xF7,0x95,0x03,0x00,0x03,0x2B,0xA1,0x01,0xC8,0x96,0x03,0x00,0x02,0x4D,0xD0,0x00,0x98,0x97,0x03,0x00,
  0x03,0x35,0xA1,0x01,0x98,0x97,0x03,0x00,0x00,0x37,0xA1,0x01,0x98,0x97,0x03,0x00,0x04,0x3B,0xA1,0x01,0x98,0x97,0x03,0x00,
  0x01,0x47,0xD0,0x00,0x98,0x97,0x03,0x00,0x02,0x51,0xD0,0x00,0x68,0x98,0x03,0x00,0x02,0x4D,0xD1,0x00,0x39,0x99,0x03,0x00,
  0x00,0x32,0xA0,0x01,0x39,0x99,0x03,0x00,0x04,0x4F,0xD0,0x00,0x09,0x9A,0x03,0x00,0x01,0x51,0xD0,0x00,0xD9,0x9A,0x03,0x00,
  0x03,0x35,0xA1,0x01,0xD9,0x9A,0x03,0x00,0x00,0x37,0xA1,0x01,0xD9,0x9A,0x03,0x00,0x04,0x3B,0xA1,0x01,0xD9,0x9A,0x03,0x00,
  0x01,0x4F,0xD1,0x00,0xAA,0x9B,0x03,0x00,0x02,0x4D,0xD0,0x00,0x7A,0x9C,0x03,0x00,0x01,0x33,0xA1,0x01,0x7A,0x9C,0x03,0x00,
  0x04,0x36,0xA1,0x01,0x7A,0x9C,0x03,0x00,0x00,0x3C,0xA1,0x01,0x7A,0x9C,0x03,0x00,0x02,0x48,0xD0,0x00,0x7A,0x9C,0x03,0x00,
  0x03,0x54,0xD0,0x00,0x4A,0x9D,0x03,0x00,0x02,0x48,0xD1,0x00,0x4A,0x9D,0x03,0x00,0x03,0x54,0xD1,0x00,0x1B,0x9E,0x03,0x00,
  0x01,0x33,0x41,0x03,0x1B,0x9E,0x03,0x00,0x04,0x36,0x41,0x03,0x1B,0x9E,0x03,0x00,0x00,0x3C,0x41,0x03,0x1B,0x9E,0x03,0x00,
  0x02,0x48,0x41,0x03,0x1B,0x9E,0x03,0x00,0x03,0x54,0x41,0x03,0x5C,0xA1,0x03,0x00,0x01,0x33,0xA1,0x01,0x5C,0xA1,0x03,0x00,
  0x04,0x36,0xA1,0x01,0x5C,0xA1,0x03,0x00,0x00,0x3C,0xA1,0x01,0x5C,0xA1,0x03,0x00,0x02,0x48,0xA1,0x01,0x5C,0xA1,0x03,0x00,
  0x03,0x51,0xA1,0x01,0xFD,0xA2,0x03,0x00,0x02,0x34,0xA0,0x01,0xFD,0xA2,0x03,0x00,0x00,0x37,0xA0,0x01,0xFD,0xA2,0x03,0x00,
  0x01,0x3C,0xA0,0x01,0xFD,0xA2,0x03,0x00,0x03,0x48,0xA0,0x01,0xFD,0xA2,0x03,0x00,0x04,0x4F,0xA0,0x01,0x9D,0xA4,0x03,0x00,
  0x04,0x40,0xD1,0x00,0x9D,0xA4,0x03,0x00,0x02,0x43,0xD1,0x00,0x6E,0xA5,0x03,0x00,0x04,0x40,0xD0,0x00,0x6E,0xA5,0x03,0x00,
  0x02,0x43,0xD0,0x00,0x3E,0xA6,0x03,0x00,0x04,0x40,0xA1,0x01,0x3E,0xA6,0x03,0x00,0x02,0x43,0xA1,0x01,0xDF,0xA7,0x03,0x00,
  0x04,0x40,0xA0,0x01,0xDF,0xA7,0x03,0x00,0x02,0x43,0xA0,0x01,0x7F,0xA9,0x03,0x00,0x01,0x29,0xA1,0x01,0x7F,0xA9,0x03,0x00,
  0x02,0x3E,0xA1,0x01,0x7F,0xA9,0x03,0x00,0x00,0x41,0xA1,0x01,0x20,0xAB,0x03,0x00,0x03,0x35,0xA1,0x01,0x20,0xAB,0x03,0x00,
  0x02,0x39,0xA1,0x01,0x20,0xAB,0x03,0x00,0x01,0x3D,0xD0,0x00,0x20,0xAB,0x03,0x00,0x04,0x40,0xD0,0x00,0xF0,0xAB,0x03,0x00,
  0x04,0x3E,0xA1,0x01,0xF0,0xAB,0x03,0x00,0x00,0x41,0xA1,0x01,0xC1,0xAC,0x03,0x00,0x01,0x2D,0xA0,0x01,0x91,0xAD,0x03,0x00,
  0x02,0x3D,0xD0,0x00,0x91,0xAD,0x03,0x00,0x04,0x40,0xD0,0x00,0x61,0xAE,0x03,0x00,0x03,0x35,0xA1,0x01,0x61,0xAE,0x03,0x00,
  0x02,0x39,0xA1,0x01,0x61,0xAE,0x03,0x00,0x04,0x3E,0xA1,0x01,0x61,0xAE,0x03,0x00,0x00,0x41,0xA1,0x01,0x02,0xB0,0x03,0x00,
  0x01,0x29,0xA1,0x01,0xD2,0xB0,0x03,0x00,0x04,0x45,0xD1,0x00,0xA3,0xB1,0x03,0x00,0x03,0x35,0xA0,0x01,0xA3,0xB1,0x03,0x00,
  0x02,0x39,0xA0,0x01,0xA3,0xB1,0x03,0x00,0x00,0x41,0xD0,0x00,0xA3,0xB1,0x03,0x00,0x04,0x4A,0xD0,0x00,0x73,0xB2,0x03,0x00,
  0x04,0x45,0xD0,0x00,0x43,0xB3,0x03,0x00,0x00,0x2D,0xA1,0x01,0x43,0xB3,0x03,0x00,0x02,0x48,0xD1,0x00,0x14,0xB4,0x03,0x00,
  0x04,0x4A,0xD0,0x00,0xE4,0xB4,0x03,0x00,0x03,0x35,0xA1,0x01,0xE4,0xB4,0x03,0x00,0x02,0x39,0xA1,0x01,0xE4,0xB4,0x03,0x00,
  0x04,0x48,0xD0,0x00,0xB4,0xB5,0x03,0x00,0x04,0x45,0xD1,0x00,0x85,0xB6,0x03,0x00,0x03,0x30,0xA0,0x01,0x85,0xB6,0x03,0x00,
  0x04,0x40,0xA0,0x01,0x85,0xB6,0x03,0x00,0x02,0x43,0xA0,0x01,0x25,0xB8,0x03,0x00,0x02,0x34,0xA1,0x01,0x25,0xB8,0x03,0x00,
  0x00,0x37,0xA1,0x01,0x25,0xB8,0x03,0x00,0x01,0x3C,0xA1,0x01,0x25,0xB8,0x03,0x00,0x03,0x3F,0xD1,0x00,0x25,0xB8,0x03,0x00,
  0x04,0x42,0xD1,0x00,0xF6,0xB8,0x03,0x00,0x04,0x40,0xA0,0x01,0xF6,0xB8,0x03,0x00,0x03,0x43,0xA0,0x01,0xC6,0xB9,0x03,0x00,
  0x00,0x2B,0xA1,0x01,0x96,0xBA,0x03,0x00,0x03,0x3F,0xD1,0x00,0x96,0xBA,0x03,0x00,0x01,0x42,0xD1,0x00,0x67,0xBB,0x03,0x00,
  0x02,0x34,0xA0,0x01,0x67,0xBB,0x03,0x00,0x00,0x37,0xA0,0x01,0x67,0xBB,0x03,0x00,0x01,0x3C,0xA0,0x01,0x67,0xBB,0x03,0x00,
  0x04,0x40,0xA0,0x01,0x67,0xBB,0x03,0x00,0x03,0x43,0xA0,0x01,0x07,0xBD,0x03,0x00,0x03,0x30,0xA1,0x01,0xD8,0xBD,0x03,0x00,
  0x02,0x48,0xD0,0x00,0xA8,0xBE,0x03,0x00,0x02,0x34,0xA1,0x01,0xA8,0xBE,0x03,0x00,0x00,0x37,0xA1,0x01,0xA8,0xBE,0x03,0x00,
  0x01,0x3C,0xA1,0x01,0xA8,0xBE,0x03,0x00,0x03,0x43,0xD0,0x00,0xA8,0xBE,0x03,0x00,0x04,0x4C,0xD0,0x00,0x78,0xBF,0x03,0x00,
  0x03,0x48,0xD1,0x00,0x49,0xC0,0x03,0x00,0x03,0x2B,0xA0,0x01,0x49,0xC0,0x03,0x00,0x04,0x4A,0xD0,0x00,0x19,0xC1,0x03,0x00,
  0x01,0x4C,0xD0,0x00,0xE9,0xC1,0x03,0x00,0x02,0x34,0xA1,0x01,0xE9,0xC1,0x03,0x00,0x00,0x37,0xA1,0x01,0xE9,0xC1,0x03,0x00,
  0x01,0x3C,0xA1,0x01,0xE9,0xC1,0x03,0x00,0x04,0x4A,0xD1,0x00,0xBA,0xC2,0x03,0x00,0x03,0x48,0xD0,0x00,0x8A,0xC3,0x03,0x00,
  0x01,0x29,0xA1,0x01,0x8A,0xC3,0x03,0x00,0x03,0x35,0xA1,0x01,0x8A,0xC3,0x03,0x00,0x04,0x45,0xD0,0x00,0x5A,0xC4,0x03,0x00,
  0x04,0x44,0xD1,0x00,0x2B,0xC5,0x03,0x00,0x03,0x26,0xA0,0x01,0x2B,0xC5,0x03,0x00,0x00,0x32,0xA0,0x01,0x2B,0xC5,0x03,0x00,
  0x04,0x45,0xD0,0x00,0xFB,0xC5,0x03,0x00,0x04,0x45,0xA1,0x01,0xFB,0xC5,0x03,0x00,0x01,0x4F,0xA1,0x01,0xCB,0xC6,0x03,0x00,
  0x00,0x28,0xA1,0x01,0xCB,0xC6,0x03,0x00,0x02,0x34,0xA1,0x01,0x9C,0xC7,0x03,0x00,0x04,0x45,0xA0,0x01,0x9C,0xC7,0x03,0x00,
  0x03,0x4D,0xA0,0x01,0x6C,0xC8,0x03,0x00,0x01,0x29,0xA1,0x01,0x6C,0xC8,0x03,0x00,0x00,0x35,0xA1,0x01,0x3C,0xC9,0x03,0x00,
  0x04,0x45,0xD1,0x00,0x3C,0xC9,0x03,0x00,0x02,0x48,0xD1,0x00,0x0D,0xCA,0x03,0x00,0x03,0x2B,0xA0,0x01,0x0D,0xCA,0x03,0x00,
  0x00,0x37,0xA0,0x01,0x0D,0xCA,0x03,0x00,0x02,0x43,0xD0,0x00,0x0D,0xCA,0x03,0x00,0x01,0x4C,0xD0,0x00,0xDD,0xCA,0x03,0x00,
  0x01,0x4B,0xD0,0x00,0xAD,0xCB,0x03,0x00,0x00,0x37,0xA1,0x01,0xAD,0xCB,0x03,0x00,0x01,0x3C,0xA1,0x01,0xAD,0xCB,0x03,0x00,
  0x04,0x40,0xA1,0x01,0xAD,0xCB,0x03,0x00,0x02,0x4C,0xD1,0x00,0x7E,0xCC,0x03,0x00,0x02,0x51,0xA0,0x01,0x4E,0xCD,0x03,0x00,
  0x04,0x36,0xA1,0x01,0x4E,0xCD,0x03,0x00,0x00,0x3C,0xA1,0x01,0x4E,0xCD,0x03,0x00,0x03,0x3F,0xA1,0x01,0x1E,0xCE,0x03,0x00,
  0x01,0x54,0xD1,0x00,0xEF,0xCE,0x03,0x00,0x00,0x37,0xA0,0x01,0xEF,0xCE,0x03,0x00,0x01,0x3C,0xA0,0x01,0xEF,0xCE,0x03,0x00,
  0x04,0x40,0xA0,0x01,0xEF,0xCE,0x03,0x00,0x02,0x4F,0xD0,0x00,0xBF,0xCF,0x03,0x00,0x02,0x4C,0xD0,0x00,0x8F,0xD0,0x03,0x00,
  0x00,0x2D,0xA1,0x01,0x8F,0xD0,0x03,0x00,0x02,0x39,0xA1,0x01,0x8F,0xD0,0x03,0x00,0x01,0x42,0xA1,0x01,0x8F,0xD0,0x03,0x00,
  0x03,0x48,0xA1,0x01,0x30,0xD2,0x03,0x00,0x03,0x26,0xA1,0x01,0x30,0xD2,0x03,0x00,0x00,0x32,0xA1,0x01,0x30,0xD2,0x03,0x00,
  0x01,0x42,0xA1,0x01,0x30,0xD2,0x03,0x00,0x02,0x48,0xA1,0x01,0xD1,0xD3,0x03,0x00,0x03,0x2B,0xA0,0x01,0xD1,0xD3,0x03,0x00,
  0x00,0x37,0xA0,0x01,0xD1,0xD3,0x03,0x00,0x01,0x41,0xD0,0x00,0xD1,0xD3,0x03,0x00,0x02,0x47,0xD0,0x00,0xD1,0xD3,0x03,0x00,
  0x04,0x4C,0xD0,0x00,0xA1,0xD4,0x03,0x00,0x01,0x41,0xA1,0x01,0xA1,0xD4,0x03,0x00,0x02,0x47,0xA1,0x01,0xA1,0xD4,0x03,0x00,
  0x04,0x4A,0xA1,0x01,0x71,0xD5,0x03,0x00,0x03,0x2F,0xA1,0x01,0x71,0xD5,0x03,0x00,0x00,0x3B,0xA1,0x01,0x42,0xD6,0x03,0x00,
  0x04,0x40,0x11,0x04,0x42,0xD6,0x03,0x00,0x02,0x43,0x11,0x04,0x42,0xD6,0x03,0x00,0x01,0x48,0x11,0x04,0x12,0xD7,0x03,0x00,
  0x03,0x30,0xA1,0x01,0x12,0xD7,0x03,0x00,0x00,0x3C,0xA1,0x01,0xB3,0xD8,0x03,0x00,0x03,0x2B,0xA0,0x01,0xB3,0xD8,0x03,0x00,
  0x00,0x37,0xA0,0x01,0x53,0xDA,0x03,0x00,0x01,0x24,0xA1,0x01,0x53,0xDA,0x03,0x00,0x03,0x30,0xA1,0x01,0x53,0xDA,0x03,0x00,
  0x02,0x48,0xA1,0x01,0x53,0xDA,0x03,0x00,0x04,0x4C,0xA1,0x01,0x53,0xDA,0x03,0x00,0x00,0x4F,0xA1,0x01,0x53,0xDA,0x03,0x00,
  0x01,0x54,0xA1,0x01,
};

const EmbeddedSong EMBEDDED_SONGS[] = {
  {"Eine kleine Nachtmusik", song_Eine_kleine_Nachtmusik, sizeof(song_Eine_kleine_Nachtmusik)},
  {"Fur Elise", song_Fur_Elise, sizeof(song_Fur_Elise)},
  {"Greensleeves", song_Greensleeves, sizeof(song_Greensleeves)},
  {"Gymnopedie No 1", song_Gymnopedie_No_1, sizeof(song_Gymnopedie_No_1)},
  {"Invention No 8", song_Invention_No_8, sizeof(song_Invention_No_8)},
  {"Maple Leaf Rag", song_Maple_Leaf_Rag, sizeof(song_Maple_Leaf_Rag)},
  {"Minuet in G", song_Minuet_in_G, sizeof(song_Minuet_in_G)},
  {"Mountain King", song_Mountain_King, sizeof(song_Mountain_King)},
  {"Ode to Joy", song_Ode_to_Joy, sizeof(song_Ode_to_Joy)},
  {"Rondo alla Turca", song_Rondo_alla_Turca, sizeof(song_Rondo_alla_Turca)},
  {"The Entertainer", song_The_Entertainer, sizeof(song_The_Entertainer)},
};
const size_t EMBEDDED_SONG_COUNT = sizeof(EMBEDDED_SONGS) / sizeof(EMBEDDED_SONGS[0]);
